timestamp,venue,sku,available,quoted_usd_per_hour_min,quoted_usd_per_hour_max,source_file
2026-08-19T10:59:30+02:00,RunPod,8x A100-SXM4-80GB,0,,,out/capacity.log
2026-08-19T10:59:51+02:00,RunPod,8x H100-80GB-HBM3,0,,,out/capacity.log
2026-08-19T11:05:18+02:00,RunPod,8x A100-SXM4-80GB,0,,,out/capacity.log
2026-08-19T11:05:39+02:00,RunPod,8x H100-80GB-HBM3,0,,,out/capacity.log
2026-08-19T11:11:01+02:00,RunPod,8x A100-SXM4-80GB,0,,,out/capacity.log
2026-08-19T11:11:22+02:00,RunPod,8x H100-80GB-HBM3,0,,,out/capacity.log
2026-08-19T11:16:43+02:00,RunPod,8x A100-SXM4-80GB,0,,,out/capacity.log
2026-08-19T11:17:05+02:00,RunPod,8x H100-80GB-HBM3,0,,,out/capacity.log
2026-08-19T11:22:26+02:00,RunPod,8x A100-SXM4-80GB,0,,,out/capacity.log
2026-08-19T11:22:47+02:00,RunPod,8x H100-80GB-HBM3,0,,,out/capacity.log
2026-08-19T11:28:09+02:00,RunPod,8x A100-SXM4-80GB,0,,,out/capacity.log
2026-08-19T11:28:30+02:00,RunPod,8x H100-80GB-HBM3,0,,,out/capacity.log
2026-08-19T11:33:52+02:00,RunPod,8x A100-SXM4-80GB,0,,,out/capacity.log
2026-08-19T11:34:14+02:00,RunPod,8x H100-80GB-HBM3,0,,,out/capacity.log
2026-08-19T11:39:36+02:00,RunPod,8x A100-SXM4-80GB,0,,,out/capacity.log
2026-08-19T11:39:58+02:00,RunPod,8x H100-80GB-HBM3,0,,,out/capacity.log
2026-08-19T11:45:20+02:00,RunPod,8x A100-SXM4-80GB,0,,,out/capacity.log
2026-08-19T11:45:43+02:00,RunPod,8x H100-80GB-HBM3,0,,,out/capacity.log
2026-08-19T11:51:05+02:00,RunPod,8x A100-SXM4-80GB,0,,,out/capacity.log
2026-08-19T11:51:27+02:00,RunPod,8x H100-80GB-HBM3,0,,,out/capacity.log
2026-08-19T11:56:49+02:00,RunPod,8x A100-SXM4-80GB,0,,,out/capacity.log
2026-08-19T11:57:11+02:00,RunPod,8x H100-80GB-HBM3,0,,,out/capacity.log
2026-08-19T12:02:34+02:00,RunPod,8x A100-SXM4-80GB,0,,,out/capacity.log
2026-08-19T12:02:56+02:00,RunPod,8x H100-80GB-HBM3,0,,,out/capacity.log
2026-08-19T12:08:18+02:00,RunPod,8x A100-SXM4-80GB,0,,,out/capacity.log
2026-08-19T12:08:40+02:00,RunPod,8x H100-80GB-HBM3,0,,,out/capacity.log
2026-08-19T12:14:02+02:00,RunPod,8x A100-SXM4-80GB,0,,,out/capacity.log
2026-08-19T12:14:24+02:00,RunPod,8x H100-80GB-HBM3,0,,,out/capacity.log
2026-08-19T12:19:46+02:00,RunPod,8x A100-SXM4-80GB,0,,,out/capacity.log
2026-08-19T12:20:09+02:00,RunPod,8x H100-80GB-HBM3,0,,,out/capacity.log
2026-08-19T12:25:30+02:00,RunPod,8x A100-SXM4-80GB,0,,,out/capacity.log
2026-08-19T12:25:52+02:00,RunPod,8x H100-80GB-HBM3,0,,,out/capacity.log
2026-08-19T12:31:14+02:00,RunPod,8x A100-SXM4-80GB,0,,,out/capacity.log
2026-08-19T12:31:36+02:00,RunPod,8x H100-80GB-HBM3,0,,,out/capacity.log
2026-08-19T12:36:58+02:00,RunPod,8x A100-SXM4-80GB,0,,,out/capacity.log
2026-08-19T12:37:21+02:00,RunPod,8x H100-80GB-HBM3,0,,,out/capacity.log
2026-08-19T12:42:43+02:00,RunPod,8x A100-SXM4-80GB,0,,,out/capacity.log
2026-08-19T12:43:05+02:00,RunPod,8x H100-80GB-HBM3,0,,,out/capacity.log
2026-08-19T12:48:27+02:00,RunPod,8x A100-SXM4-80GB,0,,,out/capacity.log
2026-08-19T12:48:49+02:00,RunPod,8x H100-80GB-HBM3,0,,,out/capacity.log
2026-08-19T12:54:10+02:00,RunPod,8x A100-SXM4-80GB,0,,,out/capacity.log
2026-08-19T12:54:32+02:00,RunPod,8x H100-80GB-HBM3,0,,,out/capacity.log
2026-08-19T12:59:53+02:00,RunPod,8x A100-SXM4-80GB,0,,,out/capacity.log
2026-08-19T13:00:14+02:00,RunPod,8x H100-80GB-HBM3,0,,,out/capacity.log
2026-08-19T13:05:36+02:00,RunPod,8x A100-SXM4-80GB,0,,,out/capacity.log
2026-08-19T13:05:57+02:00,RunPod,8x H100-80GB-HBM3,0,,,out/capacity.log
2026-08-19T13:11:19+02:00,RunPod,8x A100-SXM4-80GB,0,,,out/capacity.log
2026-08-19T13:11:40+02:00,RunPod,8x H100-80GB-HBM3,0,,,out/capacity.log
2026-08-19T13:17:01+02:00,RunPod,8x A100-SXM4-80GB,0,,,out/capacity.log
2026-08-19T13:17:24+02:00,RunPod,8x H100-80GB-HBM3,0,,,out/capacity.log
2026-08-19T13:22:44+02:00,RunPod,8x A100-SXM4-80GB,0,,,out/capacity.log
2026-08-19T13:23:06+02:00,RunPod,8x H100-80GB-HBM3,0,,,out/capacity.log
2026-08-19T13:28:27+02:00,RunPod,8x A100-SXM4-80GB,0,,,out/capacity.log
2026-08-19T13:28:48+02:00,RunPod,8x H100-80GB-HBM3,1,21.52,26.32,out/capacity.log
2026-08-19T13:34:10+02:00,RunPod,8x A100-SXM4-80GB,0,,,out/capacity.log
2026-08-19T13:34:32+02:00,RunPod,8x H100-80GB-HBM3,1,21.52,26.32,out/capacity.log
2026-08-19T13:39:53+02:00,RunPod,8x A100-SXM4-80GB,0,,,out/capacity.log
2026-08-19T13:40:19+02:00,RunPod,8x H100-80GB-HBM3,0,,,out/capacity.log
2026-08-19T13:45:41+02:00,RunPod,8x A100-SXM4-80GB,0,,,out/capacity.log
2026-08-19T13:46:02+02:00,RunPod,8x H100-80GB-HBM3,0,,,out/capacity.log
2026-08-19T13:51:24+02:00,RunPod,8x A100-SXM4-80GB,0,,,out/capacity.log
2026-08-19T13:51:45+02:00,RunPod,8x H100-80GB-HBM3,0,,,out/capacity.log
2026-08-19T13:57:06+02:00,RunPod,8x A100-SXM4-80GB,0,,,out/capacity.log
2026-08-19T13:57:27+02:00,RunPod,8x H100-80GB-HBM3,0,,,out/capacity.log
2026-08-19T14:02:48+02:00,RunPod,8x A100-SXM4-80GB,0,,,out/capacity.log
2026-08-19T14:03:10+02:00,RunPod,8x H100-80GB-HBM3,0,,,out/capacity.log
2026-08-19T14:08:31+02:00,RunPod,8x A100-SXM4-80GB,0,,,out/capacity.log
2026-08-19T14:08:53+02:00,RunPod,8x H100-80GB-HBM3,1,21.52,26.32,out/capacity.log
2026-08-19T14:14:14+02:00,RunPod,8x A100-SXM4-80GB,0,,,out/capacity.log
2026-08-19T14:14:35+02:00,RunPod,8x H100-80GB-HBM3,0,,,out/capacity.log
2026-08-19T14:19:57+02:00,RunPod,8x A100-SXM4-80GB,0,,,out/capacity.log
2026-08-19T14:20:18+02:00,RunPod,8x H100-80GB-HBM3,0,,,out/capacity.log
2026-08-19T14:25:40+02:00,RunPod,8x A100-SXM4-80GB,0,,,out/capacity.log
2026-08-19T14:26:01+02:00,RunPod,8x H100-80GB-HBM3,0,,,out/capacity.log
2026-08-19T14:31:23+02:00,RunPod,8x A100-SXM4-80GB,0,,,out/capacity.log
2026-08-19T14:31:44+02:00,RunPod,8x H100-80GB-HBM3,0,,,out/capacity.log
2026-08-19T14:37:05+02:00,RunPod,8x A100-SXM4-80GB,0,,,out/capacity.log
2026-08-19T14:37:26+02:00,RunPod,8x H100-80GB-HBM3,0,,,out/capacity.log
2026-08-19T14:42:48+02:00,RunPod,8x A100-SXM4-80GB,0,,,out/capacity.log
2026-08-19T14:43:09+02:00,RunPod,8x H100-80GB-HBM3,1,21.52,26.32,out/capacity.log
2026-08-19T14:48:30+02:00,RunPod,8x A100-SXM4-80GB,0,,,out/capacity.log
2026-08-19T14:48:52+02:00,RunPod,8x H100-80GB-HBM3,1,21.52,26.32,out/capacity.log
2026-08-19T14:54:13+02:00,RunPod,8x A100-SXM4-80GB,0,,,out/capacity.log
2026-08-19T14:54:35+02:00,RunPod,8x H100-80GB-HBM3,0,,,out/capacity.log
2026-08-19T14:59:56+02:00,RunPod,8x A100-SXM4-80GB,0,,,out/capacity.log
2026-08-19T15:00:18+02:00,RunPod,8x H100-80GB-HBM3,0,,,out/capacity.log
2026-08-19T15:05:39+02:00,RunPod,8x A100-SXM4-80GB,0,,,out/capacity.log
2026-08-19T15:06:01+02:00,RunPod,8x H100-80GB-HBM3,0,,,out/capacity.log
2026-08-19T15:11:22+02:00,RunPod,8x A100-SXM4-80GB,0,,,out/capacity.log
2026-08-19T15:11:44+02:00,RunPod,8x H100-80GB-HBM3,0,,,out/capacity.log
2026-08-19T15:17:06+02:00,RunPod,8x A100-SXM4-80GB,0,,,out/capacity.log
2026-08-19T15:17:27+02:00,RunPod,8x H100-80GB-HBM3,0,,,out/capacity.log
2026-08-19T15:22:49+02:00,RunPod,8x A100-SXM4-80GB,0,,,out/capacity.log
2026-08-19T15:23:10+02:00,RunPod,8x H100-80GB-HBM3,0,,,out/capacity.log
2026-08-19T15:28:32+02:00,RunPod,8x A100-SXM4-80GB,0,,,out/capacity.log
2026-08-19T15:28:53+02:00,RunPod,8x H100-80GB-HBM3,0,,,out/capacity.log
2026-08-19T15:34:15+02:00,RunPod,8x A100-SXM4-80GB,0,,,out/capacity.log
2026-08-19T15:34:37+02:00,RunPod,8x H100-80GB-HBM3,0,,,out/capacity.log
2026-08-19T15:39:59+02:00,RunPod,8x A100-SXM4-80GB,0,,,out/capacity.log
2026-08-19T15:40:21+02:00,RunPod,8x H100-80GB-HBM3,0,,,out/capacity.log
2026-08-19T15:45:43+02:00,RunPod,8x A100-SXM4-80GB,0,,,out/capacity.log
2026-08-19T15:46:04+02:00,RunPod,8x H100-80GB-HBM3,0,,,out/capacity.log
2026-08-19T15:51:26+02:00,RunPod,8x A100-SXM4-80GB,0,,,out/capacity.log
2026-08-19T15:51:48+02:00,RunPod,8x H100-80GB-HBM3,0,,,out/capacity.log
2026-08-19T15:57:09+02:00,RunPod,8x A100-SXM4-80GB,0,,,out/capacity.log
2026-08-19T15:57:31+02:00,RunPod,8x H100-80GB-HBM3,0,,,out/capacity.log
2026-08-19T16:02:53+02:00,RunPod,8x A100-SXM4-80GB,0,,,out/capacity.log
2026-08-19T16:03:15+02:00,RunPod,8x H100-80GB-HBM3,0,,,out/capacity.log
2026-08-19T16:08:37+02:00,RunPod,8x A100-SXM4-80GB,0,,,out/capacity.log
2026-08-19T16:08:58+02:00,RunPod,8x H100-80GB-HBM3,0,,,out/capacity.log
2026-08-19T16:14:19+02:00,RunPod,8x A100-SXM4-80GB,0,,,out/capacity.log
2026-08-19T16:14:41+02:00,RunPod,8x H100-80GB-HBM3,0,,,out/capacity.log
2026-08-19T16:20:03+02:00,RunPod,8x A100-SXM4-80GB,0,,,out/capacity.log
2026-08-19T16:20:25+02:00,RunPod,8x H100-80GB-HBM3,0,,,out/capacity.log
2026-08-19T16:25:47+02:00,RunPod,8x A100-SXM4-80GB,0,,,out/capacity.log
2026-08-19T16:26:08+02:00,RunPod,8x H100-80GB-HBM3,0,,,out/capacity.log
2026-08-19T16:31:30+02:00,RunPod,8x A100-SXM4-80GB,0,,,out/capacity.log
2026-08-19T16:31:52+02:00,RunPod,8x H100-80GB-HBM3,0,,,out/capacity.log
2026-08-19T16:37:13+02:00,RunPod,8x A100-SXM4-80GB,0,,,out/capacity.log
2026-08-19T16:37:35+02:00,RunPod,8x H100-80GB-HBM3,0,,,out/capacity.log
2026-08-19T16:42:57+02:00,RunPod,8x A100-SXM4-80GB,0,,,out/capacity.log
2026-08-19T16:43:18+02:00,RunPod,8x H100-80GB-HBM3,0,,,out/capacity.log
2026-08-19T16:48:40+02:00,RunPod,8x A100-SXM4-80GB,0,,,out/capacity.log
2026-08-19T16:49:02+02:00,RunPod,8x H100-80GB-HBM3,1,21.52,26.32,out/capacity.log
2026-08-19T16:54:23+02:00,RunPod,8x A100-SXM4-80GB,0,,,out/capacity.log
2026-08-19T16:54:45+02:00,RunPod,8x H100-80GB-HBM3,1,21.52,26.32,out/capacity.log
2026-08-19T17:00:06+02:00,RunPod,8x A100-SXM4-80GB,0,,,out/capacity.log
2026-08-19T17:00:28+02:00,RunPod,8x H100-80GB-HBM3,1,21.52,26.32,out/capacity.log
2026-08-19T17:05:49+02:00,RunPod,8x A100-SXM4-80GB,0,,,out/capacity.log
2026-08-19T17:06:11+02:00,RunPod,8x H100-80GB-HBM3,1,21.52,26.32,out/capacity.log
2026-08-19T17:11:33+02:00,RunPod,8x A100-SXM4-80GB,0,,,out/capacity.log
2026-08-19T17:11:54+02:00,RunPod,8x H100-80GB-HBM3,0,,,out/capacity.log
2026-08-19T17:17:16+02:00,RunPod,8x A100-SXM4-80GB,0,,,out/capacity.log
2026-08-19T17:17:37+02:00,RunPod,8x H100-80GB-HBM3,0,,,out/capacity.log
2026-08-19T17:22:58+02:00,RunPod,8x A100-SXM4-80GB,0,,,out/capacity.log
2026-08-19T17:23:20+02:00,RunPod,8x H100-80GB-HBM3,0,,,out/capacity.log
2026-08-19T17:28:41+02:00,RunPod,8x A100-SXM4-80GB,0,,,out/capacity.log
2026-08-19T17:29:03+02:00,RunPod,8x H100-80GB-HBM3,0,,,out/capacity.log
2026-08-19T17:34:24+02:00,RunPod,8x A100-SXM4-80GB,0,,,out/capacity.log
2026-08-19T17:34:46+02:00,RunPod,8x H100-80GB-HBM3,0,,,out/capacity.log
2026-08-19T17:40:11+02:00,RunPod,8x A100-SXM4-80GB,0,,,out/capacity.log
2026-08-19T17:40:32+02:00,RunPod,8x H100-80GB-HBM3,0,,,out/capacity.log
2026-08-19T17:45:53+02:00,RunPod,8x A100-SXM4-80GB,0,,,out/capacity.log
2026-08-19T17:46:15+02:00,RunPod,8x H100-80GB-HBM3,0,,,out/capacity.log
2026-08-19T17:51:36+02:00,RunPod,8x A100-SXM4-80GB,0,,,out/capacity.log
2026-08-19T17:51:57+02:00,RunPod,8x H100-80GB-HBM3,0,,,out/capacity.log
2026-08-19T17:57:24+02:00,RunPod,8x A100-SXM4-80GB,0,,,out/capacity.log
2026-08-19T17:57:46+02:00,RunPod,8x H100-80GB-HBM3,0,,,out/capacity.log
2026-08-19T18:03:07+02:00,RunPod,8x A100-SXM4-80GB,0,,,out/capacity.log
2026-08-19T18:03:28+02:00,RunPod,8x H100-80GB-HBM3,0,,,out/capacity.log
2026-08-19T18:08:50+02:00,RunPod,8x A100-SXM4-80GB,0,,,out/capacity.log
2026-08-19T18:09:11+02:00,RunPod,8x H100-80GB-HBM3,0,,,out/capacity.log
2026-08-19T18:14:33+02:00,RunPod,8x A100-SXM4-80GB,0,,,out/capacity.log
2026-08-19T18:14:54+02:00,RunPod,8x H100-80GB-HBM3,0,,,out/capacity.log
2026-08-19T18:20:16+02:00,RunPod,8x A100-SXM4-80GB,0,,,out/capacity.log
2026-08-19T18:20:37+02:00,RunPod,8x H100-80GB-HBM3,0,,,out/capacity.log
2026-08-19T18:25:59+02:00,RunPod,8x A100-SXM4-80GB,0,,,out/capacity.log
2026-08-19T18:26:20+02:00,RunPod,8x H100-80GB-HBM3,1,21.52,26.32,out/capacity.log
2026-08-19T18:31:45+02:00,RunPod,8x A100-SXM4-80GB,0,,,out/capacity.log
2026-08-19T18:32:06+02:00,RunPod,8x H100-80GB-HBM3,0,,,out/capacity.log
2026-08-19T18:37:33+02:00,RunPod,8x A100-SXM4-80GB,0,,,out/capacity.log
2026-08-19T18:37:55+02:00,RunPod,8x H100-80GB-HBM3,0,,,out/capacity.log
2026-08-19T18:43:17+02:00,RunPod,8x A100-SXM4-80GB,0,,,out/capacity.log
2026-08-19T18:43:38+02:00,RunPod,8x H100-80GB-HBM3,0,,,out/capacity.log
2026-08-19T18:48:59+02:00,RunPod,8x A100-SXM4-80GB,0,,,out/capacity.log
2026-08-19T18:49:21+02:00,RunPod,8x H100-80GB-HBM3,0,,,out/capacity.log
2026-08-19T18:54:42+02:00,RunPod,8x A100-SXM4-80GB,0,,,out/capacity.log
2026-08-19T18:55:04+02:00,RunPod,8x H100-80GB-HBM3,0,,,out/capacity.log
2026-08-19T19:00:26+02:00,RunPod,8x A100-SXM4-80GB,0,,,out/capacity.log
2026-08-19T19:00:48+02:00,RunPod,8x H100-80GB-HBM3,1,21.52,26.32,out/capacity.log
2026-08-19T19:06:10+02:00,RunPod,8x A100-SXM4-80GB,0,,,out/capacity.log
2026-08-19T19:06:32+02:00,RunPod,8x H100-80GB-HBM3,1,21.52,26.32,out/capacity.log
2026-08-19T19:11:55+02:00,RunPod,8x A100-SXM4-80GB,0,,,out/capacity.log
2026-08-19T19:12:17+02:00,RunPod,8x H100-80GB-HBM3,0,,,out/capacity.log
2026-08-19T19:17:40+02:00,RunPod,8x A100-SXM4-80GB,0,,,out/capacity.log
2026-08-19T19:18:02+02:00,RunPod,8x H100-80GB-HBM3,0,,,out/capacity.log
2026-08-19T19:23:27+02:00,RunPod,8x A100-SXM4-80GB,0,,,out/capacity.log
2026-08-19T19:23:50+02:00,RunPod,8x H100-80GB-HBM3,0,,,out/capacity.log
2026-08-19T19:29:12+02:00,RunPod,8x A100-SXM4-80GB,0,,,out/capacity.log
2026-08-19T19:29:35+02:00,RunPod,8x H100-80GB-HBM3,0,,,out/capacity.log
2026-08-19T19:34:57+02:00,RunPod,8x A100-SXM4-80GB,0,,,out/capacity.log
2026-08-19T19:35:20+02:00,RunPod,8x H100-80GB-HBM3,0,,,out/capacity.log
2026-08-19T19:40:44+02:00,RunPod,8x A100-SXM4-80GB,0,,,out/capacity.log
2026-08-19T19:41:07+02:00,RunPod,8x H100-80GB-HBM3,0,,,out/capacity.log
2026-08-19T19:46:30+02:00,RunPod,8x A100-SXM4-80GB,0,,,out/capacity.log
2026-08-19T19:46:53+02:00,RunPod,8x H100-80GB-HBM3,1,21.52,26.32,out/capacity.log
2026-08-19T19:52:15+02:00,RunPod,8x A100-SXM4-80GB,1,11.12,12.72,out/capacity.log
2026-08-19T19:52:38+02:00,RunPod,8x H100-80GB-HBM3,1,21.52,26.32,out/capacity.log
2026-08-19T19:58:01+02:00,RunPod,8x A100-SXM4-80GB,1,11.12,12.72,out/capacity.log
2026-08-19T19:58:24+02:00,RunPod,8x H100-80GB-HBM3,1,21.52,26.32,out/capacity.log
2026-08-19T20:03:47+02:00,RunPod,8x A100-SXM4-80GB,1,11.12,12.72,out/capacity.log
2026-08-19T20:04:11+02:00,RunPod,8x H100-80GB-HBM3,1,21.52,26.32,out/capacity.log
2026-08-19T20:09:33+02:00,RunPod,8x A100-SXM4-80GB,0,,,out/capacity.log
2026-08-19T20:09:56+02:00,RunPod,8x H100-80GB-HBM3,1,21.52,26.32,out/capacity.log
2026-08-19T20:15:23+02:00,RunPod,8x A100-SXM4-80GB,0,,,out/capacity.log
2026-08-19T20:15:46+02:00,RunPod,8x H100-80GB-HBM3,0,,,out/capacity.log
2026-08-19T20:21:09+02:00,RunPod,8x A100-SXM4-80GB,0,,,out/capacity.log
2026-08-19T20:21:31+02:00,RunPod,8x H100-80GB-HBM3,1,21.52,26.32,out/capacity.log
2026-08-19T20:26:54+02:00,RunPod,8x A100-SXM4-80GB,0,,,out/capacity.log
2026-08-19T20:27:17+02:00,RunPod,8x H100-80GB-HBM3,0,,,out/capacity.log
2026-08-19T20:32:40+02:00,RunPod,8x A100-SXM4-80GB,0,,,out/capacity.log
2026-08-19T20:33:03+02:00,RunPod,8x H100-80GB-HBM3,0,,,out/capacity.log
2026-08-19T20:38:26+02:00,RunPod,8x A100-SXM4-80GB,0,,,out/capacity.log
2026-08-19T20:38:48+02:00,RunPod,8x H100-80GB-HBM3,0,,,out/capacity.log
2026-08-19T20:44:11+02:00,RunPod,8x A100-SXM4-80GB,0,,,out/capacity.log
2026-08-19T20:44:34+02:00,RunPod,8x H100-80GB-HBM3,0,,,out/capacity.log
2026-08-19T20:49:57+02:00,RunPod,8x A100-SXM4-80GB,0,,,out/capacity.log
2026-08-19T20:50:19+02:00,RunPod,8x H100-80GB-HBM3,0,,,out/capacity.log
2026-08-19T20:55:42+02:00,RunPod,8x A100-SXM4-80GB,0,,,out/capacity.log
2026-08-19T20:56:05+02:00,RunPod,8x H100-80GB-HBM3,0,,,out/capacity.log
2026-08-19T21:01:28+02:00,RunPod,8x A100-SXM4-80GB,0,,,out/capacity.log
2026-08-19T21:01:51+02:00,RunPod,8x H100-80GB-HBM3,0,,,out/capacity.log
2026-08-19T21:07:13+02:00,RunPod,8x A100-SXM4-80GB,0,,,out/capacity.log
2026-08-19T21:07:36+02:00,RunPod,8x H100-80GB-HBM3,0,,,out/capacity.log
2026-08-19T21:12:59+02:00,RunPod,8x A100-SXM4-80GB,0,,,out/capacity.log
2026-08-19T21:13:22+02:00,RunPod,8x H100-80GB-HBM3,0,,,out/capacity.log
2026-08-19T21:18:44+02:00,RunPod,8x A100-SXM4-80GB,0,,,out/capacity.log
2026-08-19T21:19:07+02:00,RunPod,8x H100-80GB-HBM3,1,21.52,26.32,out/capacity.log
2026-08-19T21:24:30+02:00,RunPod,8x A100-SXM4-80GB,0,,,out/capacity.log
2026-08-19T21:24:52+02:00,RunPod,8x H100-80GB-HBM3,1,21.52,26.32,out/capacity.log
2026-08-19T21:30:14+02:00,RunPod,8x A100-SXM4-80GB,0,,,out/capacity.log
2026-08-19T21:30:37+02:00,RunPod,8x H100-80GB-HBM3,1,21.52,26.32,out/capacity.log
2026-08-19T21:36:00+02:00,RunPod,8x A100-SXM4-80GB,0,,,out/capacity.log
2026-08-19T21:36:23+02:00,RunPod,8x H100-80GB-HBM3,1,21.52,26.32,out/capacity.log
2026-08-19T21:41:46+02:00,RunPod,8x A100-SXM4-80GB,0,,,out/capacity.log
2026-08-19T21:42:14+02:00,RunPod,8x H100-80GB-HBM3,0,,,out/capacity.log
2026-08-19T21:47:37+02:00,RunPod,8x A100-SXM4-80GB,0,,,out/capacity.log
2026-08-19T21:48:00+02:00,RunPod,8x H100-80GB-HBM3,1,21.52,26.32,out/capacity.log
2026-08-19T21:53:22+02:00,RunPod,8x A100-SXM4-80GB,0,,,out/capacity.log
2026-08-19T21:53:45+02:00,RunPod,8x H100-80GB-HBM3,0,,,out/capacity.log
2026-08-19T21:59:08+02:00,RunPod,8x A100-SXM4-80GB,0,,,out/capacity.log
2026-08-19T21:59:31+02:00,RunPod,8x H100-80GB-HBM3,0,,,out/capacity.log
2026-08-19T22:04:54+02:00,RunPod,8x A100-SXM4-80GB,0,,,out/capacity.log
2026-08-19T22:05:17+02:00,RunPod,8x H100-80GB-HBM3,0,,,out/capacity.log
2026-08-19T22:10:39+02:00,RunPod,8x A100-SXM4-80GB,0,,,out/capacity.log
2026-08-19T22:11:02+02:00,RunPod,8x H100-80GB-HBM3,1,21.52,26.32,out/capacity.log
2026-08-19T22:16:25+02:00,RunPod,8x A100-SXM4-80GB,0,,,out/capacity.log
2026-08-19T22:16:47+02:00,RunPod,8x H100-80GB-HBM3,1,21.52,26.32,out/capacity.log
2026-08-19T22:22:10+02:00,RunPod,8x A100-SXM4-80GB,0,,,out/capacity.log
2026-08-19T22:22:32+02:00,RunPod,8x H100-80GB-HBM3,0,,,out/capacity.log
2026-08-19T22:27:55+02:00,RunPod,8x A100-SXM4-80GB,0,,,out/capacity.log
2026-08-19T22:28:18+02:00,RunPod,8x H100-80GB-HBM3,0,,,out/capacity.log
2026-08-19T22:33:40+02:00,RunPod,8x A100-SXM4-80GB,0,,,out/capacity.log
2026-08-19T22:34:03+02:00,RunPod,8x H100-80GB-HBM3,1,21.52,26.32,out/capacity.log
2026-08-19T22:39:25+02:00,RunPod,8x A100-SXM4-80GB,0,,,out/capacity.log
2026-08-19T22:39:48+02:00,RunPod,8x H100-80GB-HBM3,1,21.52,26.32,out/capacity.log
2026-08-19T22:45:10+02:00,RunPod,8x A100-SXM4-80GB,0,,,out/capacity.log
2026-08-19T22:45:33+02:00,RunPod,8x H100-80GB-HBM3,1,21.52,26.32,out/capacity.log
2026-08-19T22:50:56+02:00,RunPod,8x A100-SXM4-80GB,0,,,out/capacity.log
2026-08-19T22:51:19+02:00,RunPod,8x H100-80GB-HBM3,1,21.52,26.32,out/capacity.log
2026-08-19T22:56:41+02:00,RunPod,8x A100-SXM4-80GB,0,,,out/capacity.log
2026-08-19T22:57:04+02:00,RunPod,8x H100-80GB-HBM3,0,,,out/capacity.log
2026-08-19T23:02:27+02:00,RunPod,8x A100-SXM4-80GB,0,,,out/capacity.log
2026-08-19T23:02:49+02:00,RunPod,8x H100-80GB-HBM3,0,,,out/capacity.log
2026-08-19T23:08:11+02:00,RunPod,8x A100-SXM4-80GB,0,,,out/capacity.log
2026-08-19T23:08:33+02:00,RunPod,8x H100-80GB-HBM3,0,,,out/capacity.log
2026-08-19T23:13:55+02:00,RunPod,8x A100-SXM4-80GB,0,,,out/capacity.log
2026-08-19T23:14:18+02:00,RunPod,8x H100-80GB-HBM3,0,,,out/capacity.log
2026-08-19T23:19:41+02:00,RunPod,8x A100-SXM4-80GB,0,,,out/capacity.log
2026-08-19T23:20:04+02:00,RunPod,8x H100-80GB-HBM3,0,,,out/capacity.log
2026-08-19T23:25:26+02:00,RunPod,8x A100-SXM4-80GB,0,,,out/capacity.log
2026-08-19T23:25:49+02:00,RunPod,8x H100-80GB-HBM3,0,,,out/capacity.log
2026-08-19T23:31:11+02:00,RunPod,8x A100-SXM4-80GB,0,,,out/capacity.log
2026-08-19T23:31:34+02:00,RunPod,8x H100-80GB-HBM3,0,,,out/capacity.log
2026-08-19T23:36:56+02:00,RunPod,8x A100-SXM4-80GB,0,,,out/capacity.log
2026-08-19T23:37:19+02:00,RunPod,8x H100-80GB-HBM3,1,21.52,26.32,out/capacity.log
2026-08-19T23:42:42+02:00,RunPod,8x A100-SXM4-80GB,0,,,out/capacity.log
2026-08-19T23:43:05+02:00,RunPod,8x H100-80GB-HBM3,1,21.52,26.32,out/capacity.log
2026-08-19T23:48:27+02:00,RunPod,8x A100-SXM4-80GB,0,,,out/capacity.log
2026-08-19T23:48:50+02:00,RunPod,8x H100-80GB-HBM3,0,,,out/capacity.log
2026-08-19T23:54:12+02:00,RunPod,8x A100-SXM4-80GB,0,,,out/capacity.log
2026-08-19T23:54:35+02:00,RunPod,8x H100-80GB-HBM3,0,,,out/capacity.log
2026-08-21T09:04:46+02:00,RunPod,8x A100-SXM4-80GB,0,,,out/capacity.log
2026-08-21T09:05:08+02:00,RunPod,8x H100-80GB-HBM3,1,21.52,26.32,out/capacity.log
2026-08-21T09:10:30+02:00,RunPod,8x A100-SXM4-80GB,0,,,out/capacity.log
2026-08-21T09:10:52+02:00,RunPod,8x H100-80GB-HBM3,1,21.52,26.32,out/capacity.log
2026-08-21T09:16:14+02:00,RunPod,8x A100-SXM4-80GB,0,,,out/capacity.log
2026-08-21T09:16:36+02:00,RunPod,8x H100-80GB-HBM3,1,21.52,26.32,out/capacity.log
2026-08-21T09:21:58+02:00,RunPod,8x A100-SXM4-80GB,0,,,out/capacity.log
2026-08-21T09:22:20+02:00,RunPod,8x H100-80GB-HBM3,1,21.52,26.32,out/capacity.log
2026-08-21T09:27:42+02:00,RunPod,8x A100-SXM4-80GB,0,,,out/capacity.log
2026-08-21T09:28:04+02:00,RunPod,8x H100-80GB-HBM3,1,21.52,26.32,out/capacity.log
2026-08-21T09:33:26+02:00,RunPod,8x A100-SXM4-80GB,0,,,out/capacity.log
2026-08-21T09:33:48+02:00,RunPod,8x H100-80GB-HBM3,1,21.52,26.32,out/capacity.log
2026-08-21T09:39:10+02:00,RunPod,8x A100-SXM4-80GB,0,,,out/capacity.log
2026-08-21T09:39:32+02:00,RunPod,8x H100-80GB-HBM3,1,21.52,26.32,out/capacity.log
2026-08-21T09:44:54+02:00,RunPod,8x A100-SXM4-80GB,0,,,out/capacity.log
2026-08-21T09:45:16+02:00,RunPod,8x H100-80GB-HBM3,0,,,out/capacity.log
2026-08-21T09:49:39+02:00,RunPod,8x A100-SXM4-80GB,0,,,out/capacity.log
2026-08-21T09:50:01+02:00,RunPod,8x H100-80GB-HBM3,0,,,out/capacity.log
2026-08-21T09:50:02+02:00,Prime Intellect,8x A100-80GB SXM4,1,22.32,22.4,out/capacity.log
2026-08-21T09:55:24+02:00,RunPod,8x A100-SXM4-80GB,0,,,out/capacity.log
2026-08-21T09:55:46+02:00,RunPod,8x H100-80GB-HBM3,0,,,out/capacity.log
2026-08-21T09:55:46+02:00,Prime Intellect,8x A100-80GB SXM4,1,22.32,22.4,out/capacity.log
2026-08-21T10:01:09+02:00,RunPod,8x A100-SXM4-80GB,0,,,out/capacity.log
2026-08-21T10:01:30+02:00,RunPod,8x H100-80GB-HBM3,0,,,out/capacity.log
2026-08-21T10:01:31+02:00,Prime Intellect,8x A100-80GB SXM4,1,22.32,22.4,out/capacity.log
2026-08-21T10:06:53+02:00,RunPod,8x A100-SXM4-80GB,0,,,out/capacity.log
2026-08-21T10:07:15+02:00,RunPod,8x H100-80GB-HBM3,0,,,out/capacity.log
2026-08-21T10:07:15+02:00,Prime Intellect,8x A100-80GB SXM4,1,22.32,22.4,out/capacity.log
2026-08-21T10:12:37+02:00,RunPod,8x A100-SXM4-80GB,0,,,out/capacity.log
2026-08-21T10:12:59+02:00,RunPod,8x H100-80GB-HBM3,0,,,out/capacity.log
2026-08-21T10:13:00+02:00,Prime Intellect,8x A100-80GB SXM4,1,22.32,22.4,out/capacity.log
2026-08-21T10:18:21+02:00,RunPod,8x A100-SXM4-80GB,0,,,out/capacity.log
2026-08-21T10:18:43+02:00,RunPod,8x H100-80GB-HBM3,0,,,out/capacity.log
2026-08-21T10:18:44+02:00,Prime Intellect,8x A100-80GB SXM4,1,22.32,22.4,out/capacity.log
2026-08-21T10:24:07+02:00,RunPod,8x A100-SXM4-80GB,0,,,out/capacity.log
2026-08-21T10:24:31+02:00,RunPod,8x H100-80GB-HBM3,0,,,out/capacity.log
2026-08-21T10:24:31+02:00,Prime Intellect,8x A100-80GB SXM4,1,22.32,22.4,out/capacity.log
2026-08-21T10:29:53+02:00,RunPod,8x A100-SXM4-80GB,0,,,out/capacity.log
2026-08-21T10:30:15+02:00,RunPod,8x H100-80GB-HBM3,0,,,out/capacity.log
2026-08-21T10:30:16+02:00,Prime Intellect,8x A100-80GB SXM4,1,22.32,22.4,out/capacity.log
2026-08-21T10:35:37+02:00,RunPod,8x A100-SXM4-80GB,0,,,out/capacity.log
2026-08-21T10:35:59+02:00,RunPod,8x H100-80GB-HBM3,0,,,out/capacity.log
2026-08-21T10:36:00+02:00,Prime Intellect,8x A100-80GB SXM4,1,22.32,22.4,out/capacity.log
2026-08-21T10:41:22+02:00,RunPod,8x A100-SXM4-80GB,0,,,out/capacity.log
2026-08-21T10:41:44+02:00,RunPod,8x H100-80GB-HBM3,0,,,out/capacity.log
2026-08-21T10:41:44+02:00,Prime Intellect,8x A100-80GB SXM4,1,22.32,22.4,out/capacity.log
2026-08-21T10:47:06+02:00,RunPod,8x A100-SXM4-80GB,0,,,out/capacity.log
2026-08-21T10:47:28+02:00,RunPod,8x H100-80GB-HBM3,0,,,out/capacity.log
2026-08-21T10:47:28+02:00,Prime Intellect,8x A100-80GB SXM4,1,22.32,22.4,out/capacity.log
2026-08-21T10:52:51+02:00,RunPod,8x A100-SXM4-80GB,0,,,out/capacity.log
2026-08-21T10:53:13+02:00,RunPod,8x H100-80GB-HBM3,0,,,out/capacity.log
2026-08-21T10:53:13+02:00,Prime Intellect,8x A100-80GB SXM4,1,22.32,22.4,out/capacity.log
2026-08-21T10:58:35+02:00,RunPod,8x A100-SXM4-80GB,0,,,out/capacity.log
2026-08-21T10:58:57+02:00,RunPod,8x H100-80GB-HBM3,0,,,out/capacity.log
2026-08-21T10:58:57+02:00,Prime Intellect,8x A100-80GB SXM4,1,22.32,22.4,out/capacity.log
2026-08-21T11:04:19+02:00,RunPod,8x A100-SXM4-80GB,0,,,out/capacity.log
2026-08-21T11:04:41+02:00,RunPod,8x H100-80GB-HBM3,0,,,out/capacity.log
2026-08-21T11:04:41+02:00,Prime Intellect,8x A100-80GB SXM4,1,22.32,22.4,out/capacity.log
2026-08-21T11:10:04+02:00,RunPod,8x A100-SXM4-80GB,0,,,out/capacity.log
2026-08-21T11:10:26+02:00,RunPod,8x H100-80GB-HBM3,0,,,out/capacity.log
2026-08-21T11:10:26+02:00,Prime Intellect,8x A100-80GB SXM4,1,22.32,22.4,out/capacity.log
2026-08-21T11:15:48+02:00,RunPod,8x A100-SXM4-80GB,0,,,out/capacity.log
2026-08-21T11:16:10+02:00,RunPod,8x H100-80GB-HBM3,1,21.52,26.32,out/capacity.log
2026-08-21T11:16:10+02:00,Prime Intellect,8x A100-80GB SXM4,1,22.32,22.4,out/capacity.log
2026-08-21T11:21:32+02:00,RunPod,8x A100-SXM4-80GB,0,,,out/capacity.log
2026-08-21T11:21:55+02:00,RunPod,8x H100-80GB-HBM3,1,21.52,26.32,out/capacity.log
2026-08-21T11:21:55+02:00,Prime Intellect,8x A100-80GB SXM4,1,22.32,22.4,out/capacity.log
2026-08-21T11:27:17+02:00,RunPod,8x A100-SXM4-80GB,0,,,out/capacity.log
2026-08-21T11:27:39+02:00,RunPod,8x H100-80GB-HBM3,1,21.52,26.32,out/capacity.log
2026-08-21T11:27:40+02:00,Prime Intellect,8x A100-80GB SXM4,1,22.32,22.4,out/capacity.log
2026-08-21T11:33:01+02:00,RunPod,8x A100-SXM4-80GB,0,,,out/capacity.log
2026-08-21T11:33:23+02:00,RunPod,8x H100-80GB-HBM3,1,21.52,26.32,out/capacity.log
2026-08-21T11:33:24+02:00,Prime Intellect,8x A100-80GB SXM4,1,22.32,22.4,out/capacity.log
2026-08-21T11:38:46+02:00,RunPod,8x A100-SXM4-80GB,0,,,out/capacity.log
2026-08-21T11:39:08+02:00,RunPod,8x H100-80GB-HBM3,1,21.52,26.32,out/capacity.log
2026-08-21T11:39:08+02:00,Prime Intellect,8x A100-80GB SXM4,1,22.32,22.4,out/capacity.log
2026-08-21T11:44:30+02:00,RunPod,8x A100-SXM4-80GB,0,,,out/capacity.log
2026-08-21T11:44:52+02:00,RunPod,8x H100-80GB-HBM3,0,,,out/capacity.log
2026-08-21T11:44:53+02:00,Prime Intellect,8x A100-80GB SXM4,1,22.32,22.4,out/capacity.log
2026-08-21T11:50:15+02:00,RunPod,8x A100-SXM4-80GB,0,,,out/capacity.log
2026-08-21T11:50:37+02:00,RunPod,8x H100-80GB-HBM3,0,,,out/capacity.log
2026-08-21T11:50:38+02:00,Prime Intellect,8x A100-80GB SXM4,1,22.32,22.4,out/capacity.log
2026-08-21T11:56:00+02:00,RunPod,8x A100-SXM4-80GB,0,,,out/capacity.log
2026-08-21T11:56:22+02:00,RunPod,8x H100-80GB-HBM3,0,,,out/capacity.log
2026-08-21T11:56:22+02:00,Prime Intellect,8x A100-80GB SXM4,1,22.32,22.4,out/capacity.log
2026-08-21T12:01:44+02:00,RunPod,8x A100-SXM4-80GB,0,,,out/capacity.log
2026-08-21T12:02:07+02:00,RunPod,8x H100-80GB-HBM3,0,,,out/capacity.log
2026-08-21T12:02:07+02:00,Prime Intellect,8x A100-80GB SXM4,1,22.32,22.4,out/capacity.log
2026-08-21T12:07:29+02:00,RunPod,8x A100-SXM4-80GB,0,,,out/capacity.log
2026-08-21T12:07:50+02:00,RunPod,8x H100-80GB-HBM3,1,21.52,26.32,out/capacity.log
2026-08-21T12:07:51+02:00,Prime Intellect,8x A100-80GB SXM4,1,22.32,22.4,out/capacity.log
2026-08-21T12:13:13+02:00,RunPod,8x A100-SXM4-80GB,0,,,out/capacity.log
2026-08-21T12:13:35+02:00,RunPod,8x H100-80GB-HBM3,0,,,out/capacity.log
2026-08-21T12:13:35+02:00,Prime Intellect,8x A100-80GB SXM4,1,22.32,22.4,out/capacity.log
2026-08-21T12:18:57+02:00,RunPod,8x A100-SXM4-80GB,0,,,out/capacity.log
2026-08-21T12:19:19+02:00,RunPod,8x H100-80GB-HBM3,1,21.52,26.32,out/capacity.log
2026-08-21T12:19:19+02:00,Prime Intellect,8x A100-80GB SXM4,1,22.32,22.4,out/capacity.log
2026-08-21T12:24:41+02:00,RunPod,8x A100-SXM4-80GB,0,,,out/capacity.log
2026-08-21T12:25:03+02:00,RunPod,8x H100-80GB-HBM3,1,21.52,26.32,out/capacity.log
2026-08-21T12:25:04+02:00,Prime Intellect,8x A100-80GB SXM4,1,22.32,22.4,out/capacity.log
2026-08-21T12:30:25+02:00,RunPod,8x A100-SXM4-80GB,0,,,out/capacity.log
2026-08-21T12:30:47+02:00,RunPod,8x H100-80GB-HBM3,1,21.52,26.32,out/capacity.log
2026-08-21T12:30:48+02:00,Prime Intellect,8x A100-80GB SXM4,1,22.32,22.4,out/capacity.log
2026-08-21T12:36:10+02:00,RunPod,8x A100-SXM4-80GB,0,,,out/capacity.log
2026-08-21T12:36:32+02:00,RunPod,8x H100-80GB-HBM3,1,21.52,26.32,out/capacity.log
2026-08-21T12:36:33+02:00,Prime Intellect,8x A100-80GB SXM4,1,22.32,22.4,out/capacity.log
2026-08-21T12:41:55+02:00,RunPod,8x A100-SXM4-80GB,0,,,out/capacity.log
2026-08-21T12:42:17+02:00,RunPod,8x H100-80GB-HBM3,0,,,out/capacity.log
2026-08-21T12:42:17+02:00,Prime Intellect,8x A100-80GB SXM4,1,22.32,22.4,out/capacity.log
2026-08-21T12:47:40+02:00,RunPod,8x A100-SXM4-80GB,0,,,out/capacity.log
2026-08-21T12:48:01+02:00,RunPod,8x H100-80GB-HBM3,1,21.52,26.32,out/capacity.log
2026-08-21T12:48:02+02:00,Prime Intellect,8x A100-80GB SXM4,1,22.32,22.4,out/capacity.log
2026-08-21T12:53:24+02:00,RunPod,8x A100-SXM4-80GB,0,,,out/capacity.log
2026-08-21T12:53:47+02:00,RunPod,8x H100-80GB-HBM3,1,21.52,26.32,out/capacity.log
2026-08-21T12:53:47+02:00,Prime Intellect,8x A100-80GB SXM4,1,22.32,22.4,out/capacity.log
2026-08-21T12:59:09+02:00,RunPod,8x A100-SXM4-80GB,0,,,out/capacity.log
2026-08-21T12:59:31+02:00,RunPod,8x H100-80GB-HBM3,1,21.52,26.32,out/capacity.log
2026-08-21T12:59:32+02:00,Prime Intellect,8x A100-80GB SXM4,1,22.32,22.4,out/capacity.log
2026-08-21T13:04:53+02:00,RunPod,8x A100-SXM4-80GB,0,,,out/capacity.log
2026-08-21T13:05:15+02:00,RunPod,8x H100-80GB-HBM3,0,,,out/capacity.log
2026-08-21T13:05:16+02:00,Prime Intellect,8x A100-80GB SXM4,1,22.32,22.4,out/capacity.log
2026-08-21T13:10:37+02:00,RunPod,8x A100-SXM4-80GB,0,,,out/capacity.log
2026-08-21T13:10:59+02:00,RunPod,8x H100-80GB-HBM3,0,,,out/capacity.log
2026-08-21T13:10:59+02:00,Prime Intellect,8x A100-80GB SXM4,1,22.32,22.4,out/capacity.log
2026-08-21T13:16:21+02:00,RunPod,8x A100-SXM4-80GB,0,,,out/capacity.log
2026-08-21T13:16:43+02:00,RunPod,8x H100-80GB-HBM3,0,,,out/capacity.log
2026-08-21T13:16:44+02:00,Prime Intellect,8x A100-80GB SXM4,1,22.32,22.4,out/capacity.log
2026-08-21T13:22:06+02:00,RunPod,8x A100-SXM4-80GB,0,,,out/capacity.log
2026-08-21T13:22:28+02:00,RunPod,8x H100-80GB-HBM3,0,,,out/capacity.log
2026-08-21T13:22:28+02:00,Prime Intellect,8x A100-80GB SXM4,1,22.32,22.4,out/capacity.log
2026-08-21T13:27:50+02:00,RunPod,8x A100-SXM4-80GB,0,,,out/capacity.log
2026-08-21T13:28:12+02:00,RunPod,8x H100-80GB-HBM3,0,,,out/capacity.log
2026-08-21T13:28:12+02:00,Prime Intellect,8x A100-80GB SXM4,1,22.32,22.4,out/capacity.log
2026-08-21T13:33:34+02:00,RunPod,8x A100-SXM4-80GB,0,,,out/capacity.log
2026-08-21T13:33:57+02:00,RunPod,8x H100-80GB-HBM3,0,,,out/capacity.log
2026-08-21T13:33:57+02:00,Prime Intellect,8x A100-80GB SXM4,1,22.32,22.4,out/capacity.log
2026-08-21T13:39:19+02:00,RunPod,8x A100-SXM4-80GB,0,,,out/capacity.log
2026-08-21T13:39:41+02:00,RunPod,8x H100-80GB-HBM3,0,,,out/capacity.log
2026-08-21T13:39:41+02:00,Prime Intellect,8x A100-80GB SXM4,1,22.32,22.4,out/capacity.log
2026-08-21T13:45:03+02:00,RunPod,8x A100-SXM4-80GB,0,,,out/capacity.log
2026-08-21T13:45:25+02:00,RunPod,8x H100-80GB-HBM3,0,,,out/capacity.log
2026-08-21T13:45:25+02:00,Prime Intellect,8x A100-80GB SXM4,1,22.32,22.4,out/capacity.log
2026-08-21T13:50:48+02:00,RunPod,8x A100-SXM4-80GB,0,,,out/capacity.log
2026-08-21T13:51:11+02:00,RunPod,8x H100-80GB-HBM3,0,,,out/capacity.log
2026-08-21T13:51:11+02:00,Prime Intellect,8x A100-80GB SXM4,1,22.32,22.4,out/capacity.log
2026-08-21T13:56:33+02:00,RunPod,8x A100-SXM4-80GB,0,,,out/capacity.log
2026-08-21T13:56:55+02:00,RunPod,8x H100-80GB-HBM3,0,,,out/capacity.log
2026-08-21T13:56:55+02:00,Prime Intellect,8x A100-80GB SXM4,1,22.32,22.4,out/capacity.log
2026-08-21T14:02:18+02:00,RunPod,8x A100-SXM4-80GB,0,,,out/capacity.log
2026-08-21T14:02:40+02:00,RunPod,8x H100-80GB-HBM3,0,,,out/capacity.log
2026-08-21T14:02:40+02:00,Prime Intellect,8x A100-80GB SXM4,1,22.32,22.4,out/capacity.log
2026-08-21T14:08:02+02:00,RunPod,8x A100-SXM4-80GB,0,,,out/capacity.log
2026-08-21T14:08:24+02:00,RunPod,8x H100-80GB-HBM3,0,,,out/capacity.log
2026-08-21T14:08:24+02:00,Prime Intellect,8x A100-80GB SXM4,1,22.32,22.4,out/capacity.log
2026-08-21T14:13:46+02:00,RunPod,8x A100-SXM4-80GB,0,,,out/capacity.log
2026-08-21T14:14:09+02:00,RunPod,8x H100-80GB-HBM3,0,,,out/capacity.log
2026-08-21T14:14:09+02:00,Prime Intellect,8x A100-80GB SXM4,1,22.32,22.4,out/capacity.log
2026-08-21T14:19:31+02:00,RunPod,8x A100-SXM4-80GB,0,,,out/capacity.log
2026-08-21T14:19:53+02:00,RunPod,8x H100-80GB-HBM3,0,,,out/capacity.log
2026-08-21T14:19:53+02:00,Prime Intellect,8x A100-80GB SXM4,1,22.32,22.4,out/capacity.log
2026-08-21T14:25:16+02:00,RunPod,8x A100-SXM4-80GB,0,,,out/capacity.log
2026-08-21T14:25:38+02:00,RunPod,8x H100-80GB-HBM3,0,,,out/capacity.log
2026-08-21T14:25:39+02:00,Prime Intellect,8x A100-80GB SXM4,1,22.32,22.4,out/capacity.log
2026-08-21T14:31:01+02:00,RunPod,8x A100-SXM4-80GB,0,,,out/capacity.log
2026-08-21T14:31:23+02:00,RunPod,8x H100-80GB-HBM3,0,,,out/capacity.log
2026-08-21T14:31:23+02:00,Prime Intellect,8x A100-80GB SXM4,1,22.32,22.4,out/capacity.log
2026-08-21T14:36:46+02:00,RunPod,8x A100-SXM4-80GB,0,,,out/capacity.log
2026-08-21T14:37:08+02:00,RunPod,8x H100-80GB-HBM3,0,,,out/capacity.log
2026-08-21T14:37:08+02:00,Prime Intellect,8x A100-80GB SXM4,1,22.32,22.4,out/capacity.log
2026-08-21T14:42:30+02:00,RunPod,8x A100-SXM4-80GB,0,,,out/capacity.log
2026-08-21T14:42:52+02:00,RunPod,8x H100-80GB-HBM3,0,,,out/capacity.log
2026-08-21T14:42:53+02:00,Prime Intellect,8x A100-80GB SXM4,1,22.32,22.4,out/capacity.log
2026-08-21T14:48:14+02:00,RunPod,8x A100-SXM4-80GB,0,,,out/capacity.log
2026-08-21T14:48:36+02:00,RunPod,8x H100-80GB-HBM3,0,,,out/capacity.log
2026-08-21T14:48:37+02:00,Prime Intellect,8x A100-80GB SXM4,1,22.32,22.4,out/capacity.log
2026-08-21T14:53:59+02:00,RunPod,8x A100-SXM4-80GB,0,,,out/capacity.log
2026-08-21T14:54:21+02:00,RunPod,8x H100-80GB-HBM3,1,21.52,26.32,out/capacity.log
2026-08-21T14:54:22+02:00,Prime Intellect,8x A100-80GB SXM4,1,22.4,22.4,out/capacity.log
2026-08-21T14:59:44+02:00,RunPod,8x A100-SXM4-80GB,0,,,out/capacity.log
2026-08-21T15:00:06+02:00,RunPod,8x H100-80GB-HBM3,1,21.52,26.32,out/capacity.log
2026-08-21T15:00:06+02:00,Prime Intellect,8x A100-80GB SXM4,1,22.4,22.4,out/capacity.log
2026-08-21T15:05:29+02:00,RunPod,8x A100-SXM4-80GB,0,,,out/capacity.log
2026-08-21T15:05:51+02:00,RunPod,8x H100-80GB-HBM3,0,,,out/capacity.log
2026-08-21T15:05:51+02:00,Prime Intellect,8x A100-80GB SXM4,1,22.4,22.4,out/capacity.log
2026-08-21T15:11:13+02:00,RunPod,8x A100-SXM4-80GB,0,,,out/capacity.log
2026-08-21T15:11:36+02:00,RunPod,8x H100-80GB-HBM3,0,,,out/capacity.log
2026-08-21T15:11:36+02:00,Prime Intellect,8x A100-80GB SXM4,1,22.32,22.4,out/capacity.log
2026-08-21T15:16:58+02:00,RunPod,8x A100-SXM4-80GB,0,,,out/capacity.log
2026-08-21T15:17:20+02:00,RunPod,8x H100-80GB-HBM3,1,21.52,26.32,out/capacity.log
2026-08-21T15:17:21+02:00,Prime Intellect,8x A100-80GB SXM4,1,22.32,22.4,out/capacity.log
2026-08-21T15:22:43+02:00,RunPod,8x A100-SXM4-80GB,0,,,out/capacity.log
2026-08-21T15:23:05+02:00,RunPod,8x H100-80GB-HBM3,1,21.52,26.32,out/capacity.log
2026-08-21T15:23:05+02:00,Prime Intellect,8x A100-80GB SXM4,1,22.32,22.4,out/capacity.log
2026-08-21T15:28:28+02:00,RunPod,8x A100-SXM4-80GB,0,,,out/capacity.log
2026-08-21T15:28:50+02:00,RunPod,8x H100-80GB-HBM3,0,,,out/capacity.log
2026-08-21T15:28:50+02:00,Prime Intellect,8x A100-80GB SXM4,1,22.32,22.4,out/capacity.log
2026-08-21T15:34:12+02:00,RunPod,8x A100-SXM4-80GB,0,,,out/capacity.log
2026-08-21T15:34:35+02:00,RunPod,8x H100-80GB-HBM3,0,,,out/capacity.log
2026-08-21T15:34:35+02:00,Prime Intellect,8x A100-80GB SXM4,1,22.32,22.4,out/capacity.log
2026-08-21T15:39:57+02:00,RunPod,8x A100-SXM4-80GB,0,,,out/capacity.log
2026-08-21T15:40:19+02:00,RunPod,8x H100-80GB-HBM3,1,21.52,26.32,out/capacity.log
2026-08-21T15:40:19+02:00,Prime Intellect,8x A100-80GB SXM4,1,22.32,22.4,out/capacity.log
2026-08-21T15:45:42+02:00,RunPod,8x A100-SXM4-80GB,0,,,out/capacity.log
2026-08-21T15:46:05+02:00,RunPod,8x H100-80GB-HBM3,0,,,out/capacity.log
2026-08-21T15:46:05+02:00,Prime Intellect,8x A100-80GB SXM4,1,22.32,22.4,out/capacity.log
2026-08-21T15:51:27+02:00,RunPod,8x A100-SXM4-80GB,0,,,out/capacity.log
2026-08-21T15:51:50+02:00,RunPod,8x H100-80GB-HBM3,0,,,out/capacity.log
2026-08-21T15:51:50+02:00,Prime Intellect,8x A100-80GB SXM4,1,22.32,22.4,out/capacity.log
2026-08-21T15:57:12+02:00,RunPod,8x A100-SXM4-80GB,0,,,out/capacity.log
2026-08-21T15:57:34+02:00,RunPod,8x H100-80GB-HBM3,0,,,out/capacity.log
2026-08-21T15:57:35+02:00,Prime Intellect,8x A100-80GB SXM4,1,22.32,22.4,out/capacity.log
2026-08-21T16:02:57+02:00,RunPod,8x A100-SXM4-80GB,0,,,out/capacity.log
2026-08-21T16:03:20+02:00,RunPod,8x H100-80GB-HBM3,0,,,out/capacity.log
2026-08-21T16:03:21+02:00,Prime Intellect,8x A100-80GB SXM4,1,22.32,22.4,out/capacity.log
2026-08-21T16:08:43+02:00,RunPod,8x A100-SXM4-80GB,0,,,out/capacity.log
2026-08-21T16:09:05+02:00,RunPod,8x H100-80GB-HBM3,0,,,out/capacity.log
2026-08-21T16:09:05+02:00,Prime Intellect,8x A100-80GB SXM4,1,22.32,22.4,out/capacity.log
2026-08-21T16:14:27+02:00,RunPod,8x A100-SXM4-80GB,0,,,out/capacity.log
2026-08-21T16:14:50+02:00,RunPod,8x H100-80GB-HBM3,0,,,out/capacity.log
2026-08-21T16:14:50+02:00,Prime Intellect,8x A100-80GB SXM4,1,22.32,22.4,out/capacity.log
2026-08-21T16:20:12+02:00,RunPod,8x A100-SXM4-80GB,0,,,out/capacity.log
2026-08-21T16:20:34+02:00,RunPod,8x H100-80GB-HBM3,0,,,out/capacity.log
2026-08-21T16:20:34+02:00,Prime Intellect,8x A100-80GB SXM4,1,22.32,22.4,out/capacity.log
2026-08-21T16:25:56+02:00,RunPod,8x A100-SXM4-80GB,0,,,out/capacity.log
2026-08-21T16:26:18+02:00,RunPod,8x H100-80GB-HBM3,0,,,out/capacity.log
2026-08-21T16:26:19+02:00,Prime Intellect,8x A100-80GB SXM4,1,22.32,22.4,out/capacity.log
2026-08-21T16:31:41+02:00,RunPod,8x A100-SXM4-80GB,0,,,out/capacity.log
2026-08-21T16:32:03+02:00,RunPod,8x H100-80GB-HBM3,0,,,out/capacity.log
2026-08-21T16:32:03+02:00,Prime Intellect,8x A100-80GB SXM4,1,22.32,22.4,out/capacity.log
2026-08-21T16:37:26+02:00,RunPod,8x A100-SXM4-80GB,0,,,out/capacity.log
2026-08-21T16:37:48+02:00,RunPod,8x H100-80GB-HBM3,0,,,out/capacity.log
2026-08-21T16:37:48+02:00,Prime Intellect,8x A100-80GB SXM4,1,22.32,22.4,out/capacity.log
2026-08-21T16:43:10+02:00,RunPod,8x A100-SXM4-80GB,0,,,out/capacity.log
2026-08-21T16:43:32+02:00,RunPod,8x H100-80GB-HBM3,0,,,out/capacity.log
2026-08-21T16:43:33+02:00,Prime Intellect,8x A100-80GB SXM4,1,22.32,22.4,out/capacity.log
2026-08-21T16:48:55+02:00,RunPod,8x A100-SXM4-80GB,0,,,out/capacity.log
2026-08-21T16:49:17+02:00,RunPod,8x H100-80GB-HBM3,0,,,out/capacity.log
2026-08-21T16:49:17+02:00,Prime Intellect,8x A100-80GB SXM4,1,22.32,22.4,out/capacity.log
2026-08-21T16:54:39+02:00,RunPod,8x A100-SXM4-80GB,0,,,out/capacity.log
2026-08-21T16:55:01+02:00,RunPod,8x H100-80GB-HBM3,0,,,out/capacity.log
2026-08-21T16:55:02+02:00,Prime Intellect,8x A100-80GB SXM4,1,22.32,22.4,out/capacity.log
2026-08-21T17:00:24+02:00,RunPod,8x A100-SXM4-80GB,0,,,out/capacity.log
2026-08-21T17:00:46+02:00,RunPod,8x H100-80GB-HBM3,0,,,out/capacity.log
2026-08-21T17:00:46+02:00,Prime Intellect,8x A100-80GB SXM4,1,22.32,22.4,out/capacity.log
2026-08-21T17:06:08+02:00,RunPod,8x A100-SXM4-80GB,0,,,out/capacity.log
2026-08-21T17:06:30+02:00,RunPod,8x H100-80GB-HBM3,0,,,out/capacity.log
2026-08-21T17:06:30+02:00,Prime Intellect,8x A100-80GB SXM4,1,22.32,22.4,out/capacity.log
2026-08-21T17:11:52+02:00,RunPod,8x A100-SXM4-80GB,0,,,out/capacity.log
2026-08-21T17:12:14+02:00,RunPod,8x H100-80GB-HBM3,0,,,out/capacity.log
2026-08-21T17:12:15+02:00,Prime Intellect,8x A100-80GB SXM4,1,22.32,22.4,out/capacity.log
2026-08-21T17:17:37+02:00,RunPod,8x A100-SXM4-80GB,0,,,out/capacity.log
2026-08-21T17:17:59+02:00,RunPod,8x H100-80GB-HBM3,0,,,out/capacity.log
2026-08-21T17:18:00+02:00,Prime Intellect,8x A100-80GB SXM4,1,22.32,22.4,out/capacity.log
2026-08-21T17:23:22+02:00,RunPod,8x A100-SXM4-80GB,0,,,out/capacity.log
2026-08-21T17:23:44+02:00,RunPod,8x H100-80GB-HBM3,0,,,out/capacity.log
2026-08-21T17:23:44+02:00,Prime Intellect,8x A100-80GB SXM4,1,22.32,22.4,out/capacity.log
2026-08-21T17:29:06+02:00,RunPod,8x A100-SXM4-80GB,0,,,out/capacity.log
2026-08-21T17:29:28+02:00,RunPod,8x H100-80GB-HBM3,0,,,out/capacity.log
2026-08-21T17:29:28+02:00,Prime Intellect,8x A100-80GB SXM4,1,22.32,22.4,out/capacity.log
2026-08-21T17:34:50+02:00,RunPod,8x A100-SXM4-80GB,0,,,out/capacity.log
2026-08-21T17:35:12+02:00,RunPod,8x H100-80GB-HBM3,0,,,out/capacity.log
2026-08-21T17:35:13+02:00,Prime Intellect,8x A100-80GB SXM4,1,22.32,22.4,out/capacity.log
2026-08-21T17:40:35+02:00,RunPod,8x A100-SXM4-80GB,0,,,out/capacity.log
2026-08-21T17:40:57+02:00,RunPod,8x H100-80GB-HBM3,0,,,out/capacity.log
2026-08-21T17:40:57+02:00,Prime Intellect,8x A100-80GB SXM4,1,22.32,22.4,out/capacity.log
2026-08-21T17:46:19+02:00,RunPod,8x A100-SXM4-80GB,0,,,out/capacity.log
2026-08-21T17:46:41+02:00,RunPod,8x H100-80GB-HBM3,0,,,out/capacity.log
2026-08-21T17:46:41+02:00,Prime Intellect,8x A100-80GB SXM4,1,22.32,22.4,out/capacity.log
2026-08-21T17:52:03+02:00,RunPod,8x A100-SXM4-80GB,0,,,out/capacity.log
2026-08-21T17:52:25+02:00,RunPod,8x H100-80GB-HBM3,0,,,out/capacity.log
2026-08-21T17:52:26+02:00,Prime Intellect,8x A100-80GB SXM4,0,,,out/capacity.log
2026-08-21T17:57:48+02:00,RunPod,8x A100-SXM4-80GB,0,,,out/capacity.log
2026-08-21T17:58:10+02:00,RunPod,8x H100-80GB-HBM3,1,21.52,26.32,out/capacity.log
2026-08-21T17:58:11+02:00,Prime Intellect,8x A100-80GB SXM4,1,22.32,22.4,out/capacity.log
2026-08-21T18:03:33+02:00,RunPod,8x A100-SXM4-80GB,0,,,out/capacity.log
2026-08-21T18:03:55+02:00,RunPod,8x H100-80GB-HBM3,1,21.52,26.32,out/capacity.log
2026-08-21T18:03:56+02:00,Prime Intellect,8x A100-80GB SXM4,1,22.32,22.4,out/capacity.log
2026-08-21T18:09:18+02:00,RunPod,8x A100-SXM4-80GB,0,,,out/capacity.log
2026-08-21T18:09:40+02:00,RunPod,8x H100-80GB-HBM3,1,21.52,26.32,out/capacity.log
2026-08-21T18:09:40+02:00,Prime Intellect,8x A100-80GB SXM4,1,22.32,22.4,out/capacity.log
2026-08-21T18:15:02+02:00,RunPod,8x A100-SXM4-80GB,0,,,out/capacity.log
2026-08-21T18:15:24+02:00,RunPod,8x H100-80GB-HBM3,0,,,out/capacity.log
2026-08-21T18:15:25+02:00,Prime Intellect,8x A100-80GB SXM4,1,22.32,22.4,out/capacity.log
2026-08-21T18:20:46+02:00,RunPod,8x A100-SXM4-80GB,0,,,out/capacity.log
2026-08-21T18:21:08+02:00,RunPod,8x H100-80GB-HBM3,0,,,out/capacity.log
2026-08-21T18:21:09+02:00,Prime Intellect,8x A100-80GB SXM4,1,22.32,22.4,out/capacity.log
2026-08-21T18:26:31+02:00,RunPod,8x A100-SXM4-80GB,0,,,out/capacity.log
2026-08-21T18:26:53+02:00,RunPod,8x H100-80GB-HBM3,0,,,out/capacity.log
2026-08-21T18:26:53+02:00,Prime Intellect,8x A100-80GB SXM4,1,22.32,22.4,out/capacity.log
2026-08-21T18:32:15+02:00,RunPod,8x A100-SXM4-80GB,0,,,out/capacity.log
2026-08-21T18:32:37+02:00,RunPod,8x H100-80GB-HBM3,1,21.52,26.32,out/capacity.log
2026-08-21T18:32:38+02:00,Prime Intellect,8x A100-80GB SXM4,1,22.32,22.4,out/capacity.log
2026-08-21T18:38:00+02:00,RunPod,8x A100-SXM4-80GB,0,,,out/capacity.log
2026-08-21T18:38:22+02:00,RunPod,8x H100-80GB-HBM3,0,,,out/capacity.log
2026-08-21T18:38:23+02:00,Prime Intellect,8x A100-80GB SXM4,1,22.32,22.4,out/capacity.log
2026-08-21T18:43:50+02:00,RunPod,8x A100-SXM4-80GB,0,,,out/capacity.log
2026-08-21T18:44:14+02:00,RunPod,8x H100-80GB-HBM3,0,,,out/capacity.log
2026-08-21T18:44:14+02:00,Prime Intellect,8x A100-80GB SXM4,1,22.32,22.4,out/capacity.log
2026-08-21T18:49:36+02:00,RunPod,8x A100-SXM4-80GB,0,,,out/capacity.log
2026-08-21T18:49:59+02:00,RunPod,8x H100-80GB-HBM3,1,21.52,26.32,out/capacity.log
2026-08-21T18:50:00+02:00,Prime Intellect,8x A100-80GB SXM4,1,22.32,22.4,out/capacity.log
2026-08-21T18:55:22+02:00,RunPod,8x A100-SXM4-80GB,0,,,out/capacity.log
2026-08-21T18:55:44+02:00,RunPod,8x H100-80GB-HBM3,0,,,out/capacity.log
2026-08-21T18:55:44+02:00,Prime Intellect,8x A100-80GB SXM4,1,22.32,22.4,out/capacity.log
2026-08-21T19:01:06+02:00,RunPod,8x A100-SXM4-80GB,0,,,out/capacity.log
2026-08-21T19:01:28+02:00,RunPod,8x H100-80GB-HBM3,1,21.52,26.32,out/capacity.log
2026-08-21T19:01:28+02:00,Prime Intellect,8x A100-80GB SXM4,1,22.32,22.4,out/capacity.log
2026-08-21T19:06:50+02:00,RunPod,8x A100-SXM4-80GB,0,,,out/capacity.log
2026-08-21T19:07:12+02:00,RunPod,8x H100-80GB-HBM3,1,21.52,26.32,out/capacity.log
2026-08-21T19:07:12+02:00,Prime Intellect,8x A100-80GB SXM4,1,22.32,22.4,out/capacity.log
2026-08-21T19:12:34+02:00,RunPod,8x A100-SXM4-80GB,0,,,out/capacity.log
2026-08-21T19:12:56+02:00,RunPod,8x H100-80GB-HBM3,0,,,out/capacity.log
2026-08-21T19:12:57+02:00,Prime Intellect,8x A100-80GB SXM4,1,22.32,22.4,out/capacity.log
2026-08-21T19:18:18+02:00,RunPod,8x A100-SXM4-80GB,1,11.12,12.72,out/capacity.log
2026-08-21T19:18:41+02:00,RunPod,8x H100-80GB-HBM3,0,,,out/capacity.log
2026-08-21T19:18:41+02:00,Prime Intellect,8x A100-80GB SXM4,1,22.32,22.4,out/capacity.log
2026-08-21T19:24:04+02:00,RunPod,8x A100-SXM4-80GB,1,11.12,12.72,out/capacity.log
2026-08-21T19:24:27+02:00,RunPod,8x H100-80GB-HBM3,1,21.52,26.32,out/capacity.log
2026-08-21T19:24:28+02:00,Prime Intellect,8x A100-80GB SXM4,1,22.32,22.4,out/capacity.log
2026-08-21T19:29:51+02:00,RunPod,8x A100-SXM4-80GB,1,11.12,12.72,out/capacity.log
2026-08-21T19:30:14+02:00,RunPod,8x H100-80GB-HBM3,1,21.52,26.32,out/capacity.log
2026-08-21T19:30:14+02:00,Prime Intellect,8x A100-80GB SXM4,1,22.32,22.4,out/capacity.log
2026-08-21T19:35:37+02:00,RunPod,8x A100-SXM4-80GB,1,11.12,12.72,out/capacity.log
2026-08-21T19:35:59+02:00,RunPod,8x H100-80GB-HBM3,0,,,out/capacity.log
2026-08-21T19:36:00+02:00,Prime Intellect,8x A100-80GB SXM4,1,12.74,22.4,out/capacity.log
2026-08-22T20:09:13+02:00,RunPod,8x A100-80GB PCIe,0,,,out/capacity-pcie.log
2026-08-22T20:09:14+02:00,Prime Intellect,8x A100-80GB PCIe,0,,,out/capacity-pcie.log
2026-08-22T20:14:37+02:00,RunPod,8x A100-80GB PCIe,0,,,out/capacity-pcie.log
2026-08-22T20:14:37+02:00,Prime Intellect,8x A100-80GB PCIe,0,,,out/capacity-pcie.log
2026-08-22T20:19:59+02:00,RunPod,8x A100-80GB PCIe,0,,,out/capacity-pcie.log
2026-08-22T20:20:00+02:00,Prime Intellect,8x A100-80GB PCIe,0,,,out/capacity-pcie.log
2026-08-22T20:25:23+02:00,RunPod,8x A100-80GB PCIe,0,,,out/capacity-pcie.log
2026-08-22T20:25:23+02:00,Prime Intellect,8x A100-80GB PCIe,0,,,out/capacity-pcie.log
2026-08-22T20:30:46+02:00,RunPod,8x A100-80GB PCIe,0,,,out/capacity-pcie.log
2026-08-22T20:30:46+02:00,Prime Intellect,8x A100-80GB PCIe,0,,,out/capacity-pcie.log
2026-08-22T20:36:10+02:00,RunPod,8x A100-80GB PCIe,0,,,out/capacity-pcie.log
2026-08-22T20:36:11+02:00,Prime Intellect,8x A100-80GB PCIe,0,,,out/capacity-pcie.log
2026-08-22T20:41:33+02:00,RunPod,8x A100-80GB PCIe,0,,,out/capacity-pcie.log
2026-08-22T20:41:34+02:00,Prime Intellect,8x A100-80GB PCIe,0,,,out/capacity-pcie.log
2026-08-22T20:46:56+02:00,RunPod,8x A100-80GB PCIe,0,,,out/capacity-pcie.log
2026-08-22T20:46:56+02:00,Prime Intellect,8x A100-80GB PCIe,0,,,out/capacity-pcie.log
2026-08-22T20:52:18+02:00,RunPod,8x A100-80GB PCIe,0,,,out/capacity-pcie.log
2026-08-22T20:52:19+02:00,Prime Intellect,8x A100-80GB PCIe,0,,,out/capacity-pcie.log
2026-08-22T20:57:41+02:00,RunPod,8x A100-80GB PCIe,0,,,out/capacity-pcie.log
2026-08-22T20:57:41+02:00,Prime Intellect,8x A100-80GB PCIe,0,,,out/capacity-pcie.log
2026-08-22T21:03:03+02:00,RunPod,8x A100-80GB PCIe,0,,,out/capacity-pcie.log
2026-08-22T21:03:04+02:00,Prime Intellect,8x A100-80GB PCIe,0,,,out/capacity-pcie.log
2026-08-22T21:08:26+02:00,RunPod,8x A100-80GB PCIe,0,,,out/capacity-pcie.log
2026-08-22T21:08:26+02:00,Prime Intellect,8x A100-80GB PCIe,0,,,out/capacity-pcie.log
2026-08-22T21:13:48+02:00,RunPod,8x A100-80GB PCIe,0,,,out/capacity-pcie.log
2026-08-22T21:13:49+02:00,Prime Intellect,8x A100-80GB PCIe,0,,,out/capacity-pcie.log
2026-08-22T21:19:11+02:00,RunPod,8x A100-80GB PCIe,0,,,out/capacity-pcie.log
2026-08-22T21:19:12+02:00,Prime Intellect,8x A100-80GB PCIe,0,,,out/capacity-pcie.log
2026-08-22T21:24:34+02:00,RunPod,8x A100-80GB PCIe,0,,,out/capacity-pcie.log
2026-08-22T21:24:34+02:00,Prime Intellect,8x A100-80GB PCIe,0,,,out/capacity-pcie.log
2026-08-22T21:29:57+02:00,RunPod,8x A100-80GB PCIe,0,,,out/capacity-pcie.log
2026-08-22T21:29:57+02:00,Prime Intellect,8x A100-80GB PCIe,0,,,out/capacity-pcie.log
2026-08-22T21:35:20+02:00,RunPod,8x A100-80GB PCIe,0,,,out/capacity-pcie.log
2026-08-22T21:35:20+02:00,Prime Intellect,8x A100-80GB PCIe,0,,,out/capacity-pcie.log
2026-08-22T21:40:42+02:00,RunPod,8x A100-80GB PCIe,0,,,out/capacity-pcie.log
2026-08-22T21:40:42+02:00,Prime Intellect,8x A100-80GB PCIe,0,,,out/capacity-pcie.log
2026-08-22T21:46:05+02:00,RunPod,8x A100-80GB PCIe,0,,,out/capacity-pcie.log
2026-08-22T21:46:05+02:00,Prime Intellect,8x A100-80GB PCIe,0,,,out/capacity-pcie.log
2026-08-22T21:51:28+02:00,RunPod,8x A100-80GB PCIe,0,,,out/capacity-pcie.log
2026-08-22T21:51:28+02:00,Prime Intellect,8x A100-80GB PCIe,0,,,out/capacity-pcie.log
2026-08-22T21:56:50+02:00,RunPod,8x A100-80GB PCIe,0,,,out/capacity-pcie.log
2026-08-22T21:56:51+02:00,Prime Intellect,8x A100-80GB PCIe,0,,,out/capacity-pcie.log
2026-08-22T22:02:13+02:00,RunPod,8x A100-80GB PCIe,0,,,out/capacity-pcie.log
2026-08-22T22:02:13+02:00,Prime Intellect,8x A100-80GB PCIe,0,,,out/capacity-pcie.log
2026-08-22T22:07:36+02:00,RunPod,8x A100-80GB PCIe,0,,,out/capacity-pcie.log
2026-08-22T22:07:36+02:00,Prime Intellect,8x A100-80GB PCIe,0,,,out/capacity-pcie.log
2026-08-22T22:12:58+02:00,RunPod,8x A100-80GB PCIe,0,,,out/capacity-pcie.log
2026-08-22T22:12:59+02:00,Prime Intellect,8x A100-80GB PCIe,0,,,out/capacity-pcie.log
2026-08-22T22:18:22+02:00,RunPod,8x A100-80GB PCIe,0,,,out/capacity-pcie.log
2026-08-22T22:18:22+02:00,Prime Intellect,8x A100-80GB PCIe,0,,,out/capacity-pcie.log
2026-08-22T22:23:44+02:00,RunPod,8x A100-80GB PCIe,0,,,out/capacity-pcie.log
2026-08-22T22:23:45+02:00,Prime Intellect,8x A100-80GB PCIe,0,,,out/capacity-pcie.log
2026-08-22T22:29:07+02:00,RunPod,8x A100-80GB PCIe,0,,,out/capacity-pcie.log
2026-08-22T22:29:07+02:00,Prime Intellect,8x A100-80GB PCIe,0,,,out/capacity-pcie.log
2026-08-22T22:34:29+02:00,RunPod,8x A100-80GB PCIe,0,,,out/capacity-pcie.log
2026-08-22T22:34:30+02:00,Prime Intellect,8x A100-80GB PCIe,0,,,out/capacity-pcie.log
2026-08-22T22:39:52+02:00,RunPod,8x A100-80GB PCIe,0,,,out/capacity-pcie.log
2026-08-22T22:39:52+02:00,Prime Intellect,8x A100-80GB PCIe,0,,,out/capacity-pcie.log
2026-08-22T22:45:14+02:00,RunPod,8x A100-80GB PCIe,0,,,out/capacity-pcie.log
2026-08-22T22:45:14+02:00,Prime Intellect,8x A100-80GB PCIe,0,,,out/capacity-pcie.log
2026-08-22T22:50:36+02:00,RunPod,8x A100-80GB PCIe,0,,,out/capacity-pcie.log
2026-08-22T22:50:37+02:00,Prime Intellect,8x A100-80GB PCIe,0,,,out/capacity-pcie.log
2026-08-22T22:56:00+02:00,RunPod,8x A100-80GB PCIe,0,,,out/capacity-pcie.log
2026-08-22T22:56:00+02:00,Prime Intellect,8x A100-80GB PCIe,0,,,out/capacity-pcie.log
2026-08-22T23:01:22+02:00,RunPod,8x A100-80GB PCIe,0,,,out/capacity-pcie.log
2026-08-22T23:01:22+02:00,Prime Intellect,8x A100-80GB PCIe,0,,,out/capacity-pcie.log
2026-08-22T23:06:45+02:00,RunPod,8x A100-80GB PCIe,0,,,out/capacity-pcie.log
2026-08-22T23:06:45+02:00,Prime Intellect,8x A100-80GB PCIe,0,,,out/capacity-pcie.log
2026-08-22T23:12:08+02:00,RunPod,8x A100-80GB PCIe,0,,,out/capacity-pcie.log
2026-08-22T23:12:08+02:00,Prime Intellect,8x A100-80GB PCIe,0,,,out/capacity-pcie.log
2026-08-22T23:17:30+02:00,RunPod,8x A100-80GB PCIe,0,,,out/capacity-pcie.log
2026-08-22T23:17:31+02:00,Prime Intellect,8x A100-80GB PCIe,0,,,out/capacity-pcie.log
2026-08-22T23:22:53+02:00,RunPod,8x A100-80GB PCIe,0,,,out/capacity-pcie.log
2026-08-22T23:22:53+02:00,Prime Intellect,8x A100-80GB PCIe,0,,,out/capacity-pcie.log
2026-08-22T23:28:15+02:00,RunPod,8x A100-80GB PCIe,0,,,out/capacity-pcie.log
2026-08-22T23:28:16+02:00,Prime Intellect,8x A100-80GB PCIe,0,,,out/capacity-pcie.log
2026-08-22T23:33:38+02:00,RunPod,8x A100-80GB PCIe,0,,,out/capacity-pcie.log
2026-08-22T23:33:38+02:00,Prime Intellect,8x A100-80GB PCIe,0,,,out/capacity-pcie.log
2026-08-22T23:39:01+02:00,RunPod,8x A100-80GB PCIe,0,,,out/capacity-pcie.log
2026-08-22T23:39:01+02:00,Prime Intellect,8x A100-80GB PCIe,0,,,out/capacity-pcie.log
2026-08-22T23:44:24+02:00,RunPod,8x A100-80GB PCIe,0,,,out/capacity-pcie.log
2026-08-22T23:44:24+02:00,Prime Intellect,8x A100-80GB PCIe,0,,,out/capacity-pcie.log
2026-08-22T23:49:46+02:00,RunPod,8x A100-80GB PCIe,0,,,out/capacity-pcie.log
2026-08-22T23:49:47+02:00,Prime Intellect,8x A100-80GB PCIe,0,,,out/capacity-pcie.log
2026-08-22T23:55:09+02:00,RunPod,8x A100-80GB PCIe,0,,,out/capacity-pcie.log
2026-08-22T23:55:10+02:00,Prime Intellect,8x A100-80GB PCIe,0,,,out/capacity-pcie.log
2026-08-23T00:00:33+02:00,RunPod,8x A100-80GB PCIe,0,,,out/capacity-pcie.log
2026-08-23T00:00:34+02:00,Prime Intellect,8x A100-80GB PCIe,0,,,out/capacity-pcie.log
2026-08-23T00:05:56+02:00,RunPod,8x A100-80GB PCIe,0,,,out/capacity-pcie.log
2026-08-23T00:05:57+02:00,Prime Intellect,8x A100-80GB PCIe,0,,,out/capacity-pcie.log
2026-08-23T00:11:19+02:00,RunPod,8x A100-80GB PCIe,0,,,out/capacity-pcie.log
2026-08-23T00:11:20+02:00,Prime Intellect,8x A100-80GB PCIe,0,,,out/capacity-pcie.log
2026-08-23T00:16:42+02:00,RunPod,8x A100-80GB PCIe,0,,,out/capacity-pcie.log
2026-08-23T00:16:42+02:00,Prime Intellect,8x A100-80GB PCIe,0,,,out/capacity-pcie.log
2026-08-23T00:22:04+02:00,RunPod,8x A100-80GB PCIe,0,,,out/capacity-pcie.log
2026-08-23T00:22:05+02:00,Prime Intellect,8x A100-80GB PCIe,0,,,out/capacity-pcie.log
2026-08-23T00:27:27+02:00,RunPod,8x A100-80GB PCIe,0,,,out/capacity-pcie.log
2026-08-23T00:27:28+02:00,Prime Intellect,8x A100-80GB PCIe,0,,,out/capacity-pcie.log
2026-08-23T00:32:50+02:00,RunPod,8x A100-80GB PCIe,0,,,out/capacity-pcie.log
2026-08-23T00:32:50+02:00,Prime Intellect,8x A100-80GB PCIe,0,,,out/capacity-pcie.log
2026-08-23T00:38:12+02:00,RunPod,8x A100-80GB PCIe,0,,,out/capacity-pcie.log
2026-08-23T00:38:13+02:00,Prime Intellect,8x A100-80GB PCIe,0,,,out/capacity-pcie.log
2026-08-23T00:43:35+02:00,RunPod,8x A100-80GB PCIe,0,,,out/capacity-pcie.log
2026-08-23T00:43:35+02:00,Prime Intellect,8x A100-80GB PCIe,0,,,out/capacity-pcie.log
2026-08-23T00:48:57+02:00,RunPod,8x A100-80GB PCIe,0,,,out/capacity-pcie.log
2026-08-23T00:48:58+02:00,Prime Intellect,8x A100-80GB PCIe,0,,,out/capacity-pcie.log
2026-08-23T00:54:20+02:00,RunPod,8x A100-80GB PCIe,0,,,out/capacity-pcie.log
2026-08-23T00:54:20+02:00,Prime Intellect,8x A100-80GB PCIe,0,,,out/capacity-pcie.log
2026-08-23T00:59:43+02:00,RunPod,8x A100-80GB PCIe,0,,,out/capacity-pcie.log
2026-08-23T00:59:43+02:00,Prime Intellect,8x A100-80GB PCIe,0,,,out/capacity-pcie.log
2026-08-23T01:05:05+02:00,RunPod,8x A100-80GB PCIe,0,,,out/capacity-pcie.log
2026-08-23T01:05:05+02:00,Prime Intellect,8x A100-80GB PCIe,0,,,out/capacity-pcie.log
2026-08-23T01:10:28+02:00,RunPod,8x A100-80GB PCIe,0,,,out/capacity-pcie.log
2026-08-23T01:10:28+02:00,Prime Intellect,8x A100-80GB PCIe,0,,,out/capacity-pcie.log
2026-08-23T01:15:50+02:00,RunPod,8x A100-80GB PCIe,0,,,out/capacity-pcie.log
2026-08-23T01:15:51+02:00,Prime Intellect,8x A100-80GB PCIe,0,,,out/capacity-pcie.log
2026-08-23T01:21:13+02:00,RunPod,8x A100-80GB PCIe,0,,,out/capacity-pcie.log
2026-08-23T01:21:13+02:00,Prime Intellect,8x A100-80GB PCIe,0,,,out/capacity-pcie.log
2026-08-23T01:26:36+02:00,RunPod,8x A100-80GB PCIe,0,,,out/capacity-pcie.log
2026-08-23T01:26:36+02:00,Prime Intellect,8x A100-80GB PCIe,0,,,out/capacity-pcie.log
2026-08-23T01:31:59+02:00,RunPod,8x A100-80GB PCIe,0,,,out/capacity-pcie.log
2026-08-23T01:31:59+02:00,Prime Intellect,8x A100-80GB PCIe,0,,,out/capacity-pcie.log
2026-08-23T01:37:21+02:00,RunPod,8x A100-80GB PCIe,0,,,out/capacity-pcie.log
2026-08-23T01:37:22+02:00,Prime Intellect,8x A100-80GB PCIe,0,,,out/capacity-pcie.log
2026-08-23T01:42:44+02:00,RunPod,8x A100-80GB PCIe,0,,,out/capacity-pcie.log
2026-08-23T01:42:44+02:00,Prime Intellect,8x A100-80GB PCIe,0,,,out/capacity-pcie.log
2026-08-23T01:48:07+02:00,RunPod,8x A100-80GB PCIe,0,,,out/capacity-pcie.log
2026-08-23T01:48:07+02:00,Prime Intellect,8x A100-80GB PCIe,0,,,out/capacity-pcie.log
2026-08-23T01:53:29+02:00,RunPod,8x A100-80GB PCIe,0,,,out/capacity-pcie.log
2026-08-23T01:53:30+02:00,Prime Intellect,8x A100-80GB PCIe,0,,,out/capacity-pcie.log
2026-08-23T01:58:52+02:00,RunPod,8x A100-80GB PCIe,0,,,out/capacity-pcie.log
2026-08-23T01:58:52+02:00,Prime Intellect,8x A100-80GB PCIe,0,,,out/capacity-pcie.log
2026-08-23T02:04:14+02:00,RunPod,8x A100-80GB PCIe,0,,,out/capacity-pcie.log
2026-08-23T02:04:15+02:00,Prime Intellect,8x A100-80GB PCIe,0,,,out/capacity-pcie.log
2026-08-23T02:09:37+02:00,RunPod,8x A100-80GB PCIe,0,,,out/capacity-pcie.log
2026-08-23T02:09:37+02:00,Prime Intellect,8x A100-80GB PCIe,0,,,out/capacity-pcie.log
2026-08-23T02:14:59+02:00,RunPod,8x A100-80GB PCIe,0,,,out/capacity-pcie.log
2026-08-23T02:15:00+02:00,Prime Intellect,8x A100-80GB PCIe,0,,,out/capacity-pcie.log
2026-08-23T02:20:22+02:00,RunPod,8x A100-80GB PCIe,0,,,out/capacity-pcie.log
2026-08-23T02:20:23+02:00,Prime Intellect,8x A100-80GB PCIe,0,,,out/capacity-pcie.log
2026-08-23T02:25:45+02:00,RunPod,8x A100-80GB PCIe,0,,,out/capacity-pcie.log
2026-08-23T02:25:45+02:00,Prime Intellect,8x A100-80GB PCIe,0,,,out/capacity-pcie.log
2026-08-23T02:31:08+02:00,RunPod,8x A100-80GB PCIe,0,,,out/capacity-pcie.log
2026-08-23T02:31:08+02:00,Prime Intellect,8x A100-80GB PCIe,0,,,out/capacity-pcie.log
2026-08-23T02:36:30+02:00,RunPod,8x A100-80GB PCIe,0,,,out/capacity-pcie.log
2026-08-23T02:36:31+02:00,Prime Intellect,8x A100-80GB PCIe,0,,,out/capacity-pcie.log
2026-08-23T02:41:53+02:00,RunPod,8x A100-80GB PCIe,0,,,out/capacity-pcie.log
2026-08-23T02:41:53+02:00,Prime Intellect,8x A100-80GB PCIe,0,,,out/capacity-pcie.log
2026-08-23T02:47:15+02:00,RunPod,8x A100-80GB PCIe,0,,,out/capacity-pcie.log
2026-08-23T02:47:15+02:00,Prime Intellect,8x A100-80GB PCIe,0,,,out/capacity-pcie.log
2026-08-23T02:52:38+02:00,RunPod,8x A100-80GB PCIe,0,,,out/capacity-pcie.log
2026-08-23T02:52:38+02:00,Prime Intellect,8x A100-80GB PCIe,0,,,out/capacity-pcie.log
2026-08-23T02:58:00+02:00,RunPod,8x A100-80GB PCIe,0,,,out/capacity-pcie.log
2026-08-23T02:58:00+02:00,Prime Intellect,8x A100-80GB PCIe,0,,,out/capacity-pcie.log
2026-08-23T03:03:22+02:00,RunPod,8x A100-80GB PCIe,0,,,out/capacity-pcie.log
2026-08-23T03:03:23+02:00,Prime Intellect,8x A100-80GB PCIe,0,,,out/capacity-pcie.log
2026-08-23T03:08:45+02:00,RunPod,8x A100-80GB PCIe,0,,,out/capacity-pcie.log
2026-08-23T03:08:45+02:00,Prime Intellect,8x A100-80GB PCIe,0,,,out/capacity-pcie.log
2026-08-23T03:14:07+02:00,RunPod,8x A100-80GB PCIe,0,,,out/capacity-pcie.log
2026-08-23T03:14:08+02:00,Prime Intellect,8x A100-80GB PCIe,0,,,out/capacity-pcie.log
2026-08-23T03:19:30+02:00,RunPod,8x A100-80GB PCIe,0,,,out/capacity-pcie.log
2026-08-23T03:19:31+02:00,Prime Intellect,8x A100-80GB PCIe,0,,,out/capacity-pcie.log
2026-08-23T03:24:53+02:00,RunPod,8x A100-80GB PCIe,0,,,out/capacity-pcie.log
2026-08-23T03:24:53+02:00,Prime Intellect,8x A100-80GB PCIe,0,,,out/capacity-pcie.log
2026-08-23T03:30:16+02:00,RunPod,8x A100-80GB PCIe,0,,,out/capacity-pcie.log
2026-08-23T03:30:16+02:00,Prime Intellect,8x A100-80GB PCIe,0,,,out/capacity-pcie.log
2026-08-23T03:35:38+02:00,RunPod,8x A100-80GB PCIe,0,,,out/capacity-pcie.log
2026-08-23T03:35:38+02:00,Prime Intellect,8x A100-80GB PCIe,0,,,out/capacity-pcie.log
2026-08-23T03:41:00+02:00,RunPod,8x A100-80GB PCIe,0,,,out/capacity-pcie.log
2026-08-23T03:41:01+02:00,Prime Intellect,8x A100-80GB PCIe,0,,,out/capacity-pcie.log
2026-08-23T03:46:23+02:00,RunPod,8x A100-80GB PCIe,0,,,out/capacity-pcie.log
2026-08-23T03:46:23+02:00,Prime Intellect,8x A100-80GB PCIe,0,,,out/capacity-pcie.log
2026-08-23T03:51:46+02:00,RunPod,8x A100-80GB PCIe,0,,,out/capacity-pcie.log
2026-08-23T03:51:46+02:00,Prime Intellect,8x A100-80GB PCIe,0,,,out/capacity-pcie.log
2026-08-23T03:57:08+02:00,RunPod,8x A100-80GB PCIe,0,,,out/capacity-pcie.log
2026-08-23T03:57:09+02:00,Prime Intellect,8x A100-80GB PCIe,0,,,out/capacity-pcie.log
2026-08-23T04:02:31+02:00,RunPod,8x A100-80GB PCIe,0,,,out/capacity-pcie.log
2026-08-23T04:02:31+02:00,Prime Intellect,8x A100-80GB PCIe,0,,,out/capacity-pcie.log
2026-08-23T04:07:54+02:00,RunPod,8x A100-80GB PCIe,0,,,out/capacity-pcie.log
2026-08-23T04:07:54+02:00,Prime Intellect,8x A100-80GB PCIe,0,,,out/capacity-pcie.log
2026-08-23T04:13:16+02:00,RunPod,8x A100-80GB PCIe,0,,,out/capacity-pcie.log
2026-08-23T04:13:17+02:00,Prime Intellect,8x A100-80GB PCIe,0,,,out/capacity-pcie.log
2026-08-23T04:18:39+02:00,RunPod,8x A100-80GB PCIe,0,,,out/capacity-pcie.log
2026-08-23T04:18:40+02:00,Prime Intellect,8x A100-80GB PCIe,0,,,out/capacity-pcie.log
2026-08-23T04:24:02+02:00,RunPod,8x A100-80GB PCIe,0,,,out/capacity-pcie.log
2026-08-23T04:24:02+02:00,Prime Intellect,8x A100-80GB PCIe,0,,,out/capacity-pcie.log
2026-08-23T04:29:24+02:00,RunPod,8x A100-80GB PCIe,0,,,out/capacity-pcie.log
2026-08-23T04:29:25+02:00,Prime Intellect,8x A100-80GB PCIe,0,,,out/capacity-pcie.log
2026-08-23T04:34:47+02:00,RunPod,8x A100-80GB PCIe,0,,,out/capacity-pcie.log
2026-08-23T04:34:47+02:00,Prime Intellect,8x A100-80GB PCIe,0,,,out/capacity-pcie.log
2026-08-23T04:40:10+02:00,RunPod,8x A100-80GB PCIe,0,,,out/capacity-pcie.log
2026-08-23T04:40:10+02:00,Prime Intellect,8x A100-80GB PCIe,0,,,out/capacity-pcie.log
2026-08-23T04:45:32+02:00,RunPod,8x A100-80GB PCIe,0,,,out/capacity-pcie.log
2026-08-23T04:45:33+02:00,Prime Intellect,8x A100-80GB PCIe,0,,,out/capacity-pcie.log
2026-08-23T04:50:55+02:00,RunPod,8x A100-80GB PCIe,0,,,out/capacity-pcie.log
2026-08-23T04:50:56+02:00,Prime Intellect,8x A100-80GB PCIe,0,,,out/capacity-pcie.log
2026-08-23T04:56:18+02:00,RunPod,8x A100-80GB PCIe,0,,,out/capacity-pcie.log
2026-08-23T04:56:18+02:00,Prime Intellect,8x A100-80GB PCIe,0,,,out/capacity-pcie.log
2026-08-23T05:01:41+02:00,RunPod,8x A100-80GB PCIe,0,,,out/capacity-pcie.log
2026-08-23T05:01:41+02:00,Prime Intellect,8x A100-80GB PCIe,0,,,out/capacity-pcie.log
2026-08-23T05:07:03+02:00,RunPod,8x A100-80GB PCIe,0,,,out/capacity-pcie.log
2026-08-23T05:07:03+02:00,Prime Intellect,8x A100-80GB PCIe,0,,,out/capacity-pcie.log
2026-08-23T05:12:26+02:00,RunPod,8x A100-80GB PCIe,0,,,out/capacity-pcie.log
2026-08-23T05:12:26+02:00,Prime Intellect,8x A100-80GB PCIe,0,,,out/capacity-pcie.log
2026-08-23T05:17:48+02:00,RunPod,8x A100-80GB PCIe,0,,,out/capacity-pcie.log
2026-08-23T05:17:48+02:00,Prime Intellect,8x A100-80GB PCIe,0,,,out/capacity-pcie.log
2026-08-23T05:23:16+02:00,RunPod,8x A100-80GB PCIe,0,,,out/capacity-pcie.log
2026-08-23T05:23:17+02:00,Prime Intellect,8x A100-80GB PCIe,0,,,out/capacity-pcie.log
2026-08-23T05:28:39+02:00,RunPod,8x A100-80GB PCIe,0,,,out/capacity-pcie.log
2026-08-23T05:28:40+02:00,Prime Intellect,8x A100-80GB PCIe,0,,,out/capacity-pcie.log
2026-08-23T05:34:02+02:00,RunPod,8x A100-80GB PCIe,0,,,out/capacity-pcie.log
2026-08-23T05:34:02+02:00,Prime Intellect,8x A100-80GB PCIe,0,,,out/capacity-pcie.log
2026-08-23T05:39:24+02:00,RunPod,8x A100-80GB PCIe,0,,,out/capacity-pcie.log
2026-08-23T05:39:24+02:00,Prime Intellect,8x A100-80GB PCIe,0,,,out/capacity-pcie.log
2026-08-23T05:44:46+02:00,RunPod,8x A100-80GB PCIe,0,,,out/capacity-pcie.log
2026-08-23T05:44:47+02:00,Prime Intellect,8x A100-80GB PCIe,0,,,out/capacity-pcie.log
2026-08-23T05:50:09+02:00,RunPod,8x A100-80GB PCIe,0,,,out/capacity-pcie.log
2026-08-23T05:50:10+02:00,Prime Intellect,8x A100-80GB PCIe,0,,,out/capacity-pcie.log
2026-08-23T05:55:32+02:00,RunPod,8x A100-80GB PCIe,0,,,out/capacity-pcie.log
2026-08-23T05:55:32+02:00,Prime Intellect,8x A100-80GB PCIe,0,,,out/capacity-pcie.log
2026-08-23T06:00:54+02:00,RunPod,8x A100-80GB PCIe,0,,,out/capacity-pcie.log
2026-08-23T06:00:54+02:00,Prime Intellect,8x A100-80GB PCIe,0,,,out/capacity-pcie.log
2026-08-23T06:06:17+02:00,RunPod,8x A100-80GB PCIe,0,,,out/capacity-pcie.log
2026-08-23T06:06:17+02:00,Prime Intellect,8x A100-80GB PCIe,0,,,out/capacity-pcie.log
2026-08-23T06:11:39+02:00,RunPod,8x A100-80GB PCIe,0,,,out/capacity-pcie.log
2026-08-23T06:11:39+02:00,Prime Intellect,8x A100-80GB PCIe,0,,,out/capacity-pcie.log
2026-08-23T06:17:01+02:00,RunPod,8x A100-80GB PCIe,0,,,out/capacity-pcie.log
2026-08-23T06:17:02+02:00,Prime Intellect,8x A100-80GB PCIe,0,,,out/capacity-pcie.log
2026-08-23T06:22:24+02:00,RunPod,8x A100-80GB PCIe,0,,,out/capacity-pcie.log
2026-08-23T06:22:24+02:00,Prime Intellect,8x A100-80GB PCIe,0,,,out/capacity-pcie.log
2026-08-23T06:27:46+02:00,RunPod,8x A100-80GB PCIe,0,,,out/capacity-pcie.log
2026-08-23T06:27:46+02:00,Prime Intellect,8x A100-80GB PCIe,0,,,out/capacity-pcie.log
2026-08-23T06:33:09+02:00,RunPod,8x A100-80GB PCIe,0,,,out/capacity-pcie.log
2026-08-23T06:33:09+02:00,Prime Intellect,8x A100-80GB PCIe,0,,,out/capacity-pcie.log
2026-08-23T06:38:31+02:00,RunPod,8x A100-80GB PCIe,0,,,out/capacity-pcie.log
2026-08-23T06:38:32+02:00,Prime Intellect,8x A100-80GB PCIe,0,,,out/capacity-pcie.log
2026-08-23T06:43:54+02:00,RunPod,8x A100-80GB PCIe,0,,,out/capacity-pcie.log
2026-08-23T06:43:54+02:00,Prime Intellect,8x A100-80GB PCIe,0,,,out/capacity-pcie.log
2026-08-23T06:49:17+02:00,RunPod,8x A100-80GB PCIe,0,,,out/capacity-pcie.log
2026-08-23T06:49:17+02:00,Prime Intellect,8x A100-80GB PCIe,0,,,out/capacity-pcie.log
2026-08-23T06:54:39+02:00,RunPod,8x A100-80GB PCIe,0,,,out/capacity-pcie.log
2026-08-23T06:54:39+02:00,Prime Intellect,8x A100-80GB PCIe,0,,,out/capacity-pcie.log
2026-08-23T07:00:01+02:00,RunPod,8x A100-80GB PCIe,0,,,out/capacity-pcie.log
2026-08-23T07:00:02+02:00,Prime Intellect,8x A100-80GB PCIe,0,,,out/capacity-pcie.log
2026-08-23T07:05:24+02:00,RunPod,8x A100-80GB PCIe,0,,,out/capacity-pcie.log
2026-08-23T07:05:24+02:00,Prime Intellect,8x A100-80GB PCIe,0,,,out/capacity-pcie.log
2026-08-23T07:10:46+02:00,RunPod,8x A100-80GB PCIe,0,,,out/capacity-pcie.log
2026-08-23T07:10:46+02:00,Prime Intellect,8x A100-80GB PCIe,0,,,out/capacity-pcie.log
2026-08-23T07:16:08+02:00,RunPod,8x A100-80GB PCIe,0,,,out/capacity-pcie.log
2026-08-23T07:16:09+02:00,Prime Intellect,8x A100-80GB PCIe,0,,,out/capacity-pcie.log
2026-08-23T07:21:31+02:00,RunPod,8x A100-80GB PCIe,0,,,out/capacity-pcie.log
2026-08-23T07:21:31+02:00,Prime Intellect,8x A100-80GB PCIe,0,,,out/capacity-pcie.log
2026-08-23T07:26:54+02:00,RunPod,8x A100-80GB PCIe,0,,,out/capacity-pcie.log
2026-08-23T07:26:54+02:00,Prime Intellect,8x A100-80GB PCIe,0,,,out/capacity-pcie.log
2026-08-23T07:32:16+02:00,RunPod,8x A100-80GB PCIe,0,,,out/capacity-pcie.log
2026-08-23T07:32:16+02:00,Prime Intellect,8x A100-80GB PCIe,0,,,out/capacity-pcie.log
2026-08-23T07:37:38+02:00,RunPod,8x A100-80GB PCIe,0,,,out/capacity-pcie.log
2026-08-23T07:37:39+02:00,Prime Intellect,8x A100-80GB PCIe,0,,,out/capacity-pcie.log
2026-08-23T07:43:00+02:00,RunPod,8x A100-80GB PCIe,0,,,out/capacity-pcie.log
2026-08-23T07:43:01+02:00,Prime Intellect,8x A100-80GB PCIe,0,,,out/capacity-pcie.log
2026-08-23T07:48:23+02:00,RunPod,8x A100-80GB PCIe,0,,,out/capacity-pcie.log
2026-08-23T07:48:23+02:00,Prime Intellect,8x A100-80GB PCIe,0,,,out/capacity-pcie.log
2026-08-23T07:53:46+02:00,RunPod,8x A100-80GB PCIe,0,,,out/capacity-pcie.log
2026-08-23T07:53:46+02:00,Prime Intellect,8x A100-80GB PCIe,0,,,out/capacity-pcie.log
2026-08-23T07:59:09+02:00,RunPod,8x A100-80GB PCIe,0,,,out/capacity-pcie.log
2026-08-23T07:59:10+02:00,Prime Intellect,8x A100-80GB PCIe,0,,,out/capacity-pcie.log
2026-08-23T08:04:32+02:00,RunPod,8x A100-80GB PCIe,0,,,out/capacity-pcie.log
2026-08-23T08:04:32+02:00,Prime Intellect,8x A100-80GB PCIe,0,,,out/capacity-pcie.log
2026-08-23T08:09:54+02:00,RunPod,8x A100-80GB PCIe,0,,,out/capacity-pcie.log
2026-08-23T08:09:55+02:00,Prime Intellect,8x A100-80GB PCIe,0,,,out/capacity-pcie.log
2026-08-23T08:15:16+02:00,RunPod,8x A100-80GB PCIe,0,,,out/capacity-pcie.log
2026-08-23T08:15:17+02:00,Prime Intellect,8x A100-80GB PCIe,0,,,out/capacity-pcie.log
2026-08-23T08:20:39+02:00,RunPod,8x A100-80GB PCIe,0,,,out/capacity-pcie.log
2026-08-23T08:20:40+02:00,Prime Intellect,8x A100-80GB PCIe,0,,,out/capacity-pcie.log
2026-08-23T08:26:02+02:00,RunPod,8x A100-80GB PCIe,0,,,out/capacity-pcie.log
2026-08-23T08:26:02+02:00,Prime Intellect,8x A100-80GB PCIe,0,,,out/capacity-pcie.log
2026-08-23T08:31:25+02:00,RunPod,8x A100-80GB PCIe,0,,,out/capacity-pcie.log
2026-08-23T08:31:25+02:00,Prime Intellect,8x A100-80GB PCIe,0,,,out/capacity-pcie.log
2026-08-23T08:36:47+02:00,RunPod,8x A100-80GB PCIe,0,,,out/capacity-pcie.log
2026-08-23T08:36:47+02:00,Prime Intellect,8x A100-80GB PCIe,0,,,out/capacity-pcie.log
2026-08-23T08:42:10+02:00,RunPod,8x A100-80GB PCIe,0,,,out/capacity-pcie.log
2026-08-23T08:42:10+02:00,Prime Intellect,8x A100-80GB PCIe,0,,,out/capacity-pcie.log
2026-08-23T08:47:33+02:00,RunPod,8x A100-80GB PCIe,0,,,out/capacity-pcie.log
2026-08-23T08:47:33+02:00,Prime Intellect,8x A100-80GB PCIe,0,,,out/capacity-pcie.log
2026-08-23T08:52:55+02:00,RunPod,8x A100-80GB PCIe,0,,,out/capacity-pcie.log
2026-08-23T08:52:56+02:00,Prime Intellect,8x A100-80GB PCIe,0,,,out/capacity-pcie.log
2026-08-23T08:58:17+02:00,RunPod,8x A100-80GB PCIe,0,,,out/capacity-pcie.log
2026-08-23T08:58:18+02:00,Prime Intellect,8x A100-80GB PCIe,0,,,out/capacity-pcie.log
2026-08-23T09:03:40+02:00,RunPod,8x A100-80GB PCIe,0,,,out/capacity-pcie.log
2026-08-23T09:03:40+02:00,Prime Intellect,8x A100-80GB PCIe,0,,,out/capacity-pcie.log
2026-08-23T09:09:02+02:00,RunPod,8x A100-80GB PCIe,0,,,out/capacity-pcie.log
2026-08-23T09:09:02+02:00,Prime Intellect,8x A100-80GB PCIe,0,,,out/capacity-pcie.log
2026-08-23T09:14:25+02:00,RunPod,8x A100-80GB PCIe,0,,,out/capacity-pcie.log
2026-08-23T09:14:25+02:00,Prime Intellect,8x A100-80GB PCIe,0,,,out/capacity-pcie.log
2026-08-23T09:19:48+02:00,RunPod,8x A100-80GB PCIe,0,,,out/capacity-pcie.log
2026-08-23T09:19:48+02:00,Prime Intellect,8x A100-80GB PCIe,0,,,out/capacity-pcie.log
2026-08-23T09:25:10+02:00,RunPod,8x A100-80GB PCIe,0,,,out/capacity-pcie.log
2026-08-23T09:25:11+02:00,Prime Intellect,8x A100-80GB PCIe,0,,,out/capacity-pcie.log
2026-08-23T09:30:33+02:00,RunPod,8x A100-80GB PCIe,0,,,out/capacity-pcie.log
2026-08-23T09:30:33+02:00,Prime Intellect,8x A100-80GB PCIe,0,,,out/capacity-pcie.log
2026-08-23T09:35:55+02:00,RunPod,8x A100-80GB PCIe,0,,,out/capacity-pcie.log
2026-08-23T09:35:55+02:00,Prime Intellect,8x A100-80GB PCIe,0,,,out/capacity-pcie.log
2026-08-23T09:41:18+02:00,RunPod,8x A100-80GB PCIe,0,,,out/capacity-pcie.log
2026-08-23T09:41:18+02:00,Prime Intellect,8x A100-80GB PCIe,0,,,out/capacity-pcie.log
2026-08-23T09:46:40+02:00,RunPod,8x A100-80GB PCIe,0,,,out/capacity-pcie.log
2026-08-23T09:46:40+02:00,Prime Intellect,8x A100-80GB PCIe,0,,,out/capacity-pcie.log
2026-08-23T09:52:03+02:00,RunPod,8x A100-80GB PCIe,0,,,out/capacity-pcie.log
2026-08-23T09:52:03+02:00,Prime Intellect,8x A100-80GB PCIe,0,,,out/capacity-pcie.log
2026-08-23T09:57:26+02:00,RunPod,8x A100-80GB PCIe,0,,,out/capacity-pcie.log
2026-08-23T09:57:26+02:00,Prime Intellect,8x A100-80GB PCIe,0,,,out/capacity-pcie.log
2026-08-23T10:02:48+02:00,RunPod,8x A100-80GB PCIe,0,,,out/capacity-pcie.log
2026-08-23T10:02:48+02:00,Prime Intellect,8x A100-80GB PCIe,0,,,out/capacity-pcie.log
2026-08-23T10:08:10+02:00,RunPod,8x A100-80GB PCIe,0,,,out/capacity-pcie.log
2026-08-23T10:08:11+02:00,Prime Intellect,8x A100-80GB PCIe,0,,,out/capacity-pcie.log
2026-08-23T10:13:33+02:00,RunPod,8x A100-80GB PCIe,0,,,out/capacity-pcie.log
2026-08-23T10:13:33+02:00,Prime Intellect,8x A100-80GB PCIe,0,,,out/capacity-pcie.log
2026-08-23T10:18:56+02:00,RunPod,8x A100-80GB PCIe,0,,,out/capacity-pcie.log
2026-08-23T10:18:56+02:00,Prime Intellect,8x A100-80GB PCIe,0,,,out/capacity-pcie.log
2026-08-23T10:24:18+02:00,RunPod,8x A100-80GB PCIe,0,,,out/capacity-pcie.log
2026-08-23T10:24:18+02:00,Prime Intellect,8x A100-80GB PCIe,0,,,out/capacity-pcie.log
2026-08-23T10:29:40+02:00,RunPod,8x A100-80GB PCIe,0,,,out/capacity-pcie.log
2026-08-23T10:29:41+02:00,Prime Intellect,8x A100-80GB PCIe,0,,,out/capacity-pcie.log
2026-08-23T10:35:03+02:00,RunPod,8x A100-80GB PCIe,0,,,out/capacity-pcie.log
2026-08-23T10:35:04+02:00,Prime Intellect,8x A100-80GB PCIe,0,,,out/capacity-pcie.log
2026-08-23T10:40:26+02:00,RunPod,8x A100-80GB PCIe,0,,,out/capacity-pcie.log
2026-08-23T10:40:26+02:00,Prime Intellect,8x A100-80GB PCIe,0,,,out/capacity-pcie.log
2026-08-23T10:45:48+02:00,RunPod,8x A100-80GB PCIe,0,,,out/capacity-pcie.log
2026-08-23T10:45:49+02:00,Prime Intellect,8x A100-80GB PCIe,0,,,out/capacity-pcie.log
2026-08-23T10:51:11+02:00,RunPod,8x A100-80GB PCIe,0,,,out/capacity-pcie.log
2026-08-23T10:51:11+02:00,Prime Intellect,8x A100-80GB PCIe,0,,,out/capacity-pcie.log
2026-08-23T10:56:33+02:00,RunPod,8x A100-80GB PCIe,0,,,out/capacity-pcie.log
2026-08-23T10:56:34+02:00,Prime Intellect,8x A100-80GB PCIe,0,,,out/capacity-pcie.log
2026-08-23T11:01:56+02:00,RunPod,8x A100-80GB PCIe,0,,,out/capacity-pcie.log
2026-08-23T11:01:56+02:00,Prime Intellect,8x A100-80GB PCIe,0,,,out/capacity-pcie.log
2026-08-23T11:07:19+02:00,RunPod,8x A100-80GB PCIe,0,,,out/capacity-pcie.log
2026-08-23T11:07:19+02:00,Prime Intellect,8x A100-80GB PCIe,0,,,out/capacity-pcie.log
2026-08-23T11:12:41+02:00,RunPod,8x A100-80GB PCIe,0,,,out/capacity-pcie.log
2026-08-23T11:12:42+02:00,Prime Intellect,8x A100-80GB PCIe,0,,,out/capacity-pcie.log
2026-08-23T11:18:04+02:00,RunPod,8x A100-80GB PCIe,0,,,out/capacity-pcie.log
2026-08-23T11:18:04+02:00,Prime Intellect,8x A100-80GB PCIe,0,,,out/capacity-pcie.log
2026-08-23T11:23:26+02:00,RunPod,8x A100-80GB PCIe,0,,,out/capacity-pcie.log
2026-08-23T11:23:27+02:00,Prime Intellect,8x A100-80GB PCIe,0,,,out/capacity-pcie.log
2026-08-23T11:28:49+02:00,RunPod,8x A100-80GB PCIe,0,,,out/capacity-pcie.log
2026-08-23T11:28:49+02:00,Prime Intellect,8x A100-80GB PCIe,0,,,out/capacity-pcie.log
2026-08-23T11:34:11+02:00,RunPod,8x A100-80GB PCIe,0,,,out/capacity-pcie.log
2026-08-23T11:34:12+02:00,Prime Intellect,8x A100-80GB PCIe,0,,,out/capacity-pcie.log
2026-08-23T11:39:34+02:00,RunPod,8x A100-80GB PCIe,0,,,out/capacity-pcie.log
2026-08-23T11:39:35+02:00,Prime Intellect,8x A100-80GB PCIe,0,,,out/capacity-pcie.log
2026-08-23T11:44:57+02:00,RunPod,8x A100-80GB PCIe,0,,,out/capacity-pcie.log
2026-08-23T11:44:57+02:00,Prime Intellect,8x A100-80GB PCIe,0,,,out/capacity-pcie.log
2026-08-23T11:50:20+02:00,RunPod,8x A100-80GB PCIe,0,,,out/capacity-pcie.log
2026-08-23T11:50:20+02:00,Prime Intellect,8x A100-80GB PCIe,0,,,out/capacity-pcie.log
2026-08-23T11:55:43+02:00,RunPod,8x A100-80GB PCIe,0,,,out/capacity-pcie.log
2026-08-23T11:55:43+02:00,Prime Intellect,8x A100-80GB PCIe,0,,,out/capacity-pcie.log
2026-08-23T12:01:06+02:00,RunPod,8x A100-80GB PCIe,0,,,out/capacity-pcie.log
2026-08-23T12:01:06+02:00,Prime Intellect,8x A100-80GB PCIe,0,,,out/capacity-pcie.log
2026-08-23T12:06:28+02:00,RunPod,8x A100-80GB PCIe,0,,,out/capacity-pcie.log
2026-08-23T12:06:28+02:00,Prime Intellect,8x A100-80GB PCIe,0,,,out/capacity-pcie.log
2026-08-23T12:11:50+02:00,RunPod,8x A100-80GB PCIe,0,,,out/capacity-pcie.log
2026-08-23T12:11:51+02:00,Prime Intellect,8x A100-80GB PCIe,0,,,out/capacity-pcie.log
2026-08-23T12:17:14+02:00,RunPod,8x A100-80GB PCIe,0,,,out/capacity-pcie.log
2026-08-23T12:17:14+02:00,Prime Intellect,8x A100-80GB PCIe,0,,,out/capacity-pcie.log
2026-08-23T12:22:36+02:00,RunPod,8x A100-80GB PCIe,0,,,out/capacity-pcie.log
2026-08-23T12:22:36+02:00,Prime Intellect,8x A100-80GB PCIe,0,,,out/capacity-pcie.log
2026-08-23T12:27:59+02:00,RunPod,8x A100-80GB PCIe,0,,,out/capacity-pcie.log
2026-08-23T12:27:59+02:00,Prime Intellect,8x A100-80GB PCIe,0,,,out/capacity-pcie.log
2026-08-23T12:33:21+02:00,RunPod,8x A100-80GB PCIe,0,,,out/capacity-pcie.log
2026-08-23T12:33:21+02:00,Prime Intellect,8x A100-80GB PCIe,0,,,out/capacity-pcie.log
2026-08-23T12:38:44+02:00,RunPod,8x A100-80GB PCIe,0,,,out/capacity-pcie.log
2026-08-23T12:38:44+02:00,Prime Intellect,8x A100-80GB PCIe,0,,,out/capacity-pcie.log
2026-08-23T12:44:06+02:00,RunPod,8x A100-80GB PCIe,0,,,out/capacity-pcie.log
2026-08-23T12:44:06+02:00,Prime Intellect,8x A100-80GB PCIe,0,,,out/capacity-pcie.log
2026-08-23T12:49:28+02:00,RunPod,8x A100-80GB PCIe,0,,,out/capacity-pcie.log
2026-08-23T12:49:28+02:00,Prime Intellect,8x A100-80GB PCIe,0,,,out/capacity-pcie.log
2026-08-23T12:54:50+02:00,RunPod,8x A100-80GB PCIe,0,,,out/capacity-pcie.log
2026-08-23T12:54:51+02:00,Prime Intellect,8x A100-80GB PCIe,0,,,out/capacity-pcie.log
2026-08-23T13:00:13+02:00,RunPod,8x A100-80GB PCIe,0,,,out/capacity-pcie.log
2026-08-23T13:00:13+02:00,Prime Intellect,8x A100-80GB PCIe,0,,,out/capacity-pcie.log
2026-08-23T13:05:35+02:00,RunPod,8x A100-80GB PCIe,0,,,out/capacity-pcie.log
2026-08-23T13:05:36+02:00,Prime Intellect,8x A100-80GB PCIe,0,,,out/capacity-pcie.log
2026-08-23T13:10:58+02:00,RunPod,8x A100-80GB PCIe,0,,,out/capacity-pcie.log
2026-08-23T13:10:58+02:00,Prime Intellect,8x A100-80GB PCIe,0,,,out/capacity-pcie.log
2026-08-23T13:16:20+02:00,RunPod,8x A100-80GB PCIe,0,,,out/capacity-pcie.log
2026-08-23T13:16:21+02:00,Prime Intellect,8x A100-80GB PCIe,0,,,out/capacity-pcie.log
2026-08-23T13:21:43+02:00,RunPod,8x A100-80GB PCIe,0,,,out/capacity-pcie.log
2026-08-23T13:21:44+02:00,Prime Intellect,8x A100-80GB PCIe,0,,,out/capacity-pcie.log
2026-08-23T13:27:06+02:00,RunPod,8x A100-80GB PCIe,0,,,out/capacity-pcie.log
2026-08-23T13:27:06+02:00,Prime Intellect,8x A100-80GB PCIe,0,,,out/capacity-pcie.log
2026-08-23T13:32:28+02:00,RunPod,8x A100-80GB PCIe,0,,,out/capacity-pcie.log
2026-08-23T13:32:28+02:00,Prime Intellect,8x A100-80GB PCIe,0,,,out/capacity-pcie.log
2026-08-23T13:37:51+02:00,RunPod,8x A100-80GB PCIe,0,,,out/capacity-pcie.log
2026-08-23T13:37:51+02:00,Prime Intellect,8x A100-80GB PCIe,0,,,out/capacity-pcie.log
2026-08-23T13:43:13+02:00,RunPod,8x A100-80GB PCIe,0,,,out/capacity-pcie.log
2026-08-23T13:43:13+02:00,Prime Intellect,8x A100-80GB PCIe,0,,,out/capacity-pcie.log
2026-08-23T13:48:36+02:00,RunPod,8x A100-80GB PCIe,0,,,out/capacity-pcie.log
2026-08-23T13:48:36+02:00,Prime Intellect,8x A100-80GB PCIe,0,,,out/capacity-pcie.log
2026-08-23T13:53:58+02:00,RunPod,8x A100-80GB PCIe,0,,,out/capacity-pcie.log
2026-08-23T13:53:58+02:00,Prime Intellect,8x A100-80GB PCIe,0,,,out/capacity-pcie.log
2026-08-23T13:59:21+02:00,RunPod,8x A100-80GB PCIe,0,,,out/capacity-pcie.log
2026-08-23T13:59:21+02:00,Prime Intellect,8x A100-80GB PCIe,0,,,out/capacity-pcie.log
2026-08-23T14:04:43+02:00,RunPod,8x A100-80GB PCIe,0,,,out/capacity-pcie.log
2026-08-23T14:04:43+02:00,Prime Intellect,8x A100-80GB PCIe,0,,,out/capacity-pcie.log
2026-08-23T14:10:06+02:00,RunPod,8x A100-80GB PCIe,0,,,out/capacity-pcie.log
2026-08-23T14:10:06+02:00,Prime Intellect,8x A100-80GB PCIe,0,,,out/capacity-pcie.log
2026-08-23T14:15:28+02:00,RunPod,8x A100-80GB PCIe,0,,,out/capacity-pcie.log
2026-08-23T14:15:28+02:00,Prime Intellect,8x A100-80GB PCIe,0,,,out/capacity-pcie.log
2026-08-23T14:20:51+02:00,RunPod,8x A100-80GB PCIe,0,,,out/capacity-pcie.log
2026-08-23T14:20:51+02:00,Prime Intellect,8x A100-80GB PCIe,0,,,out/capacity-pcie.log
2026-08-23T14:26:13+02:00,RunPod,8x A100-80GB PCIe,0,,,out/capacity-pcie.log
2026-08-23T14:26:13+02:00,Prime Intellect,8x A100-80GB PCIe,0,,,out/capacity-pcie.log
2026-08-23T14:31:36+02:00,RunPod,8x A100-80GB PCIe,0,,,out/capacity-pcie.log
2026-08-23T14:31:36+02:00,Prime Intellect,8x A100-80GB PCIe,0,,,out/capacity-pcie.log
2026-08-23T14:36:58+02:00,RunPod,8x A100-80GB PCIe,0,,,out/capacity-pcie.log
2026-08-23T14:36:59+02:00,Prime Intellect,8x A100-80GB PCIe,0,,,out/capacity-pcie.log
2026-08-23T14:42:21+02:00,RunPod,8x A100-80GB PCIe,0,,,out/capacity-pcie.log
2026-08-23T14:42:21+02:00,Prime Intellect,8x A100-80GB PCIe,0,,,out/capacity-pcie.log
2026-08-23T14:47:44+02:00,RunPod,8x A100-80GB PCIe,0,,,out/capacity-pcie.log
2026-08-23T14:47:44+02:00,Prime Intellect,8x A100-80GB PCIe,0,,,out/capacity-pcie.log
2026-08-23T14:53:06+02:00,RunPod,8x A100-80GB PCIe,0,,,out/capacity-pcie.log
2026-08-23T14:53:06+02:00,Prime Intellect,8x A100-80GB PCIe,0,,,out/capacity-pcie.log
2026-08-23T14:58:29+02:00,RunPod,8x A100-80GB PCIe,0,,,out/capacity-pcie.log
2026-08-23T14:58:30+02:00,Prime Intellect,8x A100-80GB PCIe,0,,,out/capacity-pcie.log
2026-08-23T15:03:52+02:00,RunPod,8x A100-80GB PCIe,0,,,out/capacity-pcie.log
2026-08-23T15:03:52+02:00,Prime Intellect,8x A100-80GB PCIe,0,,,out/capacity-pcie.log
2026-08-23T15:09:15+02:00,RunPod,8x A100-80GB PCIe,0,,,out/capacity-pcie.log
2026-08-23T15:09:15+02:00,Prime Intellect,8x A100-80GB PCIe,0,,,out/capacity-pcie.log
2026-08-23T15:14:37+02:00,RunPod,8x A100-80GB PCIe,0,,,out/capacity-pcie.log
2026-08-23T15:14:37+02:00,Prime Intellect,8x A100-80GB PCIe,0,,,out/capacity-pcie.log
2026-08-23T15:20:00+02:00,RunPod,8x A100-80GB PCIe,0,,,out/capacity-pcie.log
2026-08-23T15:20:00+02:00,Prime Intellect,8x A100-80GB PCIe,0,,,out/capacity-pcie.log
2026-08-23T15:25:22+02:00,RunPod,8x A100-80GB PCIe,0,,,out/capacity-pcie.log
2026-08-23T15:25:22+02:00,Prime Intellect,8x A100-80GB PCIe,0,,,out/capacity-pcie.log
2026-08-23T15:30:44+02:00,RunPod,8x A100-80GB PCIe,0,,,out/capacity-pcie.log
2026-08-23T15:30:45+02:00,Prime Intellect,8x A100-80GB PCIe,0,,,out/capacity-pcie.log
2026-08-23T15:36:07+02:00,RunPod,8x A100-80GB PCIe,0,,,out/capacity-pcie.log
2026-08-23T15:36:07+02:00,Prime Intellect,8x A100-80GB PCIe,0,,,out/capacity-pcie.log
2026-08-23T15:41:30+02:00,RunPod,8x A100-80GB PCIe,0,,,out/capacity-pcie.log
2026-08-23T15:41:30+02:00,Prime Intellect,8x A100-80GB PCIe,0,,,out/capacity-pcie.log
2026-08-23T15:46:52+02:00,RunPod,8x A100-80GB PCIe,0,,,out/capacity-pcie.log
2026-08-23T15:46:52+02:00,Prime Intellect,8x A100-80GB PCIe,0,,,out/capacity-pcie.log
2026-08-23T15:52:15+02:00,RunPod,8x A100-80GB PCIe,0,,,out/capacity-pcie.log
2026-08-23T15:52:15+02:00,Prime Intellect,8x A100-80GB PCIe,0,,,out/capacity-pcie.log
2026-08-23T15:57:38+02:00,RunPod,8x A100-80GB PCIe,0,,,out/capacity-pcie.log
2026-08-23T15:57:38+02:00,Prime Intellect,8x A100-80GB PCIe,0,,,out/capacity-pcie.log
2026-08-23T16:03:00+02:00,RunPod,8x A100-80GB PCIe,0,,,out/capacity-pcie.log
2026-08-23T16:03:01+02:00,Prime Intellect,8x A100-80GB PCIe,0,,,out/capacity-pcie.log
2026-08-23T16:08:24+02:00,RunPod,8x A100-80GB PCIe,0,,,out/capacity-pcie.log
2026-08-23T16:08:24+02:00,Prime Intellect,8x A100-80GB PCIe,0,,,out/capacity-pcie.log
2026-08-23T16:13:46+02:00,RunPod,8x A100-80GB PCIe,0,,,out/capacity-pcie.log
2026-08-23T16:13:47+02:00,Prime Intellect,8x A100-80GB PCIe,0,,,out/capacity-pcie.log
2026-08-23T16:19:09+02:00,RunPod,8x A100-80GB PCIe,0,,,out/capacity-pcie.log
2026-08-23T16:19:09+02:00,Prime Intellect,8x A100-80GB PCIe,0,,,out/capacity-pcie.log
2026-08-23T16:24:32+02:00,RunPod,8x A100-80GB PCIe,0,,,out/capacity-pcie.log
2026-08-23T16:24:32+02:00,Prime Intellect,8x A100-80GB PCIe,0,,,out/capacity-pcie.log
2026-08-23T16:29:55+02:00,RunPod,8x A100-80GB PCIe,0,,,out/capacity-pcie.log
2026-08-23T16:29:55+02:00,Prime Intellect,8x A100-80GB PCIe,0,,,out/capacity-pcie.log
2026-08-23T16:35:17+02:00,RunPod,8x A100-80GB PCIe,0,,,out/capacity-pcie.log
2026-08-23T16:35:18+02:00,Prime Intellect,8x A100-80GB PCIe,0,,,out/capacity-pcie.log
2026-08-23T16:40:40+02:00,RunPod,8x A100-80GB PCIe,0,,,out/capacity-pcie.log
2026-08-23T16:40:40+02:00,Prime Intellect,8x A100-80GB PCIe,0,,,out/capacity-pcie.log
2026-08-23T16:46:02+02:00,RunPod,8x A100-80GB PCIe,0,,,out/capacity-pcie.log
2026-08-23T16:46:03+02:00,Prime Intellect,8x A100-80GB PCIe,0,,,out/capacity-pcie.log
2026-08-23T16:51:25+02:00,RunPod,8x A100-80GB PCIe,0,,,out/capacity-pcie.log
2026-08-23T16:51:26+02:00,Prime Intellect,8x A100-80GB PCIe,0,,,out/capacity-pcie.log
2026-08-23T16:56:48+02:00,RunPod,8x A100-80GB PCIe,0,,,out/capacity-pcie.log
2026-08-23T16:56:48+02:00,Prime Intellect,8x A100-80GB PCIe,0,,,out/capacity-pcie.log
2026-08-23T17:02:10+02:00,RunPod,8x A100-80GB PCIe,0,,,out/capacity-pcie.log
2026-08-23T17:02:11+02:00,Prime Intellect,8x A100-80GB PCIe,0,,,out/capacity-pcie.log
2026-08-23T17:07:33+02:00,RunPod,8x A100-80GB PCIe,0,,,out/capacity-pcie.log
2026-08-23T17:07:33+02:00,Prime Intellect,8x A100-80GB PCIe,0,,,out/capacity-pcie.log
2026-08-23T17:12:56+02:00,RunPod,8x A100-80GB PCIe,0,,,out/capacity-pcie.log
2026-08-23T17:12:57+02:00,Prime Intellect,8x A100-80GB PCIe,0,,,out/capacity-pcie.log
2026-08-23T17:18:19+02:00,RunPod,8x A100-80GB PCIe,0,,,out/capacity-pcie.log
2026-08-23T17:18:19+02:00,Prime Intellect,8x A100-80GB PCIe,0,,,out/capacity-pcie.log
2026-08-23T17:23:41+02:00,RunPod,8x A100-80GB PCIe,0,,,out/capacity-pcie.log
2026-08-23T17:23:42+02:00,Prime Intellect,8x A100-80GB PCIe,0,,,out/capacity-pcie.log
2026-08-23T17:29:04+02:00,RunPod,8x A100-80GB PCIe,0,,,out/capacity-pcie.log
2026-08-23T17:29:04+02:00,Prime Intellect,8x A100-80GB PCIe,0,,,out/capacity-pcie.log
2026-08-23T17:34:27+02:00,RunPod,8x A100-80GB PCIe,0,,,out/capacity-pcie.log
2026-08-23T17:34:27+02:00,Prime Intellect,8x A100-80GB PCIe,0,,,out/capacity-pcie.log
2026-08-23T17:39:49+02:00,RunPod,8x A100-80GB PCIe,0,,,out/capacity-pcie.log
2026-08-23T17:39:50+02:00,Prime Intellect,8x A100-80GB PCIe,0,,,out/capacity-pcie.log
2026-08-23T17:45:12+02:00,RunPod,8x A100-80GB PCIe,0,,,out/capacity-pcie.log
2026-08-23T17:45:12+02:00,Prime Intellect,8x A100-80GB PCIe,0,,,out/capacity-pcie.log
2026-08-23T17:50:34+02:00,RunPod,8x A100-80GB PCIe,0,,,out/capacity-pcie.log
2026-08-23T17:50:35+02:00,Prime Intellect,8x A100-80GB PCIe,0,,,out/capacity-pcie.log
2026-08-23T17:55:57+02:00,RunPod,8x A100-80GB PCIe,0,,,out/capacity-pcie.log
2026-08-23T17:55:57+02:00,Prime Intellect,8x A100-80GB PCIe,0,,,out/capacity-pcie.log
2026-08-23T18:01:20+02:00,RunPod,8x A100-80GB PCIe,0,,,out/capacity-pcie.log
2026-08-23T18:01:20+02:00,Prime Intellect,8x A100-80GB PCIe,0,,,out/capacity-pcie.log
2026-08-23T18:06:43+02:00,RunPod,8x A100-80GB PCIe,0,,,out/capacity-pcie.log
2026-08-23T18:06:43+02:00,Prime Intellect,8x A100-80GB PCIe,0,,,out/capacity-pcie.log
2026-08-23T18:12:05+02:00,RunPod,8x A100-80GB PCIe,0,,,out/capacity-pcie.log
2026-08-23T18:12:06+02:00,Prime Intellect,8x A100-80GB PCIe,0,,,out/capacity-pcie.log
2026-08-23T18:17:29+02:00,RunPod,8x A100-80GB PCIe,0,,,out/capacity-pcie.log
2026-08-23T18:17:29+02:00,Prime Intellect,8x A100-80GB PCIe,0,,,out/capacity-pcie.log
2026-08-23T18:22:52+02:00,RunPod,8x A100-80GB PCIe,0,,,out/capacity-pcie.log
2026-08-23T18:22:52+02:00,Prime Intellect,8x A100-80GB PCIe,0,,,out/capacity-pcie.log
2026-08-23T18:28:14+02:00,RunPod,8x A100-80GB PCIe,0,,,out/capacity-pcie.log
2026-08-23T18:28:14+02:00,Prime Intellect,8x A100-80GB PCIe,0,,,out/capacity-pcie.log
2026-08-23T18:33:36+02:00,RunPod,8x A100-80GB PCIe,0,,,out/capacity-pcie.log
2026-08-23T18:33:37+02:00,Prime Intellect,8x A100-80GB PCIe,0,,,out/capacity-pcie.log
2026-08-23T18:38:59+02:00,RunPod,8x A100-80GB PCIe,0,,,out/capacity-pcie.log
2026-08-23T18:38:59+02:00,Prime Intellect,8x A100-80GB PCIe,0,,,out/capacity-pcie.log
2026-08-23T18:44:22+02:00,RunPod,8x A100-80GB PCIe,0,,,out/capacity-pcie.log
2026-08-23T18:44:22+02:00,Prime Intellect,8x A100-80GB PCIe,0,,,out/capacity-pcie.log
2026-08-23T18:49:44+02:00,RunPod,8x A100-80GB PCIe,0,,,out/capacity-pcie.log
2026-08-23T18:49:44+02:00,Prime Intellect,8x A100-80GB PCIe,0,,,out/capacity-pcie.log
2026-08-23T18:55:06+02:00,RunPod,8x A100-80GB PCIe,0,,,out/capacity-pcie.log
2026-08-23T18:55:07+02:00,Prime Intellect,8x A100-80GB PCIe,0,,,out/capacity-pcie.log
2026-08-23T19:00:29+02:00,RunPod,8x A100-80GB PCIe,0,,,out/capacity-pcie.log
2026-08-23T19:00:30+02:00,Prime Intellect,8x A100-80GB PCIe,0,,,out/capacity-pcie.log
2026-08-23T19:05:53+02:00,RunPod,8x A100-80GB PCIe,0,,,out/capacity-pcie.log
2026-08-23T19:05:54+02:00,Prime Intellect,8x A100-80GB PCIe,0,,,out/capacity-pcie.log
2026-08-23T19:11:16+02:00,RunPod,8x A100-80GB PCIe,0,,,out/capacity-pcie.log
2026-08-23T19:11:16+02:00,Prime Intellect,8x A100-80GB PCIe,0,,,out/capacity-pcie.log
2026-08-23T19:16:38+02:00,RunPod,8x A100-80GB PCIe,0,,,out/capacity-pcie.log
2026-08-23T19:16:39+02:00,Prime Intellect,8x A100-80GB PCIe,0,,,out/capacity-pcie.log
2026-08-23T19:22:01+02:00,RunPod,8x A100-80GB PCIe,0,,,out/capacity-pcie.log
2026-08-23T19:22:02+02:00,Prime Intellect,8x A100-80GB PCIe,0,,,out/capacity-pcie.log
2026-08-23T19:27:24+02:00,RunPod,8x A100-80GB PCIe,0,,,out/capacity-pcie.log
2026-08-23T19:27:24+02:00,Prime Intellect,8x A100-80GB PCIe,0,,,out/capacity-pcie.log
2026-08-23T19:32:47+02:00,RunPod,8x A100-80GB PCIe,0,,,out/capacity-pcie.log
2026-08-23T19:32:47+02:00,Prime Intellect,8x A100-80GB PCIe,0,,,out/capacity-pcie.log
2026-08-23T19:38:09+02:00,RunPod,8x A100-80GB PCIe,0,,,out/capacity-pcie.log
2026-08-23T19:38:10+02:00,Prime Intellect,8x A100-80GB PCIe,0,,,out/capacity-pcie.log
2026-08-23T19:43:32+02:00,RunPod,8x A100-80GB PCIe,0,,,out/capacity-pcie.log
2026-08-23T19:43:32+02:00,Prime Intellect,8x A100-80GB PCIe,0,,,out/capacity-pcie.log
2026-08-23T19:48:54+02:00,RunPod,8x A100-80GB PCIe,0,,,out/capacity-pcie.log
2026-08-23T19:48:55+02:00,Prime Intellect,8x A100-80GB PCIe,0,,,out/capacity-pcie.log
2026-08-23T19:54:17+02:00,RunPod,8x A100-80GB PCIe,0,,,out/capacity-pcie.log
2026-08-23T19:54:18+02:00,Prime Intellect,8x A100-80GB PCIe,0,,,out/capacity-pcie.log
2026-08-23T19:59:40+02:00,RunPod,8x A100-80GB PCIe,0,,,out/capacity-pcie.log
2026-08-23T19:59:40+02:00,Prime Intellect,8x A100-80GB PCIe,0,,,out/capacity-pcie.log
2026-08-23T20:05:02+02:00,RunPod,8x A100-80GB PCIe,0,,,out/capacity-pcie.log
2026-08-23T20:05:03+02:00,Prime Intellect,8x A100-80GB PCIe,0,,,out/capacity-pcie.log
2026-08-23T20:10:25+02:00,RunPod,8x A100-80GB PCIe,0,,,out/capacity-pcie.log
2026-08-23T20:10:25+02:00,Prime Intellect,8x A100-80GB PCIe,0,,,out/capacity-pcie.log
2026-08-23T20:15:49+02:00,RunPod,8x A100-80GB PCIe,0,,,out/capacity-pcie.log
2026-08-23T20:15:49+02:00,Prime Intellect,8x A100-80GB PCIe,0,,,out/capacity-pcie.log
2026-08-23T20:21:12+02:00,RunPod,8x A100-80GB PCIe,0,,,out/capacity-pcie.log
2026-08-23T20:21:12+02:00,Prime Intellect,8x A100-80GB PCIe,0,,,out/capacity-pcie.log
2026-08-23T20:26:34+02:00,RunPod,8x A100-80GB PCIe,0,,,out/capacity-pcie.log
2026-08-23T20:26:35+02:00,Prime Intellect,8x A100-80GB PCIe,0,,,out/capacity-pcie.log
2026-08-23T20:31:57+02:00,RunPod,8x A100-80GB PCIe,0,,,out/capacity-pcie.log
2026-08-23T20:31:57+02:00,Prime Intellect,8x A100-80GB PCIe,0,,,out/capacity-pcie.log
2026-08-23T20:37:20+02:00,RunPod,8x A100-80GB PCIe,0,,,out/capacity-pcie.log
2026-08-23T20:37:20+02:00,Prime Intellect,8x A100-80GB PCIe,0,,,out/capacity-pcie.log
2026-08-23T20:42:42+02:00,RunPod,8x A100-80GB PCIe,0,,,out/capacity-pcie.log
2026-08-23T20:42:43+02:00,Prime Intellect,8x A100-80GB PCIe,0,,,out/capacity-pcie.log
2026-08-23T20:48:05+02:00,RunPod,8x A100-80GB PCIe,0,,,out/capacity-pcie.log
2026-08-23T20:48:05+02:00,Prime Intellect,8x A100-80GB PCIe,0,,,out/capacity-pcie.log
2026-08-23T20:53:28+02:00,RunPod,8x A100-80GB PCIe,0,,,out/capacity-pcie.log
2026-08-23T20:53:28+02:00,Prime Intellect,8x A100-80GB PCIe,0,,,out/capacity-pcie.log
2026-08-23T20:58:50+02:00,RunPod,8x A100-80GB PCIe,0,,,out/capacity-pcie.log
2026-08-23T20:58:50+02:00,Prime Intellect,8x A100-80GB PCIe,0,,,out/capacity-pcie.log
2026-08-23T21:04:13+02:00,RunPod,8x A100-80GB PCIe,0,,,out/capacity-pcie.log
2026-08-23T21:04:13+02:00,Prime Intellect,8x A100-80GB PCIe,0,,,out/capacity-pcie.log
2026-08-23T21:09:35+02:00,RunPod,8x A100-80GB PCIe,0,,,out/capacity-pcie.log
2026-08-23T21:09:36+02:00,Prime Intellect,8x A100-80GB PCIe,0,,,out/capacity-pcie.log
2026-08-23T21:14:58+02:00,RunPod,8x A100-80GB PCIe,0,,,out/capacity-pcie.log
2026-08-23T21:14:58+02:00,Prime Intellect,8x A100-80GB PCIe,0,,,out/capacity-pcie.log
2026-08-23T21:20:20+02:00,RunPod,8x A100-80GB PCIe,0,,,out/capacity-pcie.log
2026-08-23T21:20:21+02:00,Prime Intellect,8x A100-80GB PCIe,0,,,out/capacity-pcie.log
2026-08-23T21:25:43+02:00,RunPod,8x A100-80GB PCIe,0,,,out/capacity-pcie.log
2026-08-23T21:25:43+02:00,Prime Intellect,8x A100-80GB PCIe,0,,,out/capacity-pcie.log
2026-08-23T21:31:06+02:00,RunPod,8x A100-80GB PCIe,0,,,out/capacity-pcie.log
2026-08-23T21:31:06+02:00,Prime Intellect,8x A100-80GB PCIe,0,,,out/capacity-pcie.log
2026-08-23T21:36:28+02:00,RunPod,8x A100-80GB PCIe,0,,,out/capacity-pcie.log
2026-08-23T21:36:28+02:00,Prime Intellect,8x A100-80GB PCIe,0,,,out/capacity-pcie.log
2026-08-23T21:41:50+02:00,RunPod,8x A100-80GB PCIe,0,,,out/capacity-pcie.log
2026-08-23T21:41:51+02:00,Prime Intellect,8x A100-80GB PCIe,0,,,out/capacity-pcie.log
2026-08-23T21:47:13+02:00,RunPod,8x A100-80GB PCIe,0,,,out/capacity-pcie.log
2026-08-23T21:47:14+02:00,Prime Intellect,8x A100-80GB PCIe,0,,,out/capacity-pcie.log
2026-08-23T21:52:36+02:00,RunPod,8x A100-80GB PCIe,0,,,out/capacity-pcie.log
2026-08-23T21:52:36+02:00,Prime Intellect,8x A100-80GB PCIe,0,,,out/capacity-pcie.log
2026-08-23T21:57:58+02:00,RunPod,8x A100-80GB PCIe,0,,,out/capacity-pcie.log
2026-08-23T21:57:59+02:00,Prime Intellect,8x A100-80GB PCIe,0,,,out/capacity-pcie.log
2026-08-23T22:03:21+02:00,RunPod,8x A100-80GB PCIe,0,,,out/capacity-pcie.log
2026-08-23T22:03:21+02:00,Prime Intellect,8x A100-80GB PCIe,0,,,out/capacity-pcie.log
2026-08-23T22:08:44+02:00,RunPod,8x A100-80GB PCIe,0,,,out/capacity-pcie.log
2026-08-23T22:08:44+02:00,Prime Intellect,8x A100-80GB PCIe,0,,,out/capacity-pcie.log
2026-08-23T22:14:07+02:00,RunPod,8x A100-80GB PCIe,0,,,out/capacity-pcie.log
2026-08-23T22:14:07+02:00,Prime Intellect,8x A100-80GB PCIe,0,,,out/capacity-pcie.log
2026-08-23T22:19:29+02:00,RunPod,8x A100-80GB PCIe,0,,,out/capacity-pcie.log
2026-08-23T22:19:30+02:00,Prime Intellect,8x A100-80GB PCIe,0,,,out/capacity-pcie.log
2026-08-23T22:24:52+02:00,RunPod,8x A100-80GB PCIe,0,,,out/capacity-pcie.log
2026-08-23T22:24:52+02:00,Prime Intellect,8x A100-80GB PCIe,0,,,out/capacity-pcie.log
2026-08-23T22:30:15+02:00,RunPod,8x A100-80GB PCIe,0,,,out/capacity-pcie.log
2026-08-23T22:30:15+02:00,Prime Intellect,8x A100-80GB PCIe,0,,,out/capacity-pcie.log
2026-08-23T22:35:37+02:00,RunPod,8x A100-80GB PCIe,0,,,out/capacity-pcie.log
2026-08-23T22:35:38+02:00,Prime Intellect,8x A100-80GB PCIe,0,,,out/capacity-pcie.log
2026-08-23T22:41:00+02:00,RunPod,8x A100-80GB PCIe,0,,,out/capacity-pcie.log
2026-08-23T22:41:00+02:00,Prime Intellect,8x A100-80GB PCIe,0,,,out/capacity-pcie.log
2026-08-23T22:46:23+02:00,RunPod,8x A100-80GB PCIe,0,,,out/capacity-pcie.log
2026-08-23T22:46:23+02:00,Prime Intellect,8x A100-80GB PCIe,0,,,out/capacity-pcie.log
2026-08-23T22:51:45+02:00,RunPod,8x A100-80GB PCIe,0,,,out/capacity-pcie.log
2026-08-23T22:51:46+02:00,Prime Intellect,8x A100-80GB PCIe,0,,,out/capacity-pcie.log
2026-08-23T22:57:08+02:00,RunPod,8x A100-80GB PCIe,0,,,out/capacity-pcie.log
2026-08-23T22:57:08+02:00,Prime Intellect,8x A100-80GB PCIe,0,,,out/capacity-pcie.log
2026-08-23T23:02:30+02:00,RunPod,8x A100-80GB PCIe,0,,,out/capacity-pcie.log
2026-08-23T23:02:30+02:00,Prime Intellect,8x A100-80GB PCIe,0,,,out/capacity-pcie.log
2026-08-23T23:07:53+02:00,RunPod,8x A100-80GB PCIe,0,,,out/capacity-pcie.log
2026-08-23T23:07:53+02:00,Prime Intellect,8x A100-80GB PCIe,0,,,out/capacity-pcie.log
2026-08-23T23:13:16+02:00,RunPod,8x A100-80GB PCIe,0,,,out/capacity-pcie.log
2026-08-23T23:13:16+02:00,Prime Intellect,8x A100-80GB PCIe,0,,,out/capacity-pcie.log
2026-08-23T23:18:38+02:00,RunPod,8x A100-80GB PCIe,0,,,out/capacity-pcie.log
2026-08-23T23:18:39+02:00,Prime Intellect,8x A100-80GB PCIe,0,,,out/capacity-pcie.log
2026-08-23T23:24:01+02:00,RunPod,8x A100-80GB PCIe,0,,,out/capacity-pcie.log
2026-08-23T23:24:01+02:00,Prime Intellect,8x A100-80GB PCIe,0,,,out/capacity-pcie.log
2026-08-23T23:29:23+02:00,RunPod,8x A100-80GB PCIe,0,,,out/capacity-pcie.log
2026-08-23T23:29:23+02:00,Prime Intellect,8x A100-80GB PCIe,0,,,out/capacity-pcie.log
2026-08-23T23:34:45+02:00,RunPod,8x A100-80GB PCIe,0,,,out/capacity-pcie.log
2026-08-23T23:34:46+02:00,Prime Intellect,8x A100-80GB PCIe,0,,,out/capacity-pcie.log
2026-08-23T23:40:08+02:00,RunPod,8x A100-80GB PCIe,0,,,out/capacity-pcie.log
2026-08-23T23:40:08+02:00,Prime Intellect,8x A100-80GB PCIe,0,,,out/capacity-pcie.log
2026-08-23T23:45:30+02:00,RunPod,8x A100-80GB PCIe,0,,,out/capacity-pcie.log
2026-08-23T23:45:31+02:00,Prime Intellect,8x A100-80GB PCIe,0,,,out/capacity-pcie.log
2026-08-23T23:50:53+02:00,RunPod,8x A100-80GB PCIe,0,,,out/capacity-pcie.log
2026-08-23T23:50:53+02:00,Prime Intellect,8x A100-80GB PCIe,0,,,out/capacity-pcie.log
2026-08-23T23:56:16+02:00,RunPod,8x A100-80GB PCIe,0,,,out/capacity-pcie.log
2026-08-23T23:56:16+02:00,Prime Intellect,8x A100-80GB PCIe,0,,,out/capacity-pcie.log
2026-08-24T00:01:39+02:00,RunPod,8x A100-80GB PCIe,0,,,out/capacity-pcie.log
2026-08-24T00:01:39+02:00,Prime Intellect,8x A100-80GB PCIe,0,,,out/capacity-pcie.log
2026-08-24T00:07:01+02:00,RunPod,8x A100-80GB PCIe,0,,,out/capacity-pcie.log
2026-08-24T00:07:02+02:00,Prime Intellect,8x A100-80GB PCIe,0,,,out/capacity-pcie.log
2026-08-24T00:12:24+02:00,RunPod,8x A100-80GB PCIe,0,,,out/capacity-pcie.log
2026-08-24T00:12:24+02:00,Prime Intellect,8x A100-80GB PCIe,0,,,out/capacity-pcie.log
2026-08-24T00:17:47+02:00,RunPod,8x A100-80GB PCIe,0,,,out/capacity-pcie.log
2026-08-24T00:17:47+02:00,Prime Intellect,8x A100-80GB PCIe,0,,,out/capacity-pcie.log
2026-08-24T00:23:09+02:00,RunPod,8x A100-80GB PCIe,0,,,out/capacity-pcie.log
2026-08-24T00:23:09+02:00,Prime Intellect,8x A100-80GB PCIe,0,,,out/capacity-pcie.log
2026-08-24T00:28:32+02:00,RunPod,8x A100-80GB PCIe,0,,,out/capacity-pcie.log
2026-08-24T00:28:32+02:00,Prime Intellect,8x A100-80GB PCIe,0,,,out/capacity-pcie.log
2026-08-24T00:33:54+02:00,RunPod,8x A100-80GB PCIe,0,,,out/capacity-pcie.log
2026-08-24T00:33:55+02:00,Prime Intellect,8x A100-80GB PCIe,0,,,out/capacity-pcie.log
2026-08-24T00:39:17+02:00,RunPod,8x A100-80GB PCIe,0,,,out/capacity-pcie.log
2026-08-24T00:39:17+02:00,Prime Intellect,8x A100-80GB PCIe,0,,,out/capacity-pcie.log
2026-08-24T00:44:39+02:00,RunPod,8x A100-80GB PCIe,0,,,out/capacity-pcie.log
2026-08-24T00:44:39+02:00,Prime Intellect,8x A100-80GB PCIe,0,,,out/capacity-pcie.log
2026-08-24T00:50:02+02:00,RunPod,8x A100-80GB PCIe,0,,,out/capacity-pcie.log
2026-08-24T00:50:02+02:00,Prime Intellect,8x A100-80GB PCIe,0,,,out/capacity-pcie.log
2026-08-24T00:55:24+02:00,RunPod,8x A100-80GB PCIe,0,,,out/capacity-pcie.log
2026-08-24T00:55:25+02:00,Prime Intellect,8x A100-80GB PCIe,0,,,out/capacity-pcie.log
2026-08-24T01:00:46+02:00,RunPod,8x A100-80GB PCIe,0,,,out/capacity-pcie.log
2026-08-24T01:00:47+02:00,Prime Intellect,8x A100-80GB PCIe,0,,,out/capacity-pcie.log
2026-08-24T01:06:09+02:00,RunPod,8x A100-80GB PCIe,0,,,out/capacity-pcie.log
2026-08-24T01:06:09+02:00,Prime Intellect,8x A100-80GB PCIe,0,,,out/capacity-pcie.log
2026-08-24T01:11:32+02:00,RunPod,8x A100-80GB PCIe,0,,,out/capacity-pcie.log
2026-08-24T01:11:32+02:00,Prime Intellect,8x A100-80GB PCIe,0,,,out/capacity-pcie.log
2026-08-24T01:16:54+02:00,RunPod,8x A100-80GB PCIe,0,,,out/capacity-pcie.log
2026-08-24T01:16:55+02:00,Prime Intellect,8x A100-80GB PCIe,0,,,out/capacity-pcie.log
2026-08-24T01:22:18+02:00,RunPod,8x A100-80GB PCIe,0,,,out/capacity-pcie.log
2026-08-24T01:22:18+02:00,Prime Intellect,8x A100-80GB PCIe,0,,,out/capacity-pcie.log
2026-08-24T01:27:40+02:00,RunPod,8x A100-80GB PCIe,0,,,out/capacity-pcie.log
2026-08-24T01:27:41+02:00,Prime Intellect,8x A100-80GB PCIe,0,,,out/capacity-pcie.log
2026-08-24T01:33:02+02:00,RunPod,8x A100-80GB PCIe,0,,,out/capacity-pcie.log
2026-08-24T01:33:03+02:00,Prime Intellect,8x A100-80GB PCIe,0,,,out/capacity-pcie.log
2026-08-24T01:38:25+02:00,RunPod,8x A100-80GB PCIe,0,,,out/capacity-pcie.log
2026-08-24T01:38:25+02:00,Prime Intellect,8x A100-80GB PCIe,0,,,out/capacity-pcie.log
2026-08-24T01:43:48+02:00,RunPod,8x A100-80GB PCIe,0,,,out/capacity-pcie.log
2026-08-24T01:43:48+02:00,Prime Intellect,8x A100-80GB PCIe,0,,,out/capacity-pcie.log
2026-08-24T01:49:10+02:00,RunPod,8x A100-80GB PCIe,0,,,out/capacity-pcie.log
2026-08-24T01:49:10+02:00,Prime Intellect,8x A100-80GB PCIe,0,,,out/capacity-pcie.log
2026-08-24T01:54:33+02:00,RunPod,8x A100-80GB PCIe,0,,,out/capacity-pcie.log
2026-08-24T01:54:33+02:00,Prime Intellect,8x A100-80GB PCIe,0,,,out/capacity-pcie.log
2026-08-24T01:59:55+02:00,RunPod,8x A100-80GB PCIe,0,,,out/capacity-pcie.log
2026-08-24T01:59:55+02:00,Prime Intellect,8x A100-80GB PCIe,0,,,out/capacity-pcie.log
2026-08-24T02:05:18+02:00,RunPod,8x A100-80GB PCIe,0,,,out/capacity-pcie.log
2026-08-24T02:05:18+02:00,Prime Intellect,8x A100-80GB PCIe,0,,,out/capacity-pcie.log
2026-08-24T02:10:40+02:00,RunPod,8x A100-80GB PCIe,0,,,out/capacity-pcie.log
2026-08-24T02:10:41+02:00,Prime Intellect,8x A100-80GB PCIe,0,,,out/capacity-pcie.log
2026-08-24T02:16:03+02:00,RunPod,8x A100-80GB PCIe,0,,,out/capacity-pcie.log
2026-08-24T02:16:03+02:00,Prime Intellect,8x A100-80GB PCIe,0,,,out/capacity-pcie.log
2026-08-24T02:21:26+02:00,RunPod,8x A100-80GB PCIe,0,,,out/capacity-pcie.log
2026-08-24T02:21:26+02:00,Prime Intellect,8x A100-80GB PCIe,0,,,out/capacity-pcie.log
2026-08-24T02:26:48+02:00,RunPod,8x A100-80GB PCIe,0,,,out/capacity-pcie.log
2026-08-24T02:26:48+02:00,Prime Intellect,8x A100-80GB PCIe,0,,,out/capacity-pcie.log
2026-08-24T02:32:10+02:00,RunPod,8x A100-80GB PCIe,0,,,out/capacity-pcie.log
2026-08-24T02:32:11+02:00,Prime Intellect,8x A100-80GB PCIe,0,,,out/capacity-pcie.log
2026-08-24T02:37:32+02:00,RunPod,8x A100-80GB PCIe,0,,,out/capacity-pcie.log
2026-08-24T02:37:33+02:00,Prime Intellect,8x A100-80GB PCIe,0,,,out/capacity-pcie.log
2026-08-24T02:42:55+02:00,RunPod,8x A100-80GB PCIe,0,,,out/capacity-pcie.log
2026-08-24T02:42:55+02:00,Prime Intellect,8x A100-80GB PCIe,0,,,out/capacity-pcie.log
2026-08-24T02:48:17+02:00,RunPod,8x A100-80GB PCIe,0,,,out/capacity-pcie.log
2026-08-24T02:48:18+02:00,Prime Intellect,8x A100-80GB PCIe,0,,,out/capacity-pcie.log
2026-08-24T02:53:40+02:00,RunPod,8x A100-80GB PCIe,0,,,out/capacity-pcie.log
2026-08-24T02:53:40+02:00,Prime Intellect,8x A100-80GB PCIe,0,,,out/capacity-pcie.log
2026-08-24T02:59:02+02:00,RunPod,8x A100-80GB PCIe,0,,,out/capacity-pcie.log
2026-08-24T02:59:02+02:00,Prime Intellect,8x A100-80GB PCIe,0,,,out/capacity-pcie.log
2026-08-24T03:04:25+02:00,RunPod,8x A100-80GB PCIe,0,,,out/capacity-pcie.log
2026-08-24T03:04:25+02:00,Prime Intellect,8x A100-80GB PCIe,0,,,out/capacity-pcie.log
2026-08-24T03:09:47+02:00,RunPod,8x A100-80GB PCIe,0,,,out/capacity-pcie.log
2026-08-24T03:09:47+02:00,Prime Intellect,8x A100-80GB PCIe,0,,,out/capacity-pcie.log
2026-08-24T03:15:09+02:00,RunPod,8x A100-80GB PCIe,0,,,out/capacity-pcie.log
2026-08-24T03:15:09+02:00,Prime Intellect,8x A100-80GB PCIe,0,,,out/capacity-pcie.log
2026-08-24T03:20:32+02:00,RunPod,8x A100-80GB PCIe,0,,,out/capacity-pcie.log
2026-08-24T03:20:32+02:00,Prime Intellect,8x A100-80GB PCIe,0,,,out/capacity-pcie.log
2026-08-24T03:25:54+02:00,RunPod,8x A100-80GB PCIe,0,,,out/capacity-pcie.log
2026-08-24T03:25:54+02:00,Prime Intellect,8x A100-80GB PCIe,0,,,out/capacity-pcie.log
2026-08-24T03:31:17+02:00,RunPod,8x A100-80GB PCIe,0,,,out/capacity-pcie.log
2026-08-24T03:31:17+02:00,Prime Intellect,8x A100-80GB PCIe,0,,,out/capacity-pcie.log
2026-08-24T03:36:39+02:00,RunPod,8x A100-80GB PCIe,0,,,out/capacity-pcie.log
2026-08-24T03:36:40+02:00,Prime Intellect,8x A100-80GB PCIe,0,,,out/capacity-pcie.log
2026-08-24T03:42:01+02:00,RunPod,8x A100-80GB PCIe,0,,,out/capacity-pcie.log
2026-08-24T03:42:02+02:00,Prime Intellect,8x A100-80GB PCIe,0,,,out/capacity-pcie.log
2026-08-24T03:47:24+02:00,RunPod,8x A100-80GB PCIe,0,,,out/capacity-pcie.log
2026-08-24T03:47:24+02:00,Prime Intellect,8x A100-80GB PCIe,0,,,out/capacity-pcie.log
2026-08-24T03:52:46+02:00,RunPod,8x A100-80GB PCIe,0,,,out/capacity-pcie.log
2026-08-24T03:52:47+02:00,Prime Intellect,8x A100-80GB PCIe,0,,,out/capacity-pcie.log
2026-08-24T03:58:09+02:00,RunPod,8x A100-80GB PCIe,0,,,out/capacity-pcie.log
2026-08-24T03:58:09+02:00,Prime Intellect,8x A100-80GB PCIe,0,,,out/capacity-pcie.log
2026-08-24T04:03:31+02:00,RunPod,8x A100-80GB PCIe,0,,,out/capacity-pcie.log
2026-08-24T04:03:32+02:00,Prime Intellect,8x A100-80GB PCIe,0,,,out/capacity-pcie.log
2026-08-24T04:08:54+02:00,RunPod,8x A100-80GB PCIe,0,,,out/capacity-pcie.log
2026-08-24T04:08:54+02:00,Prime Intellect,8x A100-80GB PCIe,0,,,out/capacity-pcie.log
2026-08-24T04:14:16+02:00,RunPod,8x A100-80GB PCIe,0,,,out/capacity-pcie.log
2026-08-24T04:14:17+02:00,Prime Intellect,8x A100-80GB PCIe,0,,,out/capacity-pcie.log
2026-08-24T04:19:39+02:00,RunPod,8x A100-80GB PCIe,0,,,out/capacity-pcie.log
2026-08-24T04:19:39+02:00,Prime Intellect,8x A100-80GB PCIe,0,,,out/capacity-pcie.log
2026-08-24T04:25:01+02:00,RunPod,8x A100-80GB PCIe,0,,,out/capacity-pcie.log
2026-08-24T04:25:01+02:00,Prime Intellect,8x A100-80GB PCIe,0,,,out/capacity-pcie.log
2026-08-24T04:30:24+02:00,RunPod,8x A100-80GB PCIe,0,,,out/capacity-pcie.log
2026-08-24T04:30:24+02:00,Prime Intellect,8x A100-80GB PCIe,0,,,out/capacity-pcie.log
2026-08-24T04:35:46+02:00,RunPod,8x A100-80GB PCIe,0,,,out/capacity-pcie.log
2026-08-24T04:35:47+02:00,Prime Intellect,8x A100-80GB PCIe,0,,,out/capacity-pcie.log
2026-08-24T04:41:14+02:00,RunPod,8x A100-80GB PCIe,0,,,out/capacity-pcie.log
2026-08-24T04:41:15+02:00,Prime Intellect,8x A100-80GB PCIe,0,,,out/capacity-pcie.log
2026-08-24T04:46:37+02:00,RunPod,8x A100-80GB PCIe,0,,,out/capacity-pcie.log
2026-08-24T04:46:37+02:00,Prime Intellect,8x A100-80GB PCIe,0,,,out/capacity-pcie.log
2026-08-24T04:51:59+02:00,RunPod,8x A100-80GB PCIe,0,,,out/capacity-pcie.log
2026-08-24T04:52:00+02:00,Prime Intellect,8x A100-80GB PCIe,0,,,out/capacity-pcie.log
2026-08-24T04:57:22+02:00,RunPod,8x A100-80GB PCIe,0,,,out/capacity-pcie.log
2026-08-24T04:57:22+02:00,Prime Intellect,8x A100-80GB PCIe,0,,,out/capacity-pcie.log
2026-08-24T05:02:44+02:00,RunPod,8x A100-80GB PCIe,0,,,out/capacity-pcie.log
2026-08-24T05:02:44+02:00,Prime Intellect,8x A100-80GB PCIe,0,,,out/capacity-pcie.log
2026-08-24T05:08:07+02:00,RunPod,8x A100-80GB PCIe,0,,,out/capacity-pcie.log
2026-08-24T05:08:07+02:00,Prime Intellect,8x A100-80GB PCIe,0,,,out/capacity-pcie.log
2026-08-24T05:13:29+02:00,RunPod,8x A100-80GB PCIe,0,,,out/capacity-pcie.log
2026-08-24T05:13:29+02:00,Prime Intellect,8x A100-80GB PCIe,0,,,out/capacity-pcie.log
2026-08-24T05:18:51+02:00,RunPod,8x A100-80GB PCIe,0,,,out/capacity-pcie.log
2026-08-24T05:18:51+02:00,Prime Intellect,8x A100-80GB PCIe,0,,,out/capacity-pcie.log
2026-08-24T05:24:13+02:00,RunPod,8x A100-80GB PCIe,0,,,out/capacity-pcie.log
2026-08-24T05:24:14+02:00,Prime Intellect,8x A100-80GB PCIe,0,,,out/capacity-pcie.log
2026-08-24T05:29:36+02:00,RunPod,8x A100-80GB PCIe,0,,,out/capacity-pcie.log
2026-08-24T05:29:37+02:00,Prime Intellect,8x A100-80GB PCIe,0,,,out/capacity-pcie.log
2026-08-24T05:34:59+02:00,RunPod,8x A100-80GB PCIe,0,,,out/capacity-pcie.log
2026-08-24T05:34:59+02:00,Prime Intellect,8x A100-80GB PCIe,0,,,out/capacity-pcie.log
2026-08-24T05:40:21+02:00,RunPod,8x A100-80GB PCIe,0,,,out/capacity-pcie.log
2026-08-24T05:40:21+02:00,Prime Intellect,8x A100-80GB PCIe,0,,,out/capacity-pcie.log
2026-08-24T05:45:44+02:00,RunPod,8x A100-80GB PCIe,0,,,out/capacity-pcie.log
2026-08-24T05:45:44+02:00,Prime Intellect,8x A100-80GB PCIe,0,,,out/capacity-pcie.log
2026-08-24T05:51:06+02:00,RunPod,8x A100-80GB PCIe,0,,,out/capacity-pcie.log
2026-08-24T05:51:07+02:00,Prime Intellect,8x A100-80GB PCIe,0,,,out/capacity-pcie.log
2026-08-24T05:56:29+02:00,RunPod,8x A100-80GB PCIe,0,,,out/capacity-pcie.log
2026-08-24T05:56:29+02:00,Prime Intellect,8x A100-80GB PCIe,0,,,out/capacity-pcie.log
2026-08-24T06:01:52+02:00,RunPod,8x A100-80GB PCIe,0,,,out/capacity-pcie.log
2026-08-24T06:01:52+02:00,Prime Intellect,8x A100-80GB PCIe,0,,,out/capacity-pcie.log
2026-08-24T06:07:14+02:00,RunPod,8x A100-80GB PCIe,0,,,out/capacity-pcie.log
2026-08-24T06:07:14+02:00,Prime Intellect,8x A100-80GB PCIe,0,,,out/capacity-pcie.log
2026-08-24T06:12:37+02:00,RunPod,8x A100-80GB PCIe,0,,,out/capacity-pcie.log
2026-08-24T06:12:37+02:00,Prime Intellect,8x A100-80GB PCIe,0,,,out/capacity-pcie.log
2026-08-24T06:17:59+02:00,RunPod,8x A100-80GB PCIe,0,,,out/capacity-pcie.log
2026-08-24T06:17:59+02:00,Prime Intellect,8x A100-80GB PCIe,0,,,out/capacity-pcie.log
2026-08-24T06:23:21+02:00,RunPod,8x A100-80GB PCIe,0,,,out/capacity-pcie.log
2026-08-24T06:23:22+02:00,Prime Intellect,8x A100-80GB PCIe,0,,,out/capacity-pcie.log
2026-08-24T06:28:44+02:00,RunPod,8x A100-80GB PCIe,0,,,out/capacity-pcie.log
2026-08-24T06:28:44+02:00,Prime Intellect,8x A100-80GB PCIe,0,,,out/capacity-pcie.log
2026-08-24T06:34:06+02:00,RunPod,8x A100-80GB PCIe,0,,,out/capacity-pcie.log
2026-08-24T06:34:06+02:00,Prime Intellect,8x A100-80GB PCIe,0,,,out/capacity-pcie.log
2026-08-24T06:39:29+02:00,RunPod,8x A100-80GB PCIe,0,,,out/capacity-pcie.log
2026-08-24T06:39:29+02:00,Prime Intellect,8x A100-80GB PCIe,0,,,out/capacity-pcie.log
2026-08-24T06:44:51+02:00,RunPod,8x A100-80GB PCIe,0,,,out/capacity-pcie.log
2026-08-24T06:44:52+02:00,Prime Intellect,8x A100-80GB PCIe,0,,,out/capacity-pcie.log
2026-08-24T06:50:14+02:00,RunPod,8x A100-80GB PCIe,0,,,out/capacity-pcie.log
2026-08-24T06:50:14+02:00,Prime Intellect,8x A100-80GB PCIe,0,,,out/capacity-pcie.log
2026-08-24T06:55:36+02:00,RunPod,8x A100-80GB PCIe,0,,,out/capacity-pcie.log
2026-08-24T06:55:37+02:00,Prime Intellect,8x A100-80GB PCIe,0,,,out/capacity-pcie.log
2026-08-24T07:01:04+02:00,RunPod,8x A100-80GB PCIe,0,,,out/capacity-pcie.log
2026-08-24T07:01:05+02:00,Prime Intellect,8x A100-80GB PCIe,0,,,out/capacity-pcie.log
2026-08-24T07:06:27+02:00,RunPod,8x A100-80GB PCIe,0,,,out/capacity-pcie.log
2026-08-24T07:06:27+02:00,Prime Intellect,8x A100-80GB PCIe,0,,,out/capacity-pcie.log
2026-08-24T07:11:49+02:00,RunPod,8x A100-80GB PCIe,0,,,out/capacity-pcie.log
2026-08-24T07:11:50+02:00,Prime Intellect,8x A100-80GB PCIe,0,,,out/capacity-pcie.log
2026-08-24T07:17:12+02:00,RunPod,8x A100-80GB PCIe,0,,,out/capacity-pcie.log
2026-08-24T07:17:12+02:00,Prime Intellect,8x A100-80GB PCIe,0,,,out/capacity-pcie.log
2026-08-24T07:22:35+02:00,RunPod,8x A100-80GB PCIe,0,,,out/capacity-pcie.log
2026-08-24T07:22:35+02:00,Prime Intellect,8x A100-80GB PCIe,0,,,out/capacity-pcie.log
2026-08-24T07:27:57+02:00,RunPod,8x A100-80GB PCIe,0,,,out/capacity-pcie.log
2026-08-24T07:27:57+02:00,Prime Intellect,8x A100-80GB PCIe,0,,,out/capacity-pcie.log
2026-08-24T07:33:20+02:00,RunPod,8x A100-80GB PCIe,0,,,out/capacity-pcie.log
2026-08-24T07:33:20+02:00,Prime Intellect,8x A100-80GB PCIe,0,,,out/capacity-pcie.log
2026-08-24T07:38:42+02:00,RunPod,8x A100-80GB PCIe,0,,,out/capacity-pcie.log
2026-08-24T07:38:43+02:00,Prime Intellect,8x A100-80GB PCIe,0,,,out/capacity-pcie.log
2026-08-24T07:44:05+02:00,RunPod,8x A100-80GB PCIe,0,,,out/capacity-pcie.log
2026-08-24T07:44:05+02:00,Prime Intellect,8x A100-80GB PCIe,0,,,out/capacity-pcie.log
2026-08-24T07:49:27+02:00,RunPod,8x A100-80GB PCIe,0,,,out/capacity-pcie.log
2026-08-24T07:49:28+02:00,Prime Intellect,8x A100-80GB PCIe,0,,,out/capacity-pcie.log
2026-08-24T07:54:50+02:00,RunPod,8x A100-80GB PCIe,0,,,out/capacity-pcie.log
2026-08-24T07:54:50+02:00,Prime Intellect,8x A100-80GB PCIe,0,,,out/capacity-pcie.log
2026-08-24T08:00:12+02:00,RunPod,8x A100-80GB PCIe,0,,,out/capacity-pcie.log
2026-08-24T08:00:13+02:00,Prime Intellect,8x A100-80GB PCIe,0,,,out/capacity-pcie.log
2026-08-24T08:05:35+02:00,RunPod,8x A100-80GB PCIe,0,,,out/capacity-pcie.log
2026-08-24T08:05:35+02:00,Prime Intellect,8x A100-80GB PCIe,0,,,out/capacity-pcie.log
2026-08-24T08:10:57+02:00,RunPod,8x A100-80GB PCIe,0,,,out/capacity-pcie.log
2026-08-24T08:10:58+02:00,Prime Intellect,8x A100-80GB PCIe,0,,,out/capacity-pcie.log
2026-08-24T08:16:20+02:00,RunPod,8x A100-80GB PCIe,0,,,out/capacity-pcie.log
2026-08-24T08:16:20+02:00,Prime Intellect,8x A100-80GB PCIe,0,,,out/capacity-pcie.log
2026-08-24T08:21:42+02:00,RunPod,8x A100-80GB PCIe,0,,,out/capacity-pcie.log
2026-08-24T08:21:43+02:00,Prime Intellect,8x A100-80GB PCIe,0,,,out/capacity-pcie.log
2026-08-24T08:27:05+02:00,RunPod,8x A100-80GB PCIe,0,,,out/capacity-pcie.log
2026-08-24T08:27:05+02:00,Prime Intellect,8x A100-80GB PCIe,0,,,out/capacity-pcie.log
2026-08-24T08:32:28+02:00,RunPod,8x A100-80GB PCIe,0,,,out/capacity-pcie.log
2026-08-24T08:32:28+02:00,Prime Intellect,8x A100-80GB PCIe,0,,,out/capacity-pcie.log
2026-08-24T08:37:50+02:00,RunPod,8x A100-80GB PCIe,0,,,out/capacity-pcie.log
2026-08-24T08:37:50+02:00,Prime Intellect,8x A100-80GB PCIe,0,,,out/capacity-pcie.log
2026-08-24T08:43:13+02:00,RunPod,8x A100-80GB PCIe,0,,,out/capacity-pcie.log
2026-08-24T08:43:13+02:00,Prime Intellect,8x A100-80GB PCIe,0,,,out/capacity-pcie.log
2026-08-24T08:48:35+02:00,RunPod,8x A100-80GB PCIe,0,,,out/capacity-pcie.log
2026-08-24T08:48:36+02:00,Prime Intellect,8x A100-80GB PCIe,0,,,out/capacity-pcie.log
2026-08-24T08:53:58+02:00,RunPod,8x A100-80GB PCIe,0,,,out/capacity-pcie.log
2026-08-24T08:53:58+02:00,Prime Intellect,8x A100-80GB PCIe,0,,,out/capacity-pcie.log
2026-08-24T08:59:21+02:00,RunPod,8x A100-80GB PCIe,0,,,out/capacity-pcie.log
2026-08-24T08:59:21+02:00,Prime Intellect,8x A100-80GB PCIe,0,,,out/capacity-pcie.log
2026-08-24T09:04:43+02:00,RunPod,8x A100-80GB PCIe,0,,,out/capacity-pcie.log
2026-08-24T09:04:44+02:00,Prime Intellect,8x A100-80GB PCIe,0,,,out/capacity-pcie.log
2026-08-24T09:10:05+02:00,RunPod,8x A100-80GB PCIe,0,,,out/capacity-pcie.log
2026-08-24T09:10:06+02:00,Prime Intellect,8x A100-80GB PCIe,0,,,out/capacity-pcie.log
2026-08-24T09:15:28+02:00,RunPod,8x A100-80GB PCIe,0,,,out/capacity-pcie.log
2026-08-24T09:15:29+02:00,Prime Intellect,8x A100-80GB PCIe,0,,,out/capacity-pcie.log
2026-08-24T09:20:52+02:00,RunPod,8x A100-80GB PCIe,0,,,out/capacity-pcie.log
2026-08-24T09:20:52+02:00,Prime Intellect,8x A100-80GB PCIe,0,,,out/capacity-pcie.log
2026-08-24T09:26:15+02:00,RunPod,8x A100-80GB PCIe,0,,,out/capacity-pcie.log
2026-08-24T09:26:15+02:00,Prime Intellect,8x A100-80GB PCIe,0,,,out/capacity-pcie.log
2026-08-24T09:31:39+02:00,RunPod,8x A100-80GB PCIe,0,,,out/capacity-pcie.log
2026-08-24T09:31:40+02:00,Prime Intellect,8x A100-80GB PCIe,0,,,out/capacity-pcie.log
2026-08-24T09:37:03+02:00,RunPod,8x A100-80GB PCIe,0,,,out/capacity-pcie.log
2026-08-24T09:37:03+02:00,Prime Intellect,8x A100-80GB PCIe,0,,,out/capacity-pcie.log
2026-08-24T09:42:26+02:00,RunPod,8x A100-80GB PCIe,0,,,out/capacity-pcie.log
2026-08-24T09:42:27+02:00,Prime Intellect,8x A100-80GB PCIe,0,,,out/capacity-pcie.log
2026-08-24T09:47:50+02:00,RunPod,8x A100-80GB PCIe,0,,,out/capacity-pcie.log
2026-08-24T09:47:50+02:00,Prime Intellect,8x A100-80GB PCIe,0,,,out/capacity-pcie.log
2026-08-24T09:53:13+02:00,RunPod,8x A100-80GB PCIe,0,,,out/capacity-pcie.log
2026-08-24T09:53:14+02:00,Prime Intellect,8x A100-80GB PCIe,0,,,out/capacity-pcie.log
2026-08-24T09:58:37+02:00,RunPod,8x A100-80GB PCIe,0,,,out/capacity-pcie.log
2026-08-24T09:58:37+02:00,Prime Intellect,8x A100-80GB PCIe,0,,,out/capacity-pcie.log
2026-08-24T10:04:02+02:00,RunPod,8x A100-80GB PCIe,0,,,out/capacity-pcie.log
2026-08-24T10:04:02+02:00,Prime Intellect,8x A100-80GB PCIe,0,,,out/capacity-pcie.log
2026-08-24T10:09:25+02:00,RunPod,8x A100-80GB PCIe,0,,,out/capacity-pcie.log
2026-08-24T10:09:25+02:00,Prime Intellect,8x A100-80GB PCIe,0,,,out/capacity-pcie.log
2026-08-24T10:14:48+02:00,RunPod,8x A100-80GB PCIe,0,,,out/capacity-pcie.log
2026-08-24T10:14:49+02:00,Prime Intellect,8x A100-80GB PCIe,0,,,out/capacity-pcie.log
2026-08-24T10:20:12+02:00,RunPod,8x A100-80GB PCIe,0,,,out/capacity-pcie.log
2026-08-24T10:20:12+02:00,Prime Intellect,8x A100-80GB PCIe,0,,,out/capacity-pcie.log
2026-08-24T10:25:35+02:00,RunPod,8x A100-80GB PCIe,0,,,out/capacity-pcie.log
2026-08-24T10:25:35+02:00,Prime Intellect,8x A100-80GB PCIe,0,,,out/capacity-pcie.log
2026-08-24T10:30:59+02:00,RunPod,8x A100-80GB PCIe,0,,,out/capacity-pcie.log
2026-08-24T10:30:59+02:00,Prime Intellect,8x A100-80GB PCIe,0,,,out/capacity-pcie.log
2026-08-24T10:36:22+02:00,RunPod,8x A100-80GB PCIe,0,,,out/capacity-pcie.log
2026-08-24T10:36:22+02:00,Prime Intellect,8x A100-80GB PCIe,0,,,out/capacity-pcie.log
2026-08-24T10:41:45+02:00,RunPod,8x A100-80GB PCIe,0,,,out/capacity-pcie.log
2026-08-24T10:41:46+02:00,Prime Intellect,8x A100-80GB PCIe,0,,,out/capacity-pcie.log
2026-08-24T10:47:08+02:00,RunPod,8x A100-80GB PCIe,0,,,out/capacity-pcie.log
2026-08-24T10:47:09+02:00,Prime Intellect,8x A100-80GB PCIe,0,,,out/capacity-pcie.log
2026-08-24T10:52:32+02:00,RunPod,8x A100-80GB PCIe,0,,,out/capacity-pcie.log
2026-08-24T10:52:32+02:00,Prime Intellect,8x A100-80GB PCIe,0,,,out/capacity-pcie.log
2026-08-24T10:57:55+02:00,RunPod,8x A100-80GB PCIe,0,,,out/capacity-pcie.log
2026-08-24T10:57:56+02:00,Prime Intellect,8x A100-80GB PCIe,0,,,out/capacity-pcie.log
2026-08-24T11:03:19+02:00,RunPod,8x A100-80GB PCIe,0,,,out/capacity-pcie.log
2026-08-24T11:03:19+02:00,Prime Intellect,8x A100-80GB PCIe,0,,,out/capacity-pcie.log
2026-08-24T11:08:42+02:00,RunPod,8x A100-80GB PCIe,0,,,out/capacity-pcie.log
2026-08-24T11:08:42+02:00,Prime Intellect,8x A100-80GB PCIe,0,,,out/capacity-pcie.log
2026-08-24T11:14:05+02:00,RunPod,8x A100-80GB PCIe,0,,,out/capacity-pcie.log
2026-08-24T11:14:06+02:00,Prime Intellect,8x A100-80GB PCIe,0,,,out/capacity-pcie.log
2026-08-24T11:19:29+02:00,RunPod,8x A100-80GB PCIe,0,,,out/capacity-pcie.log
2026-08-24T11:19:29+02:00,Prime Intellect,8x A100-80GB PCIe,0,,,out/capacity-pcie.log
2026-08-24T11:24:52+02:00,RunPod,8x A100-80GB PCIe,0,,,out/capacity-pcie.log
2026-08-24T11:24:53+02:00,Prime Intellect,8x A100-80GB PCIe,0,,,out/capacity-pcie.log
2026-08-24T11:30:16+02:00,RunPod,8x A100-80GB PCIe,0,,,out/capacity-pcie.log
2026-08-24T11:30:16+02:00,Prime Intellect,8x A100-80GB PCIe,0,,,out/capacity-pcie.log
2026-08-24T11:35:39+02:00,RunPod,8x A100-80GB PCIe,0,,,out/capacity-pcie.log
2026-08-24T11:35:39+02:00,Prime Intellect,8x A100-80GB PCIe,0,,,out/capacity-pcie.log
2026-08-24T11:41:04+02:00,RunPod,8x A100-80GB PCIe,0,,,out/capacity-pcie.log
2026-08-24T11:41:04+02:00,Prime Intellect,8x A100-80GB PCIe,0,,,out/capacity-pcie.log
2026-08-24T11:46:29+02:00,RunPod,8x A100-80GB PCIe,0,,,out/capacity-pcie.log
2026-08-24T11:46:30+02:00,Prime Intellect,8x A100-80GB PCIe,0,,,out/capacity-pcie.log
2026-08-24T11:51:55+02:00,RunPod,8x A100-80GB PCIe,0,,,out/capacity-pcie.log
2026-08-24T11:51:56+02:00,Prime Intellect,8x A100-80GB PCIe,0,,,out/capacity-pcie.log
2026-08-24T11:57:19+02:00,RunPod,8x A100-80GB PCIe,0,,,out/capacity-pcie.log
2026-08-24T11:57:19+02:00,Prime Intellect,8x A100-80GB PCIe,0,,,out/capacity-pcie.log
2026-08-24T12:02:43+02:00,RunPod,8x A100-80GB PCIe,0,,,out/capacity-pcie.log
2026-08-24T12:02:43+02:00,Prime Intellect,8x A100-80GB PCIe,0,,,out/capacity-pcie.log
2026-08-24T12:08:07+02:00,RunPod,8x A100-80GB PCIe,0,,,out/capacity-pcie.log
2026-08-24T12:08:07+02:00,Prime Intellect,8x A100-80GB PCIe,0,,,out/capacity-pcie.log
2026-08-24T12:13:30+02:00,RunPod,8x A100-80GB PCIe,0,,,out/capacity-pcie.log
2026-08-24T12:13:30+02:00,Prime Intellect,8x A100-80GB PCIe,0,,,out/capacity-pcie.log
2026-08-24T12:18:54+02:00,RunPod,8x A100-80GB PCIe,0,,,out/capacity-pcie.log
2026-08-24T12:18:54+02:00,Prime Intellect,8x A100-80GB PCIe,0,,,out/capacity-pcie.log
2026-08-24T12:24:17+02:00,RunPod,8x A100-80GB PCIe,0,,,out/capacity-pcie.log
2026-08-24T12:24:17+02:00,Prime Intellect,8x A100-80GB PCIe,0,,,out/capacity-pcie.log
2026-08-24T12:29:41+02:00,RunPod,8x A100-80GB PCIe,0,,,out/capacity-pcie.log
2026-08-24T12:29:41+02:00,Prime Intellect,8x A100-80GB PCIe,0,,,out/capacity-pcie.log
2026-08-24T12:35:04+02:00,RunPod,8x A100-80GB PCIe,0,,,out/capacity-pcie.log
2026-08-24T12:35:04+02:00,Prime Intellect,8x A100-80GB PCIe,0,,,out/capacity-pcie.log
2026-08-24T12:40:27+02:00,RunPod,8x A100-80GB PCIe,0,,,out/capacity-pcie.log
2026-08-24T12:40:27+02:00,Prime Intellect,8x A100-80GB PCIe,0,,,out/capacity-pcie.log
2026-08-24T12:45:50+02:00,RunPod,8x A100-80GB PCIe,0,,,out/capacity-pcie.log
2026-08-24T12:45:51+02:00,Prime Intellect,8x A100-80GB PCIe,0,,,out/capacity-pcie.log
2026-08-24T12:51:14+02:00,RunPod,8x A100-80GB PCIe,0,,,out/capacity-pcie.log
2026-08-24T12:51:15+02:00,Prime Intellect,8x A100-80GB PCIe,0,,,out/capacity-pcie.log
2026-08-24T12:56:38+02:00,RunPod,8x A100-80GB PCIe,0,,,out/capacity-pcie.log
2026-08-24T12:56:38+02:00,Prime Intellect,8x A100-80GB PCIe,0,,,out/capacity-pcie.log
2026-08-24T13:02:01+02:00,RunPod,8x A100-80GB PCIe,0,,,out/capacity-pcie.log
2026-08-24T13:02:02+02:00,Prime Intellect,8x A100-80GB PCIe,0,,,out/capacity-pcie.log
2026-08-24T13:07:26+02:00,RunPod,8x A100-80GB PCIe,0,,,out/capacity-pcie.log
2026-08-24T13:07:26+02:00,Prime Intellect,8x A100-80GB PCIe,0,,,out/capacity-pcie.log
2026-08-24T13:12:49+02:00,RunPod,8x A100-80GB PCIe,0,,,out/capacity-pcie.log
2026-08-24T13:12:50+02:00,Prime Intellect,8x A100-80GB PCIe,0,,,out/capacity-pcie.log
2026-08-24T13:18:13+02:00,RunPod,8x A100-80GB PCIe,0,,,out/capacity-pcie.log
2026-08-24T13:18:13+02:00,Prime Intellect,8x A100-80GB PCIe,0,,,out/capacity-pcie.log
2026-08-24T13:23:36+02:00,RunPod,8x A100-80GB PCIe,0,,,out/capacity-pcie.log
2026-08-24T13:23:37+02:00,Prime Intellect,8x A100-80GB PCIe,0,,,out/capacity-pcie.log
2026-08-24T13:29:00+02:00,RunPod,8x A100-80GB PCIe,0,,,out/capacity-pcie.log
2026-08-24T13:29:00+02:00,Prime Intellect,8x A100-80GB PCIe,0,,,out/capacity-pcie.log
2026-08-24T13:34:24+02:00,RunPod,8x A100-80GB PCIe,0,,,out/capacity-pcie.log
2026-08-24T13:34:24+02:00,Prime Intellect,8x A100-80GB PCIe,0,,,out/capacity-pcie.log
2026-08-24T13:39:47+02:00,RunPod,8x A100-80GB PCIe,0,,,out/capacity-pcie.log
2026-08-24T13:39:47+02:00,Prime Intellect,8x A100-80GB PCIe,0,,,out/capacity-pcie.log
2026-08-24T13:45:10+02:00,RunPod,8x A100-80GB PCIe,0,,,out/capacity-pcie.log
2026-08-24T13:45:11+02:00,Prime Intellect,8x A100-80GB PCIe,0,,,out/capacity-pcie.log
2026-08-24T13:50:34+02:00,RunPod,8x A100-80GB PCIe,0,,,out/capacity-pcie.log
2026-08-24T13:50:35+02:00,Prime Intellect,8x A100-80GB PCIe,0,,,out/capacity-pcie.log
2026-08-24T13:55:58+02:00,RunPod,8x A100-80GB PCIe,0,,,out/capacity-pcie.log
2026-08-24T13:55:58+02:00,Prime Intellect,8x A100-80GB PCIe,0,,,out/capacity-pcie.log
2026-08-24T14:01:22+02:00,RunPod,8x A100-80GB PCIe,0,,,out/capacity-pcie.log
2026-08-24T14:01:22+02:00,Prime Intellect,8x A100-80GB PCIe,0,,,out/capacity-pcie.log
2026-08-24T14:06:45+02:00,RunPod,8x A100-80GB PCIe,0,,,out/capacity-pcie.log
2026-08-24T14:06:45+02:00,Prime Intellect,8x A100-80GB PCIe,0,,,out/capacity-pcie.log
2026-08-24T14:12:09+02:00,RunPod,8x A100-80GB PCIe,0,,,out/capacity-pcie.log
2026-08-24T14:12:09+02:00,Prime Intellect,8x A100-80GB PCIe,0,,,out/capacity-pcie.log
2026-08-24T14:17:32+02:00,RunPod,8x A100-80GB PCIe,0,,,out/capacity-pcie.log
2026-08-24T14:17:33+02:00,Prime Intellect,8x A100-80GB PCIe,0,,,out/capacity-pcie.log
2026-08-24T14:22:56+02:00,RunPod,8x A100-80GB PCIe,0,,,out/capacity-pcie.log
2026-08-24T14:22:56+02:00,Prime Intellect,8x A100-80GB PCIe,0,,,out/capacity-pcie.log
2026-08-24T14:28:20+02:00,RunPod,8x A100-80GB PCIe,0,,,out/capacity-pcie.log
2026-08-24T14:28:20+02:00,Prime Intellect,8x A100-80GB PCIe,0,,,out/capacity-pcie.log
2026-08-24T14:33:43+02:00,RunPod,8x A100-80GB PCIe,0,,,out/capacity-pcie.log
2026-08-24T14:33:43+02:00,Prime Intellect,8x A100-80GB PCIe,0,,,out/capacity-pcie.log
2026-08-24T14:39:06+02:00,RunPod,8x A100-80GB PCIe,0,,,out/capacity-pcie.log
2026-08-24T14:39:06+02:00,Prime Intellect,8x A100-80GB PCIe,0,,,out/capacity-pcie.log
2026-08-24T14:44:30+02:00,RunPod,8x A100-80GB PCIe,0,,,out/capacity-pcie.log
2026-08-24T14:44:30+02:00,Prime Intellect,8x A100-80GB PCIe,0,,,out/capacity-pcie.log
2026-08-24T14:49:53+02:00,RunPod,8x A100-80GB PCIe,0,,,out/capacity-pcie.log
2026-08-24T14:49:54+02:00,Prime Intellect,8x A100-80GB PCIe,0,,,out/capacity-pcie.log
2026-08-24T14:55:17+02:00,RunPod,8x A100-80GB PCIe,0,,,out/capacity-pcie.log
2026-08-24T14:55:17+02:00,Prime Intellect,8x A100-80GB PCIe,0,,,out/capacity-pcie.log
2026-08-24T15:00:41+02:00,RunPod,8x A100-80GB PCIe,0,,,out/capacity-pcie.log
2026-08-24T15:00:41+02:00,Prime Intellect,8x A100-80GB PCIe,0,,,out/capacity-pcie.log
2026-08-24T15:06:05+02:00,RunPod,8x A100-80GB PCIe,0,,,out/capacity-pcie.log
2026-08-24T15:06:05+02:00,Prime Intellect,8x A100-80GB PCIe,0,,,out/capacity-pcie.log
2026-08-24T15:11:28+02:00,RunPod,8x A100-80GB PCIe,0,,,out/capacity-pcie.log
2026-08-24T15:11:29+02:00,Prime Intellect,8x A100-80GB PCIe,0,,,out/capacity-pcie.log
2026-08-24T15:16:53+02:00,RunPod,8x A100-80GB PCIe,0,,,out/capacity-pcie.log
2026-08-24T15:16:53+02:00,Prime Intellect,8x A100-80GB PCIe,0,,,out/capacity-pcie.log
2026-08-24T15:22:17+02:00,RunPod,8x A100-80GB PCIe,0,,,out/capacity-pcie.log
2026-08-24T15:22:17+02:00,Prime Intellect,8x A100-80GB PCIe,0,,,out/capacity-pcie.log
2026-08-24T15:27:40+02:00,RunPod,8x A100-80GB PCIe,0,,,out/capacity-pcie.log
2026-08-24T15:27:41+02:00,Prime Intellect,8x A100-80GB PCIe,0,,,out/capacity-pcie.log
2026-08-24T15:33:04+02:00,RunPod,8x A100-80GB PCIe,0,,,out/capacity-pcie.log
2026-08-24T15:33:04+02:00,Prime Intellect,8x A100-80GB PCIe,0,,,out/capacity-pcie.log
2026-08-24T15:38:28+02:00,RunPod,8x A100-80GB PCIe,0,,,out/capacity-pcie.log
2026-08-24T15:38:28+02:00,Prime Intellect,8x A100-80GB PCIe,0,,,out/capacity-pcie.log
2026-08-24T15:43:52+02:00,RunPod,8x A100-80GB PCIe,0,,,out/capacity-pcie.log
2026-08-24T15:43:52+02:00,Prime Intellect,8x A100-80GB PCIe,0,,,out/capacity-pcie.log
2026-08-24T15:49:15+02:00,RunPod,8x A100-80GB PCIe,0,,,out/capacity-pcie.log
2026-08-24T15:49:16+02:00,Prime Intellect,8x A100-80GB PCIe,0,,,out/capacity-pcie.log
2026-08-24T15:54:39+02:00,RunPod,8x A100-80GB PCIe,0,,,out/capacity-pcie.log
2026-08-24T15:54:39+02:00,Prime Intellect,8x A100-80GB PCIe,0,,,out/capacity-pcie.log
2026-08-24T16:00:02+02:00,RunPod,8x A100-80GB PCIe,0,,,out/capacity-pcie.log
2026-08-24T16:00:03+02:00,Prime Intellect,8x A100-80GB PCIe,0,,,out/capacity-pcie.log
2026-08-24T16:05:26+02:00,RunPod,8x A100-80GB PCIe,0,,,out/capacity-pcie.log
2026-08-24T16:05:26+02:00,Prime Intellect,8x A100-80GB PCIe,0,,,out/capacity-pcie.log
2026-08-24T16:10:50+02:00,RunPod,8x A100-80GB PCIe,0,,,out/capacity-pcie.log
2026-08-24T16:10:50+02:00,Prime Intellect,8x A100-80GB PCIe,0,,,out/capacity-pcie.log
2026-08-24T16:16:20+02:00,RunPod,8x A100-80GB PCIe,0,,,out/capacity-pcie.log
2026-08-24T16:16:20+02:00,Prime Intellect,8x A100-80GB PCIe,0,,,out/capacity-pcie.log
2026-08-24T16:21:43+02:00,RunPod,8x A100-80GB PCIe,0,,,out/capacity-pcie.log
2026-08-24T16:21:44+02:00,Prime Intellect,8x A100-80GB PCIe,0,,,out/capacity-pcie.log
2026-08-24T16:27:07+02:00,RunPod,8x A100-80GB PCIe,0,,,out/capacity-pcie.log
2026-08-24T16:27:07+02:00,Prime Intellect,8x A100-80GB PCIe,0,,,out/capacity-pcie.log
2026-08-24T16:32:31+02:00,RunPod,8x A100-80GB PCIe,0,,,out/capacity-pcie.log
2026-08-24T16:32:31+02:00,Prime Intellect,8x A100-80GB PCIe,0,,,out/capacity-pcie.log
