series,step,tokens_billions,train_loss,lr,step_ms,mfu_percent,status,source_file,notes
"DDP (8xA100, NVLink)",0,0.0,10.8258,7.2e-06,23922.2,1.0,measured,out/runpod-8gpu/session_out/train.log + out/runpod-8gpu/session_out/train_ext.log,Clean 10000-step trapezoid; the step-8000 checkpoint joins the two logs.
"DDP (8xA100, NVLink)",10,0.0049152,10.4772,7.92e-05,307.9,80.3,measured,out/runpod-8gpu/session_out/train.log + out/runpod-8gpu/session_out/train_ext.log,Clean 10000-step trapezoid; the step-8000 checkpoint joins the two logs.
"DDP (8xA100, NVLink)",20,0.0098304,9.5161,0.000151,308.4,80.2,measured,out/runpod-8gpu/session_out/train.log + out/runpod-8gpu/session_out/train_ext.log,Clean 10000-step trapezoid; the step-8000 checkpoint joins the two logs.
"DDP (8xA100, NVLink)",30,0.0147456,8.5415,0.000223,308.6,80.1,measured,out/runpod-8gpu/session_out/train.log + out/runpod-8gpu/session_out/train_ext.log,Clean 10000-step trapezoid; the step-8000 checkpoint joins the two logs.
"DDP (8xA100, NVLink)",40,0.0196608,7.7843,0.000295,308.4,80.2,measured,out/runpod-8gpu/session_out/train.log + out/runpod-8gpu/session_out/train_ext.log,Clean 10000-step trapezoid; the step-8000 checkpoint joins the two logs.
"DDP (8xA100, NVLink)",50,0.024576,7.6099,0.000367,309.4,79.9,measured,out/runpod-8gpu/session_out/train.log + out/runpod-8gpu/session_out/train_ext.log,Clean 10000-step trapezoid; the step-8000 checkpoint joins the two logs.
"DDP (8xA100, NVLink)",60,0.0294912,7.2774,0.000439,309.8,79.8,measured,out/runpod-8gpu/session_out/train.log + out/runpod-8gpu/session_out/train_ext.log,Clean 10000-step trapezoid; the step-8000 checkpoint joins the two logs.
"DDP (8xA100, NVLink)",70,0.0344064,6.9055,0.000511,310.2,79.7,measured,out/runpod-8gpu/session_out/train.log + out/runpod-8gpu/session_out/train_ext.log,Clean 10000-step trapezoid; the step-8000 checkpoint joins the two logs.
"DDP (8xA100, NVLink)",80,0.0393216,6.7736,0.000583,310.5,79.7,measured,out/runpod-8gpu/session_out/train.log + out/runpod-8gpu/session_out/train_ext.log,Clean 10000-step trapezoid; the step-8000 checkpoint joins the two logs.
"DDP (8xA100, NVLink)",90,0.0442368,6.7298,0.000655,310.5,79.7,measured,out/runpod-8gpu/session_out/train.log + out/runpod-8gpu/session_out/train_ext.log,Clean 10000-step trapezoid; the step-8000 checkpoint joins the two logs.
"DDP (8xA100, NVLink)",100,0.049152,6.4071,0.000727,310.0,79.8,measured,out/runpod-8gpu/session_out/train.log + out/runpod-8gpu/session_out/train_ext.log,Clean 10000-step trapezoid; the step-8000 checkpoint joins the two logs.
"DDP (8xA100, NVLink)",110,0.0540672,6.2724,0.000799,311.9,79.3,measured,out/runpod-8gpu/session_out/train.log + out/runpod-8gpu/session_out/train_ext.log,Clean 10000-step trapezoid; the step-8000 checkpoint joins the two logs.
"DDP (8xA100, NVLink)",120,0.0589824,6.0775,0.000871,310.7,79.6,measured,out/runpod-8gpu/session_out/train.log + out/runpod-8gpu/session_out/train_ext.log,Clean 10000-step trapezoid; the step-8000 checkpoint joins the two logs.
"DDP (8xA100, NVLink)",130,0.0638976,6.0824,0.000943,310.8,79.6,measured,out/runpod-8gpu/session_out/train.log + out/runpod-8gpu/session_out/train_ext.log,Clean 10000-step trapezoid; the step-8000 checkpoint joins the two logs.
"DDP (8xA100, NVLink)",140,0.0688128,6.025,0.00102,310.7,79.6,measured,out/runpod-8gpu/session_out/train.log + out/runpod-8gpu/session_out/train_ext.log,Clean 10000-step trapezoid; the step-8000 checkpoint joins the two logs.
"DDP (8xA100, NVLink)",150,0.073728,6.1347,0.00109,311.0,79.5,measured,out/runpod-8gpu/session_out/train.log + out/runpod-8gpu/session_out/train_ext.log,Clean 10000-step trapezoid; the step-8000 checkpoint joins the two logs.
"DDP (8xA100, NVLink)",160,0.0786432,5.9597,0.00116,311.1,79.5,measured,out/runpod-8gpu/session_out/train.log + out/runpod-8gpu/session_out/train_ext.log,Clean 10000-step trapezoid; the step-8000 checkpoint joins the two logs.
"DDP (8xA100, NVLink)",170,0.0835584,6.0718,0.00123,311.1,79.5,measured,out/runpod-8gpu/session_out/train.log + out/runpod-8gpu/session_out/train_ext.log,Clean 10000-step trapezoid; the step-8000 checkpoint joins the two logs.
"DDP (8xA100, NVLink)",180,0.0884736,5.7338,0.0013,311.2,79.5,measured,out/runpod-8gpu/session_out/train.log + out/runpod-8gpu/session_out/train_ext.log,Clean 10000-step trapezoid; the step-8000 checkpoint joins the two logs.
"DDP (8xA100, NVLink)",190,0.0933888,5.7503,0.00138,311.1,79.5,measured,out/runpod-8gpu/session_out/train.log + out/runpod-8gpu/session_out/train_ext.log,Clean 10000-step trapezoid; the step-8000 checkpoint joins the two logs.
"DDP (8xA100, NVLink)",200,0.098304,5.7103,0.00145,311.3,79.5,measured,out/runpod-8gpu/session_out/train.log + out/runpod-8gpu/session_out/train_ext.log,Clean 10000-step trapezoid; the step-8000 checkpoint joins the two logs.
"DDP (8xA100, NVLink)",210,0.1032192,5.6366,0.00152,311.2,79.5,measured,out/runpod-8gpu/session_out/train.log + out/runpod-8gpu/session_out/train_ext.log,Clean 10000-step trapezoid; the step-8000 checkpoint joins the two logs.
"DDP (8xA100, NVLink)",220,0.1081344,5.7,0.00159,311.4,79.4,measured,out/runpod-8gpu/session_out/train.log + out/runpod-8gpu/session_out/train_ext.log,Clean 10000-step trapezoid; the step-8000 checkpoint joins the two logs.
"DDP (8xA100, NVLink)",230,0.1130496,5.7533,0.00166,311.1,79.5,measured,out/runpod-8gpu/session_out/train.log + out/runpod-8gpu/session_out/train_ext.log,Clean 10000-step trapezoid; the step-8000 checkpoint joins the two logs.
"DDP (8xA100, NVLink)",240,0.1179648,5.436,0.00174,312.3,79.2,measured,out/runpod-8gpu/session_out/train.log + out/runpod-8gpu/session_out/train_ext.log,Clean 10000-step trapezoid; the step-8000 checkpoint joins the two logs.
"DDP (8xA100, NVLink)",250,0.12288,5.4487,0.0018,309.6,79.9,measured,out/runpod-8gpu/session_out/train.log + out/runpod-8gpu/session_out/train_ext.log,Clean 10000-step trapezoid; the step-8000 checkpoint joins the two logs.
"DDP (8xA100, NVLink)",260,0.1277952,5.3259,0.0018,310.7,79.6,measured,out/runpod-8gpu/session_out/train.log + out/runpod-8gpu/session_out/train_ext.log,Clean 10000-step trapezoid; the step-8000 checkpoint joins the two logs.
"DDP (8xA100, NVLink)",270,0.1327104,5.308,0.0018,310.7,79.6,measured,out/runpod-8gpu/session_out/train.log + out/runpod-8gpu/session_out/train_ext.log,Clean 10000-step trapezoid; the step-8000 checkpoint joins the two logs.
"DDP (8xA100, NVLink)",280,0.1376256,5.3175,0.0018,310.6,79.6,measured,out/runpod-8gpu/session_out/train.log + out/runpod-8gpu/session_out/train_ext.log,Clean 10000-step trapezoid; the step-8000 checkpoint joins the two logs.
"DDP (8xA100, NVLink)",290,0.1425408,5.2762,0.0018,310.9,79.5,measured,out/runpod-8gpu/session_out/train.log + out/runpod-8gpu/session_out/train_ext.log,Clean 10000-step trapezoid; the step-8000 checkpoint joins the two logs.
"DDP (8xA100, NVLink)",300,0.147456,5.1488,0.0018,310.6,79.6,measured,out/runpod-8gpu/session_out/train.log + out/runpod-8gpu/session_out/train_ext.log,Clean 10000-step trapezoid; the step-8000 checkpoint joins the two logs.
"DDP (8xA100, NVLink)",310,0.1523712,5.1453,0.0018,311.0,79.5,measured,out/runpod-8gpu/session_out/train.log + out/runpod-8gpu/session_out/train_ext.log,Clean 10000-step trapezoid; the step-8000 checkpoint joins the two logs.
"DDP (8xA100, NVLink)",320,0.1572864,5.1096,0.0018,311.0,79.5,measured,out/runpod-8gpu/session_out/train.log + out/runpod-8gpu/session_out/train_ext.log,Clean 10000-step trapezoid; the step-8000 checkpoint joins the two logs.
"DDP (8xA100, NVLink)",330,0.1622016,5.0013,0.0018,311.0,79.5,measured,out/runpod-8gpu/session_out/train.log + out/runpod-8gpu/session_out/train_ext.log,Clean 10000-step trapezoid; the step-8000 checkpoint joins the two logs.
"DDP (8xA100, NVLink)",340,0.1671168,4.876,0.0018,311.3,79.5,measured,out/runpod-8gpu/session_out/train.log + out/runpod-8gpu/session_out/train_ext.log,Clean 10000-step trapezoid; the step-8000 checkpoint joins the two logs.
"DDP (8xA100, NVLink)",350,0.172032,4.817,0.0018,325.1,76.1,measured,out/runpod-8gpu/session_out/train.log + out/runpod-8gpu/session_out/train_ext.log,Clean 10000-step trapezoid; the step-8000 checkpoint joins the two logs.
"DDP (8xA100, NVLink)",360,0.1769472,5.0698,0.0018,311.2,79.5,measured,out/runpod-8gpu/session_out/train.log + out/runpod-8gpu/session_out/train_ext.log,Clean 10000-step trapezoid; the step-8000 checkpoint joins the two logs.
"DDP (8xA100, NVLink)",370,0.1818624,4.9315,0.0018,310.9,79.6,measured,out/runpod-8gpu/session_out/train.log + out/runpod-8gpu/session_out/train_ext.log,Clean 10000-step trapezoid; the step-8000 checkpoint joins the two logs.
"DDP (8xA100, NVLink)",380,0.1867776,4.8337,0.0018,311.6,79.4,measured,out/runpod-8gpu/session_out/train.log + out/runpod-8gpu/session_out/train_ext.log,Clean 10000-step trapezoid; the step-8000 checkpoint joins the two logs.
"DDP (8xA100, NVLink)",390,0.1916928,5.212,0.0018,311.4,79.4,measured,out/runpod-8gpu/session_out/train.log + out/runpod-8gpu/session_out/train_ext.log,Clean 10000-step trapezoid; the step-8000 checkpoint joins the two logs.
"DDP (8xA100, NVLink)",400,0.196608,4.718,0.0018,311.3,79.4,measured,out/runpod-8gpu/session_out/train.log + out/runpod-8gpu/session_out/train_ext.log,Clean 10000-step trapezoid; the step-8000 checkpoint joins the two logs.
"DDP (8xA100, NVLink)",410,0.2015232,4.8263,0.0018,311.8,79.3,measured,out/runpod-8gpu/session_out/train.log + out/runpod-8gpu/session_out/train_ext.log,Clean 10000-step trapezoid; the step-8000 checkpoint joins the two logs.
"DDP (8xA100, NVLink)",420,0.2064384,4.9114,0.0018,311.2,79.5,measured,out/runpod-8gpu/session_out/train.log + out/runpod-8gpu/session_out/train_ext.log,Clean 10000-step trapezoid; the step-8000 checkpoint joins the two logs.
"DDP (8xA100, NVLink)",430,0.2113536,4.8107,0.0018,311.3,79.4,measured,out/runpod-8gpu/session_out/train.log + out/runpod-8gpu/session_out/train_ext.log,Clean 10000-step trapezoid; the step-8000 checkpoint joins the two logs.
"DDP (8xA100, NVLink)",440,0.2162688,4.8999,0.0018,311.1,79.5,measured,out/runpod-8gpu/session_out/train.log + out/runpod-8gpu/session_out/train_ext.log,Clean 10000-step trapezoid; the step-8000 checkpoint joins the two logs.
"DDP (8xA100, NVLink)",450,0.221184,4.6976,0.0018,311.1,79.5,measured,out/runpod-8gpu/session_out/train.log + out/runpod-8gpu/session_out/train_ext.log,Clean 10000-step trapezoid; the step-8000 checkpoint joins the two logs.
"DDP (8xA100, NVLink)",460,0.2260992,4.5729,0.0018,312.2,79.2,measured,out/runpod-8gpu/session_out/train.log + out/runpod-8gpu/session_out/train_ext.log,Clean 10000-step trapezoid; the step-8000 checkpoint joins the two logs.
"DDP (8xA100, NVLink)",470,0.2310144,4.7884,0.0018,312.5,79.2,measured,out/runpod-8gpu/session_out/train.log + out/runpod-8gpu/session_out/train_ext.log,Clean 10000-step trapezoid; the step-8000 checkpoint joins the two logs.
"DDP (8xA100, NVLink)",480,0.2359296,4.4419,0.0018,312.0,79.3,measured,out/runpod-8gpu/session_out/train.log + out/runpod-8gpu/session_out/train_ext.log,Clean 10000-step trapezoid; the step-8000 checkpoint joins the two logs.
"DDP (8xA100, NVLink)",490,0.2408448,4.5787,0.0018,312.5,79.2,measured,out/runpod-8gpu/session_out/train.log + out/runpod-8gpu/session_out/train_ext.log,Clean 10000-step trapezoid; the step-8000 checkpoint joins the two logs.
"DDP (8xA100, NVLink)",500,0.24576,4.5601,0.0018,308.7,80.1,measured,out/runpod-8gpu/session_out/train.log + out/runpod-8gpu/session_out/train_ext.log,Clean 10000-step trapezoid; the step-8000 checkpoint joins the two logs.
"DDP (8xA100, NVLink)",510,0.2506752,4.6046,0.0018,311.2,79.5,measured,out/runpod-8gpu/session_out/train.log + out/runpod-8gpu/session_out/train_ext.log,Clean 10000-step trapezoid; the step-8000 checkpoint joins the two logs.
"DDP (8xA100, NVLink)",520,0.2555904,4.3814,0.0018,311.3,79.5,measured,out/runpod-8gpu/session_out/train.log + out/runpod-8gpu/session_out/train_ext.log,Clean 10000-step trapezoid; the step-8000 checkpoint joins the two logs.
"DDP (8xA100, NVLink)",530,0.2605056,4.5709,0.0018,311.0,79.5,measured,out/runpod-8gpu/session_out/train.log + out/runpod-8gpu/session_out/train_ext.log,Clean 10000-step trapezoid; the step-8000 checkpoint joins the two logs.
"DDP (8xA100, NVLink)",540,0.2654208,4.3823,0.0018,311.0,79.5,measured,out/runpod-8gpu/session_out/train.log + out/runpod-8gpu/session_out/train_ext.log,Clean 10000-step trapezoid; the step-8000 checkpoint joins the two logs.
"DDP (8xA100, NVLink)",550,0.270336,4.1874,0.0018,310.9,79.6,measured,out/runpod-8gpu/session_out/train.log + out/runpod-8gpu/session_out/train_ext.log,Clean 10000-step trapezoid; the step-8000 checkpoint joins the two logs.
"DDP (8xA100, NVLink)",560,0.2752512,4.4587,0.0018,311.0,79.5,measured,out/runpod-8gpu/session_out/train.log + out/runpod-8gpu/session_out/train_ext.log,Clean 10000-step trapezoid; the step-8000 checkpoint joins the two logs.
"DDP (8xA100, NVLink)",570,0.2801664,4.415,0.0018,311.2,79.5,measured,out/runpod-8gpu/session_out/train.log + out/runpod-8gpu/session_out/train_ext.log,Clean 10000-step trapezoid; the step-8000 checkpoint joins the two logs.
"DDP (8xA100, NVLink)",580,0.2850816,4.4863,0.0018,311.4,79.4,measured,out/runpod-8gpu/session_out/train.log + out/runpod-8gpu/session_out/train_ext.log,Clean 10000-step trapezoid; the step-8000 checkpoint joins the two logs.
"DDP (8xA100, NVLink)",590,0.2899968,4.7905,0.0018,311.2,79.5,measured,out/runpod-8gpu/session_out/train.log + out/runpod-8gpu/session_out/train_ext.log,Clean 10000-step trapezoid; the step-8000 checkpoint joins the two logs.
"DDP (8xA100, NVLink)",600,0.294912,4.2182,0.0018,310.9,79.5,measured,out/runpod-8gpu/session_out/train.log + out/runpod-8gpu/session_out/train_ext.log,Clean 10000-step trapezoid; the step-8000 checkpoint joins the two logs.
"DDP (8xA100, NVLink)",610,0.2998272,4.2629,0.0018,311.5,79.4,measured,out/runpod-8gpu/session_out/train.log + out/runpod-8gpu/session_out/train_ext.log,Clean 10000-step trapezoid; the step-8000 checkpoint joins the two logs.
"DDP (8xA100, NVLink)",620,0.3047424,4.2313,0.0018,311.8,79.3,measured,out/runpod-8gpu/session_out/train.log + out/runpod-8gpu/session_out/train_ext.log,Clean 10000-step trapezoid; the step-8000 checkpoint joins the two logs.
"DDP (8xA100, NVLink)",630,0.3096576,4.1502,0.0018,311.7,79.4,measured,out/runpod-8gpu/session_out/train.log + out/runpod-8gpu/session_out/train_ext.log,Clean 10000-step trapezoid; the step-8000 checkpoint joins the two logs.
"DDP (8xA100, NVLink)",640,0.3145728,4.2332,0.0018,311.7,79.4,measured,out/runpod-8gpu/session_out/train.log + out/runpod-8gpu/session_out/train_ext.log,Clean 10000-step trapezoid; the step-8000 checkpoint joins the two logs.
"DDP (8xA100, NVLink)",650,0.319488,4.1804,0.0018,312.3,79.2,measured,out/runpod-8gpu/session_out/train.log + out/runpod-8gpu/session_out/train_ext.log,Clean 10000-step trapezoid; the step-8000 checkpoint joins the two logs.
"DDP (8xA100, NVLink)",660,0.3244032,4.0663,0.0018,312.2,79.2,measured,out/runpod-8gpu/session_out/train.log + out/runpod-8gpu/session_out/train_ext.log,Clean 10000-step trapezoid; the step-8000 checkpoint joins the two logs.
"DDP (8xA100, NVLink)",670,0.3293184,4.2072,0.0018,312.1,79.3,measured,out/runpod-8gpu/session_out/train.log + out/runpod-8gpu/session_out/train_ext.log,Clean 10000-step trapezoid; the step-8000 checkpoint joins the two logs.
"DDP (8xA100, NVLink)",680,0.3342336,4.1384,0.0018,312.5,79.2,measured,out/runpod-8gpu/session_out/train.log + out/runpod-8gpu/session_out/train_ext.log,Clean 10000-step trapezoid; the step-8000 checkpoint joins the two logs.
"DDP (8xA100, NVLink)",690,0.3391488,4.0803,0.0018,312.2,79.2,measured,out/runpod-8gpu/session_out/train.log + out/runpod-8gpu/session_out/train_ext.log,Clean 10000-step trapezoid; the step-8000 checkpoint joins the two logs.
"DDP (8xA100, NVLink)",700,0.344064,4.1337,0.0018,311.7,79.3,measured,out/runpod-8gpu/session_out/train.log + out/runpod-8gpu/session_out/train_ext.log,Clean 10000-step trapezoid; the step-8000 checkpoint joins the two logs.
"DDP (8xA100, NVLink)",710,0.3489792,4.1882,0.0018,312.3,79.2,measured,out/runpod-8gpu/session_out/train.log + out/runpod-8gpu/session_out/train_ext.log,Clean 10000-step trapezoid; the step-8000 checkpoint joins the two logs.
"DDP (8xA100, NVLink)",720,0.3538944,4.1646,0.0018,325.5,76.0,measured,out/runpod-8gpu/session_out/train.log + out/runpod-8gpu/session_out/train_ext.log,Clean 10000-step trapezoid; the step-8000 checkpoint joins the two logs.
"DDP (8xA100, NVLink)",730,0.3588096,4.2482,0.0018,311.2,79.5,measured,out/runpod-8gpu/session_out/train.log + out/runpod-8gpu/session_out/train_ext.log,Clean 10000-step trapezoid; the step-8000 checkpoint joins the two logs.
"DDP (8xA100, NVLink)",740,0.3637248,4.0941,0.0018,312.2,79.2,measured,out/runpod-8gpu/session_out/train.log + out/runpod-8gpu/session_out/train_ext.log,Clean 10000-step trapezoid; the step-8000 checkpoint joins the two logs.
"DDP (8xA100, NVLink)",750,0.36864,4.0255,0.0018,308.8,80.1,measured,out/runpod-8gpu/session_out/train.log + out/runpod-8gpu/session_out/train_ext.log,Clean 10000-step trapezoid; the step-8000 checkpoint joins the two logs.
"DDP (8xA100, NVLink)",760,0.3735552,4.2021,0.0018,310.4,79.7,measured,out/runpod-8gpu/session_out/train.log + out/runpod-8gpu/session_out/train_ext.log,Clean 10000-step trapezoid; the step-8000 checkpoint joins the two logs.
"DDP (8xA100, NVLink)",770,0.3784704,4.0613,0.0018,310.6,79.6,measured,out/runpod-8gpu/session_out/train.log + out/runpod-8gpu/session_out/train_ext.log,Clean 10000-step trapezoid; the step-8000 checkpoint joins the two logs.
"DDP (8xA100, NVLink)",780,0.3833856,4.1461,0.0018,310.6,79.6,measured,out/runpod-8gpu/session_out/train.log + out/runpod-8gpu/session_out/train_ext.log,Clean 10000-step trapezoid; the step-8000 checkpoint joins the two logs.
"DDP (8xA100, NVLink)",790,0.3883008,4.1325,0.0018,310.6,79.6,measured,out/runpod-8gpu/session_out/train.log + out/runpod-8gpu/session_out/train_ext.log,Clean 10000-step trapezoid; the step-8000 checkpoint joins the two logs.
"DDP (8xA100, NVLink)",800,0.393216,4.1654,0.0018,310.8,79.6,measured,out/runpod-8gpu/session_out/train.log + out/runpod-8gpu/session_out/train_ext.log,Clean 10000-step trapezoid; the step-8000 checkpoint joins the two logs.
"DDP (8xA100, NVLink)",810,0.3981312,4.1699,0.0018,310.8,79.6,measured,out/runpod-8gpu/session_out/train.log + out/runpod-8gpu/session_out/train_ext.log,Clean 10000-step trapezoid; the step-8000 checkpoint joins the two logs.
"DDP (8xA100, NVLink)",820,0.4030464,4.1248,0.0018,311.2,79.5,measured,out/runpod-8gpu/session_out/train.log + out/runpod-8gpu/session_out/train_ext.log,Clean 10000-step trapezoid; the step-8000 checkpoint joins the two logs.
"DDP (8xA100, NVLink)",830,0.4079616,4.0708,0.0018,311.2,79.5,measured,out/runpod-8gpu/session_out/train.log + out/runpod-8gpu/session_out/train_ext.log,Clean 10000-step trapezoid; the step-8000 checkpoint joins the two logs.
"DDP (8xA100, NVLink)",840,0.4128768,4.0453,0.0018,311.4,79.4,measured,out/runpod-8gpu/session_out/train.log + out/runpod-8gpu/session_out/train_ext.log,Clean 10000-step trapezoid; the step-8000 checkpoint joins the two logs.
"DDP (8xA100, NVLink)",850,0.417792,4.3297,0.0018,311.4,79.4,measured,out/runpod-8gpu/session_out/train.log + out/runpod-8gpu/session_out/train_ext.log,Clean 10000-step trapezoid; the step-8000 checkpoint joins the two logs.
"DDP (8xA100, NVLink)",860,0.4227072,4.0518,0.0018,311.2,79.5,measured,out/runpod-8gpu/session_out/train.log + out/runpod-8gpu/session_out/train_ext.log,Clean 10000-step trapezoid; the step-8000 checkpoint joins the two logs.
"DDP (8xA100, NVLink)",870,0.4276224,4.129,0.0018,311.2,79.5,measured,out/runpod-8gpu/session_out/train.log + out/runpod-8gpu/session_out/train_ext.log,Clean 10000-step trapezoid; the step-8000 checkpoint joins the two logs.
"DDP (8xA100, NVLink)",880,0.4325376,4.0739,0.0018,311.2,79.5,measured,out/runpod-8gpu/session_out/train.log + out/runpod-8gpu/session_out/train_ext.log,Clean 10000-step trapezoid; the step-8000 checkpoint joins the two logs.
"DDP (8xA100, NVLink)",890,0.4374528,4.1519,0.0018,311.2,79.5,measured,out/runpod-8gpu/session_out/train.log + out/runpod-8gpu/session_out/train_ext.log,Clean 10000-step trapezoid; the step-8000 checkpoint joins the two logs.
"DDP (8xA100, NVLink)",900,0.442368,4.1365,0.0018,311.2,79.5,measured,out/runpod-8gpu/session_out/train.log + out/runpod-8gpu/session_out/train_ext.log,Clean 10000-step trapezoid; the step-8000 checkpoint joins the two logs.
"DDP (8xA100, NVLink)",910,0.4472832,4.0288,0.0018,311.4,79.4,measured,out/runpod-8gpu/session_out/train.log + out/runpod-8gpu/session_out/train_ext.log,Clean 10000-step trapezoid; the step-8000 checkpoint joins the two logs.
"DDP (8xA100, NVLink)",920,0.4521984,3.976,0.0018,311.6,79.4,measured,out/runpod-8gpu/session_out/train.log + out/runpod-8gpu/session_out/train_ext.log,Clean 10000-step trapezoid; the step-8000 checkpoint joins the two logs.
"DDP (8xA100, NVLink)",930,0.4571136,3.9086,0.0018,311.6,79.4,measured,out/runpod-8gpu/session_out/train.log + out/runpod-8gpu/session_out/train_ext.log,Clean 10000-step trapezoid; the step-8000 checkpoint joins the two logs.
"DDP (8xA100, NVLink)",940,0.4620288,3.8606,0.0018,311.3,79.5,measured,out/runpod-8gpu/session_out/train.log + out/runpod-8gpu/session_out/train_ext.log,Clean 10000-step trapezoid; the step-8000 checkpoint joins the two logs.
"DDP (8xA100, NVLink)",950,0.466944,4.0381,0.0018,311.6,79.4,measured,out/runpod-8gpu/session_out/train.log + out/runpod-8gpu/session_out/train_ext.log,Clean 10000-step trapezoid; the step-8000 checkpoint joins the two logs.
"DDP (8xA100, NVLink)",960,0.4718592,3.9748,0.0018,311.5,79.4,measured,out/runpod-8gpu/session_out/train.log + out/runpod-8gpu/session_out/train_ext.log,Clean 10000-step trapezoid; the step-8000 checkpoint joins the two logs.
"DDP (8xA100, NVLink)",970,0.4767744,3.9628,0.0018,311.3,79.4,measured,out/runpod-8gpu/session_out/train.log + out/runpod-8gpu/session_out/train_ext.log,Clean 10000-step trapezoid; the step-8000 checkpoint joins the two logs.
"DDP (8xA100, NVLink)",980,0.4816896,3.8438,0.0018,311.5,79.4,measured,out/runpod-8gpu/session_out/train.log + out/runpod-8gpu/session_out/train_ext.log,Clean 10000-step trapezoid; the step-8000 checkpoint joins the two logs.
"DDP (8xA100, NVLink)",990,0.4866048,4.0226,0.0018,311.4,79.4,measured,out/runpod-8gpu/session_out/train.log + out/runpod-8gpu/session_out/train_ext.log,Clean 10000-step trapezoid; the step-8000 checkpoint joins the two logs.
"DDP (8xA100, NVLink)",1000,0.49152,3.8917,0.0018,308.7,80.1,measured,out/runpod-8gpu/session_out/train.log + out/runpod-8gpu/session_out/train_ext.log,Clean 10000-step trapezoid; the step-8000 checkpoint joins the two logs.
"DDP (8xA100, NVLink)",1010,0.4964352,4.0039,0.0018,310.7,79.6,measured,out/runpod-8gpu/session_out/train.log + out/runpod-8gpu/session_out/train_ext.log,Clean 10000-step trapezoid; the step-8000 checkpoint joins the two logs.
"DDP (8xA100, NVLink)",1020,0.5013504,4.0978,0.0018,310.8,79.6,measured,out/runpod-8gpu/session_out/train.log + out/runpod-8gpu/session_out/train_ext.log,Clean 10000-step trapezoid; the step-8000 checkpoint joins the two logs.
"DDP (8xA100, NVLink)",1030,0.5062656,3.7877,0.0018,310.7,79.6,measured,out/runpod-8gpu/session_out/train.log + out/runpod-8gpu/session_out/train_ext.log,Clean 10000-step trapezoid; the step-8000 checkpoint joins the two logs.
"DDP (8xA100, NVLink)",1040,0.5111808,3.9703,0.0018,310.9,79.6,measured,out/runpod-8gpu/session_out/train.log + out/runpod-8gpu/session_out/train_ext.log,Clean 10000-step trapezoid; the step-8000 checkpoint joins the two logs.
"DDP (8xA100, NVLink)",1050,0.516096,3.9488,0.0018,311.0,79.5,measured,out/runpod-8gpu/session_out/train.log + out/runpod-8gpu/session_out/train_ext.log,Clean 10000-step trapezoid; the step-8000 checkpoint joins the two logs.
"DDP (8xA100, NVLink)",1060,0.5210112,3.9888,0.0018,311.3,79.4,measured,out/runpod-8gpu/session_out/train.log + out/runpod-8gpu/session_out/train_ext.log,Clean 10000-step trapezoid; the step-8000 checkpoint joins the two logs.
"DDP (8xA100, NVLink)",1070,0.5259264,3.9949,0.0018,311.2,79.5,measured,out/runpod-8gpu/session_out/train.log + out/runpod-8gpu/session_out/train_ext.log,Clean 10000-step trapezoid; the step-8000 checkpoint joins the two logs.
"DDP (8xA100, NVLink)",1080,0.5308416,4.0311,0.0018,311.3,79.5,measured,out/runpod-8gpu/session_out/train.log + out/runpod-8gpu/session_out/train_ext.log,Clean 10000-step trapezoid; the step-8000 checkpoint joins the two logs.
"DDP (8xA100, NVLink)",1090,0.5357568,4.3931,0.0018,311.5,79.4,measured,out/runpod-8gpu/session_out/train.log + out/runpod-8gpu/session_out/train_ext.log,Clean 10000-step trapezoid; the step-8000 checkpoint joins the two logs.
"DDP (8xA100, NVLink)",1100,0.540672,3.778,0.0018,311.5,79.4,measured,out/runpod-8gpu/session_out/train.log + out/runpod-8gpu/session_out/train_ext.log,Clean 10000-step trapezoid; the step-8000 checkpoint joins the two logs.
"DDP (8xA100, NVLink)",1110,0.5455872,4.0301,0.0018,311.6,79.4,measured,out/runpod-8gpu/session_out/train.log + out/runpod-8gpu/session_out/train_ext.log,Clean 10000-step trapezoid; the step-8000 checkpoint joins the two logs.
"DDP (8xA100, NVLink)",1120,0.5505024,3.8913,0.0018,311.3,79.5,measured,out/runpod-8gpu/session_out/train.log + out/runpod-8gpu/session_out/train_ext.log,Clean 10000-step trapezoid; the step-8000 checkpoint joins the two logs.
"DDP (8xA100, NVLink)",1130,0.5554176,3.8861,0.0018,311.2,79.5,measured,out/runpod-8gpu/session_out/train.log + out/runpod-8gpu/session_out/train_ext.log,Clean 10000-step trapezoid; the step-8000 checkpoint joins the two logs.
"DDP (8xA100, NVLink)",1140,0.5603328,3.9446,0.0018,311.5,79.4,measured,out/runpod-8gpu/session_out/train.log + out/runpod-8gpu/session_out/train_ext.log,Clean 10000-step trapezoid; the step-8000 checkpoint joins the two logs.
"DDP (8xA100, NVLink)",1150,0.565248,3.9066,0.0018,311.7,79.4,measured,out/runpod-8gpu/session_out/train.log + out/runpod-8gpu/session_out/train_ext.log,Clean 10000-step trapezoid; the step-8000 checkpoint joins the two logs.
"DDP (8xA100, NVLink)",1160,0.5701632,3.8128,0.0018,311.7,79.3,measured,out/runpod-8gpu/session_out/train.log + out/runpod-8gpu/session_out/train_ext.log,Clean 10000-step trapezoid; the step-8000 checkpoint joins the two logs.
"DDP (8xA100, NVLink)",1170,0.5750784,4.1239,0.0018,311.2,79.5,measured,out/runpod-8gpu/session_out/train.log + out/runpod-8gpu/session_out/train_ext.log,Clean 10000-step trapezoid; the step-8000 checkpoint joins the two logs.
"DDP (8xA100, NVLink)",1180,0.5799936,3.8382,0.0018,311.2,79.5,measured,out/runpod-8gpu/session_out/train.log + out/runpod-8gpu/session_out/train_ext.log,Clean 10000-step trapezoid; the step-8000 checkpoint joins the two logs.
"DDP (8xA100, NVLink)",1190,0.5849088,3.9265,0.0018,311.2,79.5,measured,out/runpod-8gpu/session_out/train.log + out/runpod-8gpu/session_out/train_ext.log,Clean 10000-step trapezoid; the step-8000 checkpoint joins the two logs.
"DDP (8xA100, NVLink)",1200,0.589824,3.8383,0.0018,311.3,79.5,measured,out/runpod-8gpu/session_out/train.log + out/runpod-8gpu/session_out/train_ext.log,Clean 10000-step trapezoid; the step-8000 checkpoint joins the two logs.
"DDP (8xA100, NVLink)",1210,0.5947392,3.6999,0.0018,311.5,79.4,measured,out/runpod-8gpu/session_out/train.log + out/runpod-8gpu/session_out/train_ext.log,Clean 10000-step trapezoid; the step-8000 checkpoint joins the two logs.
"DDP (8xA100, NVLink)",1220,0.5996544,3.9677,0.0018,311.6,79.4,measured,out/runpod-8gpu/session_out/train.log + out/runpod-8gpu/session_out/train_ext.log,Clean 10000-step trapezoid; the step-8000 checkpoint joins the two logs.
"DDP (8xA100, NVLink)",1230,0.6045696,3.7775,0.0018,311.4,79.4,measured,out/runpod-8gpu/session_out/train.log + out/runpod-8gpu/session_out/train_ext.log,Clean 10000-step trapezoid; the step-8000 checkpoint joins the two logs.
"DDP (8xA100, NVLink)",1240,0.6094848,3.8371,0.0018,311.3,79.5,measured,out/runpod-8gpu/session_out/train.log + out/runpod-8gpu/session_out/train_ext.log,Clean 10000-step trapezoid; the step-8000 checkpoint joins the two logs.
"DDP (8xA100, NVLink)",1250,0.6144,3.865,0.0018,309.8,79.8,measured,out/runpod-8gpu/session_out/train.log + out/runpod-8gpu/session_out/train_ext.log,Clean 10000-step trapezoid; the step-8000 checkpoint joins the two logs.
"DDP (8xA100, NVLink)",1260,0.6193152,3.8325,0.0018,310.4,79.7,measured,out/runpod-8gpu/session_out/train.log + out/runpod-8gpu/session_out/train_ext.log,Clean 10000-step trapezoid; the step-8000 checkpoint joins the two logs.
"DDP (8xA100, NVLink)",1270,0.6242304,3.8235,0.0018,310.6,79.6,measured,out/runpod-8gpu/session_out/train.log + out/runpod-8gpu/session_out/train_ext.log,Clean 10000-step trapezoid; the step-8000 checkpoint joins the two logs.
"DDP (8xA100, NVLink)",1280,0.6291456,3.9003,0.0018,310.8,79.6,measured,out/runpod-8gpu/session_out/train.log + out/runpod-8gpu/session_out/train_ext.log,Clean 10000-step trapezoid; the step-8000 checkpoint joins the two logs.
"DDP (8xA100, NVLink)",1290,0.6340608,3.9024,0.0018,310.5,79.7,measured,out/runpod-8gpu/session_out/train.log + out/runpod-8gpu/session_out/train_ext.log,Clean 10000-step trapezoid; the step-8000 checkpoint joins the two logs.
"DDP (8xA100, NVLink)",1300,0.638976,3.8363,0.0018,311.0,79.5,measured,out/runpod-8gpu/session_out/train.log + out/runpod-8gpu/session_out/train_ext.log,Clean 10000-step trapezoid; the step-8000 checkpoint joins the two logs.
"DDP (8xA100, NVLink)",1310,0.6438912,3.8695,0.0018,310.7,79.6,measured,out/runpod-8gpu/session_out/train.log + out/runpod-8gpu/session_out/train_ext.log,Clean 10000-step trapezoid; the step-8000 checkpoint joins the two logs.
"DDP (8xA100, NVLink)",1320,0.6488064,4.159,0.0018,310.9,79.5,measured,out/runpod-8gpu/session_out/train.log + out/runpod-8gpu/session_out/train_ext.log,Clean 10000-step trapezoid; the step-8000 checkpoint joins the two logs.
"DDP (8xA100, NVLink)",1330,0.6537216,3.871,0.0018,310.8,79.6,measured,out/runpod-8gpu/session_out/train.log + out/runpod-8gpu/session_out/train_ext.log,Clean 10000-step trapezoid; the step-8000 checkpoint joins the two logs.
"DDP (8xA100, NVLink)",1340,0.6586368,3.8649,0.0018,311.1,79.5,measured,out/runpod-8gpu/session_out/train.log + out/runpod-8gpu/session_out/train_ext.log,Clean 10000-step trapezoid; the step-8000 checkpoint joins the two logs.
"DDP (8xA100, NVLink)",1350,0.663552,3.8644,0.0018,311.2,79.5,measured,out/runpod-8gpu/session_out/train.log + out/runpod-8gpu/session_out/train_ext.log,Clean 10000-step trapezoid; the step-8000 checkpoint joins the two logs.
"DDP (8xA100, NVLink)",1360,0.6684672,3.8476,0.0018,311.2,79.5,measured,out/runpod-8gpu/session_out/train.log + out/runpod-8gpu/session_out/train_ext.log,Clean 10000-step trapezoid; the step-8000 checkpoint joins the two logs.
"DDP (8xA100, NVLink)",1370,0.6733824,3.7714,0.0018,312.0,79.3,measured,out/runpod-8gpu/session_out/train.log + out/runpod-8gpu/session_out/train_ext.log,Clean 10000-step trapezoid; the step-8000 checkpoint joins the two logs.
"DDP (8xA100, NVLink)",1380,0.6782976,3.8487,0.0018,311.6,79.4,measured,out/runpod-8gpu/session_out/train.log + out/runpod-8gpu/session_out/train_ext.log,Clean 10000-step trapezoid; the step-8000 checkpoint joins the two logs.
"DDP (8xA100, NVLink)",1390,0.6832128,3.7448,0.0018,311.6,79.4,measured,out/runpod-8gpu/session_out/train.log + out/runpod-8gpu/session_out/train_ext.log,Clean 10000-step trapezoid; the step-8000 checkpoint joins the two logs.
"DDP (8xA100, NVLink)",1400,0.688128,3.8303,0.0018,311.3,79.5,measured,out/runpod-8gpu/session_out/train.log + out/runpod-8gpu/session_out/train_ext.log,Clean 10000-step trapezoid; the step-8000 checkpoint joins the two logs.
"DDP (8xA100, NVLink)",1410,0.6930432,3.9288,0.0018,311.3,79.4,measured,out/runpod-8gpu/session_out/train.log + out/runpod-8gpu/session_out/train_ext.log,Clean 10000-step trapezoid; the step-8000 checkpoint joins the two logs.
"DDP (8xA100, NVLink)",1420,0.6979584,3.7785,0.0018,311.2,79.5,measured,out/runpod-8gpu/session_out/train.log + out/runpod-8gpu/session_out/train_ext.log,Clean 10000-step trapezoid; the step-8000 checkpoint joins the two logs.
"DDP (8xA100, NVLink)",1430,0.7028736,3.8191,0.0018,311.2,79.5,measured,out/runpod-8gpu/session_out/train.log + out/runpod-8gpu/session_out/train_ext.log,Clean 10000-step trapezoid; the step-8000 checkpoint joins the two logs.
"DDP (8xA100, NVLink)",1440,0.7077888,3.7262,0.0018,311.6,79.4,measured,out/runpod-8gpu/session_out/train.log + out/runpod-8gpu/session_out/train_ext.log,Clean 10000-step trapezoid; the step-8000 checkpoint joins the two logs.
"DDP (8xA100, NVLink)",1450,0.712704,3.7689,0.0018,311.4,79.4,measured,out/runpod-8gpu/session_out/train.log + out/runpod-8gpu/session_out/train_ext.log,Clean 10000-step trapezoid; the step-8000 checkpoint joins the two logs.
"DDP (8xA100, NVLink)",1460,0.7176192,3.6497,0.0018,311.2,79.5,measured,out/runpod-8gpu/session_out/train.log + out/runpod-8gpu/session_out/train_ext.log,Clean 10000-step trapezoid; the step-8000 checkpoint joins the two logs.
"DDP (8xA100, NVLink)",1470,0.7225344,3.7772,0.0018,311.6,79.4,measured,out/runpod-8gpu/session_out/train.log + out/runpod-8gpu/session_out/train_ext.log,Clean 10000-step trapezoid; the step-8000 checkpoint joins the two logs.
"DDP (8xA100, NVLink)",1480,0.7274496,3.4914,0.0018,311.4,79.4,measured,out/runpod-8gpu/session_out/train.log + out/runpod-8gpu/session_out/train_ext.log,Clean 10000-step trapezoid; the step-8000 checkpoint joins the two logs.
"DDP (8xA100, NVLink)",1490,0.7323648,3.8803,0.0018,311.2,79.5,measured,out/runpod-8gpu/session_out/train.log + out/runpod-8gpu/session_out/train_ext.log,Clean 10000-step trapezoid; the step-8000 checkpoint joins the two logs.
"DDP (8xA100, NVLink)",1500,0.73728,4.0046,0.0018,308.2,80.2,measured,out/runpod-8gpu/session_out/train.log + out/runpod-8gpu/session_out/train_ext.log,Clean 10000-step trapezoid; the step-8000 checkpoint joins the two logs.
"DDP (8xA100, NVLink)",1510,0.7421952,3.825,0.0018,310.5,79.7,measured,out/runpod-8gpu/session_out/train.log + out/runpod-8gpu/session_out/train_ext.log,Clean 10000-step trapezoid; the step-8000 checkpoint joins the two logs.
"DDP (8xA100, NVLink)",1520,0.7471104,3.7844,0.0018,310.7,79.6,measured,out/runpod-8gpu/session_out/train.log + out/runpod-8gpu/session_out/train_ext.log,Clean 10000-step trapezoid; the step-8000 checkpoint joins the two logs.
"DDP (8xA100, NVLink)",1530,0.7520256,3.7417,0.0018,310.8,79.6,measured,out/runpod-8gpu/session_out/train.log + out/runpod-8gpu/session_out/train_ext.log,Clean 10000-step trapezoid; the step-8000 checkpoint joins the two logs.
"DDP (8xA100, NVLink)",1540,0.7569408,3.7985,0.0018,310.6,79.6,measured,out/runpod-8gpu/session_out/train.log + out/runpod-8gpu/session_out/train_ext.log,Clean 10000-step trapezoid; the step-8000 checkpoint joins the two logs.
"DDP (8xA100, NVLink)",1550,0.761856,3.9646,0.0018,310.8,79.6,measured,out/runpod-8gpu/session_out/train.log + out/runpod-8gpu/session_out/train_ext.log,Clean 10000-step trapezoid; the step-8000 checkpoint joins the two logs.
"DDP (8xA100, NVLink)",1560,0.7667712,3.7739,0.0018,311.1,79.5,measured,out/runpod-8gpu/session_out/train.log + out/runpod-8gpu/session_out/train_ext.log,Clean 10000-step trapezoid; the step-8000 checkpoint joins the two logs.
"DDP (8xA100, NVLink)",1570,0.7716864,3.785,0.0018,310.9,79.6,measured,out/runpod-8gpu/session_out/train.log + out/runpod-8gpu/session_out/train_ext.log,Clean 10000-step trapezoid; the step-8000 checkpoint joins the two logs.
"DDP (8xA100, NVLink)",1580,0.7766016,3.6317,0.0018,311.0,79.5,measured,out/runpod-8gpu/session_out/train.log + out/runpod-8gpu/session_out/train_ext.log,Clean 10000-step trapezoid; the step-8000 checkpoint joins the two logs.
"DDP (8xA100, NVLink)",1590,0.7815168,3.7411,0.0018,311.0,79.5,measured,out/runpod-8gpu/session_out/train.log + out/runpod-8gpu/session_out/train_ext.log,Clean 10000-step trapezoid; the step-8000 checkpoint joins the two logs.
"DDP (8xA100, NVLink)",1600,0.786432,3.8109,0.0018,311.3,79.5,measured,out/runpod-8gpu/session_out/train.log + out/runpod-8gpu/session_out/train_ext.log,Clean 10000-step trapezoid; the step-8000 checkpoint joins the two logs.
"DDP (8xA100, NVLink)",1610,0.7913472,3.6813,0.0018,311.3,79.4,measured,out/runpod-8gpu/session_out/train.log + out/runpod-8gpu/session_out/train_ext.log,Clean 10000-step trapezoid; the step-8000 checkpoint joins the two logs.
"DDP (8xA100, NVLink)",1620,0.7962624,3.7003,0.0018,311.6,79.4,measured,out/runpod-8gpu/session_out/train.log + out/runpod-8gpu/session_out/train_ext.log,Clean 10000-step trapezoid; the step-8000 checkpoint joins the two logs.
"DDP (8xA100, NVLink)",1630,0.8011776,3.6248,0.0018,311.2,79.5,measured,out/runpod-8gpu/session_out/train.log + out/runpod-8gpu/session_out/train_ext.log,Clean 10000-step trapezoid; the step-8000 checkpoint joins the two logs.
"DDP (8xA100, NVLink)",1640,0.8060928,3.7051,0.0018,311.5,79.4,measured,out/runpod-8gpu/session_out/train.log + out/runpod-8gpu/session_out/train_ext.log,Clean 10000-step trapezoid; the step-8000 checkpoint joins the two logs.
"DDP (8xA100, NVLink)",1650,0.811008,3.7442,0.0018,311.3,79.5,measured,out/runpod-8gpu/session_out/train.log + out/runpod-8gpu/session_out/train_ext.log,Clean 10000-step trapezoid; the step-8000 checkpoint joins the two logs.
"DDP (8xA100, NVLink)",1660,0.8159232,3.7503,0.0018,311.3,79.5,measured,out/runpod-8gpu/session_out/train.log + out/runpod-8gpu/session_out/train_ext.log,Clean 10000-step trapezoid; the step-8000 checkpoint joins the two logs.
"DDP (8xA100, NVLink)",1670,0.8208384,3.6866,0.0018,311.3,79.4,measured,out/runpod-8gpu/session_out/train.log + out/runpod-8gpu/session_out/train_ext.log,Clean 10000-step trapezoid; the step-8000 checkpoint joins the two logs.
"DDP (8xA100, NVLink)",1680,0.8257536,3.7619,0.0018,311.6,79.4,measured,out/runpod-8gpu/session_out/train.log + out/runpod-8gpu/session_out/train_ext.log,Clean 10000-step trapezoid; the step-8000 checkpoint joins the two logs.
"DDP (8xA100, NVLink)",1690,0.8306688,3.8348,0.0018,311.4,79.4,measured,out/runpod-8gpu/session_out/train.log + out/runpod-8gpu/session_out/train_ext.log,Clean 10000-step trapezoid; the step-8000 checkpoint joins the two logs.
"DDP (8xA100, NVLink)",1700,0.835584,3.7799,0.0018,311.5,79.4,measured,out/runpod-8gpu/session_out/train.log + out/runpod-8gpu/session_out/train_ext.log,Clean 10000-step trapezoid; the step-8000 checkpoint joins the two logs.
"DDP (8xA100, NVLink)",1710,0.8404992,4.1898,0.0018,311.4,79.4,measured,out/runpod-8gpu/session_out/train.log + out/runpod-8gpu/session_out/train_ext.log,Clean 10000-step trapezoid; the step-8000 checkpoint joins the two logs.
"DDP (8xA100, NVLink)",1720,0.8454144,3.7429,0.0018,311.3,79.5,measured,out/runpod-8gpu/session_out/train.log + out/runpod-8gpu/session_out/train_ext.log,Clean 10000-step trapezoid; the step-8000 checkpoint joins the two logs.
"DDP (8xA100, NVLink)",1730,0.8503296,3.793,0.0018,311.4,79.4,measured,out/runpod-8gpu/session_out/train.log + out/runpod-8gpu/session_out/train_ext.log,Clean 10000-step trapezoid; the step-8000 checkpoint joins the two logs.
"DDP (8xA100, NVLink)",1740,0.8552448,4.0212,0.0018,311.4,79.4,measured,out/runpod-8gpu/session_out/train.log + out/runpod-8gpu/session_out/train_ext.log,Clean 10000-step trapezoid; the step-8000 checkpoint joins the two logs.
"DDP (8xA100, NVLink)",1750,0.86016,3.8857,0.0018,308.4,80.2,measured,out/runpod-8gpu/session_out/train.log + out/runpod-8gpu/session_out/train_ext.log,Clean 10000-step trapezoid; the step-8000 checkpoint joins the two logs.
"DDP (8xA100, NVLink)",1760,0.8650752,3.6936,0.0018,310.1,79.8,measured,out/runpod-8gpu/session_out/train.log + out/runpod-8gpu/session_out/train_ext.log,Clean 10000-step trapezoid; the step-8000 checkpoint joins the two logs.
"DDP (8xA100, NVLink)",1770,0.8699904,3.7624,0.0018,310.8,79.6,measured,out/runpod-8gpu/session_out/train.log + out/runpod-8gpu/session_out/train_ext.log,Clean 10000-step trapezoid; the step-8000 checkpoint joins the two logs.
"DDP (8xA100, NVLink)",1780,0.8749056,3.8234,0.0018,310.7,79.6,measured,out/runpod-8gpu/session_out/train.log + out/runpod-8gpu/session_out/train_ext.log,Clean 10000-step trapezoid; the step-8000 checkpoint joins the two logs.
"DDP (8xA100, NVLink)",1790,0.8798208,3.8621,0.0018,310.4,79.7,measured,out/runpod-8gpu/session_out/train.log + out/runpod-8gpu/session_out/train_ext.log,Clean 10000-step trapezoid; the step-8000 checkpoint joins the two logs.
"DDP (8xA100, NVLink)",1800,0.884736,3.7677,0.0018,310.7,79.6,measured,out/runpod-8gpu/session_out/train.log + out/runpod-8gpu/session_out/train_ext.log,Clean 10000-step trapezoid; the step-8000 checkpoint joins the two logs.
"DDP (8xA100, NVLink)",1810,0.8896512,3.7062,0.0018,310.8,79.6,measured,out/runpod-8gpu/session_out/train.log + out/runpod-8gpu/session_out/train_ext.log,Clean 10000-step trapezoid; the step-8000 checkpoint joins the two logs.
"DDP (8xA100, NVLink)",1820,0.8945664,3.6891,0.0018,311.0,79.5,measured,out/runpod-8gpu/session_out/train.log + out/runpod-8gpu/session_out/train_ext.log,Clean 10000-step trapezoid; the step-8000 checkpoint joins the two logs.
"DDP (8xA100, NVLink)",1830,0.8994816,3.5863,0.0018,311.9,79.3,measured,out/runpod-8gpu/session_out/train.log + out/runpod-8gpu/session_out/train_ext.log,Clean 10000-step trapezoid; the step-8000 checkpoint joins the two logs.
"DDP (8xA100, NVLink)",1840,0.9043968,3.6195,0.0018,311.1,79.5,measured,out/runpod-8gpu/session_out/train.log + out/runpod-8gpu/session_out/train_ext.log,Clean 10000-step trapezoid; the step-8000 checkpoint joins the two logs.
"DDP (8xA100, NVLink)",1850,0.909312,3.789,0.0018,311.3,79.5,measured,out/runpod-8gpu/session_out/train.log + out/runpod-8gpu/session_out/train_ext.log,Clean 10000-step trapezoid; the step-8000 checkpoint joins the two logs.
"DDP (8xA100, NVLink)",1860,0.9142272,3.7139,0.0018,311.2,79.5,measured,out/runpod-8gpu/session_out/train.log + out/runpod-8gpu/session_out/train_ext.log,Clean 10000-step trapezoid; the step-8000 checkpoint joins the two logs.
"DDP (8xA100, NVLink)",1870,0.9191424,3.7555,0.0018,311.1,79.5,measured,out/runpod-8gpu/session_out/train.log + out/runpod-8gpu/session_out/train_ext.log,Clean 10000-step trapezoid; the step-8000 checkpoint joins the two logs.
"DDP (8xA100, NVLink)",1880,0.9240576,3.7046,0.0018,311.3,79.4,measured,out/runpod-8gpu/session_out/train.log + out/runpod-8gpu/session_out/train_ext.log,Clean 10000-step trapezoid; the step-8000 checkpoint joins the two logs.
"DDP (8xA100, NVLink)",1890,0.9289728,3.6352,0.0018,311.3,79.5,measured,out/runpod-8gpu/session_out/train.log + out/runpod-8gpu/session_out/train_ext.log,Clean 10000-step trapezoid; the step-8000 checkpoint joins the two logs.
"DDP (8xA100, NVLink)",1900,0.933888,3.6038,0.0018,311.6,79.4,measured,out/runpod-8gpu/session_out/train.log + out/runpod-8gpu/session_out/train_ext.log,Clean 10000-step trapezoid; the step-8000 checkpoint joins the two logs.
"DDP (8xA100, NVLink)",1910,0.9388032,3.6997,0.0018,311.4,79.4,measured,out/runpod-8gpu/session_out/train.log + out/runpod-8gpu/session_out/train_ext.log,Clean 10000-step trapezoid; the step-8000 checkpoint joins the two logs.
"DDP (8xA100, NVLink)",1920,0.9437184,3.821,0.0018,311.2,79.5,measured,out/runpod-8gpu/session_out/train.log + out/runpod-8gpu/session_out/train_ext.log,Clean 10000-step trapezoid; the step-8000 checkpoint joins the two logs.
"DDP (8xA100, NVLink)",1930,0.9486336,3.8839,0.0018,311.2,79.5,measured,out/runpod-8gpu/session_out/train.log + out/runpod-8gpu/session_out/train_ext.log,Clean 10000-step trapezoid; the step-8000 checkpoint joins the two logs.
"DDP (8xA100, NVLink)",1940,0.9535488,3.7378,0.0018,311.5,79.4,measured,out/runpod-8gpu/session_out/train.log + out/runpod-8gpu/session_out/train_ext.log,Clean 10000-step trapezoid; the step-8000 checkpoint joins the two logs.
"DDP (8xA100, NVLink)",1950,0.958464,3.6552,0.0018,311.2,79.5,measured,out/runpod-8gpu/session_out/train.log + out/runpod-8gpu/session_out/train_ext.log,Clean 10000-step trapezoid; the step-8000 checkpoint joins the two logs.
"DDP (8xA100, NVLink)",1960,0.9633792,3.4402,0.0018,311.9,79.3,measured,out/runpod-8gpu/session_out/train.log + out/runpod-8gpu/session_out/train_ext.log,Clean 10000-step trapezoid; the step-8000 checkpoint joins the two logs.
"DDP (8xA100, NVLink)",1970,0.9682944,3.6638,0.0018,311.5,79.4,measured,out/runpod-8gpu/session_out/train.log + out/runpod-8gpu/session_out/train_ext.log,Clean 10000-step trapezoid; the step-8000 checkpoint joins the two logs.
"DDP (8xA100, NVLink)",1980,0.9732096,3.697,0.0018,311.5,79.4,measured,out/runpod-8gpu/session_out/train.log + out/runpod-8gpu/session_out/train_ext.log,Clean 10000-step trapezoid; the step-8000 checkpoint joins the two logs.
"DDP (8xA100, NVLink)",1990,0.9781248,3.7372,0.0018,311.3,79.5,measured,out/runpod-8gpu/session_out/train.log + out/runpod-8gpu/session_out/train_ext.log,Clean 10000-step trapezoid; the step-8000 checkpoint joins the two logs.
"DDP (8xA100, NVLink)",2000,0.98304,3.6144,0.0018,309.1,80.0,measured,out/runpod-8gpu/session_out/train.log + out/runpod-8gpu/session_out/train_ext.log,Clean 10000-step trapezoid; the step-8000 checkpoint joins the two logs.
"DDP (8xA100, NVLink)",2010,0.9879552,3.8047,0.0018,310.5,79.7,measured,out/runpod-8gpu/session_out/train.log + out/runpod-8gpu/session_out/train_ext.log,Clean 10000-step trapezoid; the step-8000 checkpoint joins the two logs.
"DDP (8xA100, NVLink)",2020,0.9928704,3.657,0.0018,310.4,79.7,measured,out/runpod-8gpu/session_out/train.log + out/runpod-8gpu/session_out/train_ext.log,Clean 10000-step trapezoid; the step-8000 checkpoint joins the two logs.
"DDP (8xA100, NVLink)",2030,0.9977856,3.7088,0.0018,310.5,79.7,measured,out/runpod-8gpu/session_out/train.log + out/runpod-8gpu/session_out/train_ext.log,Clean 10000-step trapezoid; the step-8000 checkpoint joins the two logs.
"DDP (8xA100, NVLink)",2040,1.0027008,3.6156,0.0018,310.5,79.6,measured,out/runpod-8gpu/session_out/train.log + out/runpod-8gpu/session_out/train_ext.log,Clean 10000-step trapezoid; the step-8000 checkpoint joins the two logs.
"DDP (8xA100, NVLink)",2050,1.007616,3.6659,0.0018,310.6,79.6,measured,out/runpod-8gpu/session_out/train.log + out/runpod-8gpu/session_out/train_ext.log,Clean 10000-step trapezoid; the step-8000 checkpoint joins the two logs.
"DDP (8xA100, NVLink)",2060,1.0125312,3.7689,0.0018,310.9,79.5,measured,out/runpod-8gpu/session_out/train.log + out/runpod-8gpu/session_out/train_ext.log,Clean 10000-step trapezoid; the step-8000 checkpoint joins the two logs.
"DDP (8xA100, NVLink)",2070,1.0174464,3.6823,0.0018,311.0,79.5,measured,out/runpod-8gpu/session_out/train.log + out/runpod-8gpu/session_out/train_ext.log,Clean 10000-step trapezoid; the step-8000 checkpoint joins the two logs.
"DDP (8xA100, NVLink)",2080,1.0223616,3.7454,0.0018,311.3,79.5,measured,out/runpod-8gpu/session_out/train.log + out/runpod-8gpu/session_out/train_ext.log,Clean 10000-step trapezoid; the step-8000 checkpoint joins the two logs.
"DDP (8xA100, NVLink)",2090,1.0272768,3.695,0.0018,311.0,79.5,measured,out/runpod-8gpu/session_out/train.log + out/runpod-8gpu/session_out/train_ext.log,Clean 10000-step trapezoid; the step-8000 checkpoint joins the two logs.
"DDP (8xA100, NVLink)",2100,1.032192,3.6936,0.0018,311.5,79.4,measured,out/runpod-8gpu/session_out/train.log + out/runpod-8gpu/session_out/train_ext.log,Clean 10000-step trapezoid; the step-8000 checkpoint joins the two logs.
"DDP (8xA100, NVLink)",2110,1.0371072,3.7606,0.0018,311.3,79.5,measured,out/runpod-8gpu/session_out/train.log + out/runpod-8gpu/session_out/train_ext.log,Clean 10000-step trapezoid; the step-8000 checkpoint joins the two logs.
"DDP (8xA100, NVLink)",2120,1.0420224,3.701,0.0018,311.3,79.5,measured,out/runpod-8gpu/session_out/train.log + out/runpod-8gpu/session_out/train_ext.log,Clean 10000-step trapezoid; the step-8000 checkpoint joins the two logs.
"DDP (8xA100, NVLink)",2130,1.0469376,3.5227,0.0018,311.6,79.4,measured,out/runpod-8gpu/session_out/train.log + out/runpod-8gpu/session_out/train_ext.log,Clean 10000-step trapezoid; the step-8000 checkpoint joins the two logs.
"DDP (8xA100, NVLink)",2140,1.0518528,3.7721,0.0018,311.4,79.4,measured,out/runpod-8gpu/session_out/train.log + out/runpod-8gpu/session_out/train_ext.log,Clean 10000-step trapezoid; the step-8000 checkpoint joins the two logs.
"DDP (8xA100, NVLink)",2150,1.056768,3.6607,0.0018,311.4,79.4,measured,out/runpod-8gpu/session_out/train.log + out/runpod-8gpu/session_out/train_ext.log,Clean 10000-step trapezoid; the step-8000 checkpoint joins the two logs.
"DDP (8xA100, NVLink)",2160,1.0616832,3.5059,0.0018,311.2,79.5,measured,out/runpod-8gpu/session_out/train.log + out/runpod-8gpu/session_out/train_ext.log,Clean 10000-step trapezoid; the step-8000 checkpoint joins the two logs.
"DDP (8xA100, NVLink)",2170,1.0665984,3.8784,0.0018,311.4,79.4,measured,out/runpod-8gpu/session_out/train.log + out/runpod-8gpu/session_out/train_ext.log,Clean 10000-step trapezoid; the step-8000 checkpoint joins the two logs.
"DDP (8xA100, NVLink)",2180,1.0715136,4.0373,0.0018,311.3,79.4,measured,out/runpod-8gpu/session_out/train.log + out/runpod-8gpu/session_out/train_ext.log,Clean 10000-step trapezoid; the step-8000 checkpoint joins the two logs.
"DDP (8xA100, NVLink)",2190,1.0764288,3.7546,0.0018,311.8,79.3,measured,out/runpod-8gpu/session_out/train.log + out/runpod-8gpu/session_out/train_ext.log,Clean 10000-step trapezoid; the step-8000 checkpoint joins the two logs.
"DDP (8xA100, NVLink)",2200,1.081344,4.0234,0.0018,311.7,79.4,measured,out/runpod-8gpu/session_out/train.log + out/runpod-8gpu/session_out/train_ext.log,Clean 10000-step trapezoid; the step-8000 checkpoint joins the two logs.
"DDP (8xA100, NVLink)",2210,1.0862592,3.5355,0.0018,311.4,79.4,measured,out/runpod-8gpu/session_out/train.log + out/runpod-8gpu/session_out/train_ext.log,Clean 10000-step trapezoid; the step-8000 checkpoint joins the two logs.
"DDP (8xA100, NVLink)",2220,1.0911744,3.7647,0.0018,311.5,79.4,measured,out/runpod-8gpu/session_out/train.log + out/runpod-8gpu/session_out/train_ext.log,Clean 10000-step trapezoid; the step-8000 checkpoint joins the two logs.
"DDP (8xA100, NVLink)",2230,1.0960896,3.5616,0.0018,311.7,79.4,measured,out/runpod-8gpu/session_out/train.log + out/runpod-8gpu/session_out/train_ext.log,Clean 10000-step trapezoid; the step-8000 checkpoint joins the two logs.
"DDP (8xA100, NVLink)",2240,1.1010048,3.5699,0.0018,311.6,79.4,measured,out/runpod-8gpu/session_out/train.log + out/runpod-8gpu/session_out/train_ext.log,Clean 10000-step trapezoid; the step-8000 checkpoint joins the two logs.
"DDP (8xA100, NVLink)",2250,1.10592,3.7346,0.0018,309.3,80.0,measured,out/runpod-8gpu/session_out/train.log + out/runpod-8gpu/session_out/train_ext.log,Clean 10000-step trapezoid; the step-8000 checkpoint joins the two logs.
"DDP (8xA100, NVLink)",2260,1.1108352,3.738,0.0018,310.6,79.6,measured,out/runpod-8gpu/session_out/train.log + out/runpod-8gpu/session_out/train_ext.log,Clean 10000-step trapezoid; the step-8000 checkpoint joins the two logs.
"DDP (8xA100, NVLink)",2270,1.1157504,3.5156,0.0018,310.9,79.6,measured,out/runpod-8gpu/session_out/train.log + out/runpod-8gpu/session_out/train_ext.log,Clean 10000-step trapezoid; the step-8000 checkpoint joins the two logs.
"DDP (8xA100, NVLink)",2280,1.1206656,3.5752,0.0018,311.3,79.5,measured,out/runpod-8gpu/session_out/train.log + out/runpod-8gpu/session_out/train_ext.log,Clean 10000-step trapezoid; the step-8000 checkpoint joins the two logs.
"DDP (8xA100, NVLink)",2290,1.1255808,3.735,0.0018,311.1,79.5,measured,out/runpod-8gpu/session_out/train.log + out/runpod-8gpu/session_out/train_ext.log,Clean 10000-step trapezoid; the step-8000 checkpoint joins the two logs.
"DDP (8xA100, NVLink)",2300,1.130496,3.6632,0.0018,311.0,79.5,measured,out/runpod-8gpu/session_out/train.log + out/runpod-8gpu/session_out/train_ext.log,Clean 10000-step trapezoid; the step-8000 checkpoint joins the two logs.
"DDP (8xA100, NVLink)",2310,1.1354112,3.6409,0.0018,311.2,79.5,measured,out/runpod-8gpu/session_out/train.log + out/runpod-8gpu/session_out/train_ext.log,Clean 10000-step trapezoid; the step-8000 checkpoint joins the two logs.
"DDP (8xA100, NVLink)",2320,1.1403264,3.7379,0.0018,311.0,79.5,measured,out/runpod-8gpu/session_out/train.log + out/runpod-8gpu/session_out/train_ext.log,Clean 10000-step trapezoid; the step-8000 checkpoint joins the two logs.
"DDP (8xA100, NVLink)",2330,1.1452416,3.6031,0.0018,311.4,79.4,measured,out/runpod-8gpu/session_out/train.log + out/runpod-8gpu/session_out/train_ext.log,Clean 10000-step trapezoid; the step-8000 checkpoint joins the two logs.
"DDP (8xA100, NVLink)",2340,1.1501568,3.5501,0.0018,311.2,79.5,measured,out/runpod-8gpu/session_out/train.log + out/runpod-8gpu/session_out/train_ext.log,Clean 10000-step trapezoid; the step-8000 checkpoint joins the two logs.
"DDP (8xA100, NVLink)",2350,1.155072,3.585,0.0018,311.6,79.4,measured,out/runpod-8gpu/session_out/train.log + out/runpod-8gpu/session_out/train_ext.log,Clean 10000-step trapezoid; the step-8000 checkpoint joins the two logs.
"DDP (8xA100, NVLink)",2360,1.1599872,3.7388,0.0018,311.3,79.5,measured,out/runpod-8gpu/session_out/train.log + out/runpod-8gpu/session_out/train_ext.log,Clean 10000-step trapezoid; the step-8000 checkpoint joins the two logs.
"DDP (8xA100, NVLink)",2370,1.1649024,3.7472,0.0018,311.4,79.4,measured,out/runpod-8gpu/session_out/train.log + out/runpod-8gpu/session_out/train_ext.log,Clean 10000-step trapezoid; the step-8000 checkpoint joins the two logs.
"DDP (8xA100, NVLink)",2380,1.1698176,3.7343,0.0018,311.6,79.4,measured,out/runpod-8gpu/session_out/train.log + out/runpod-8gpu/session_out/train_ext.log,Clean 10000-step trapezoid; the step-8000 checkpoint joins the two logs.
"DDP (8xA100, NVLink)",2390,1.1747328,3.6212,0.0018,311.3,79.5,measured,out/runpod-8gpu/session_out/train.log + out/runpod-8gpu/session_out/train_ext.log,Clean 10000-step trapezoid; the step-8000 checkpoint joins the two logs.
"DDP (8xA100, NVLink)",2400,1.179648,3.585,0.0018,311.5,79.4,measured,out/runpod-8gpu/session_out/train.log + out/runpod-8gpu/session_out/train_ext.log,Clean 10000-step trapezoid; the step-8000 checkpoint joins the two logs.
"DDP (8xA100, NVLink)",2410,1.1845632,3.9179,0.0018,311.4,79.4,measured,out/runpod-8gpu/session_out/train.log + out/runpod-8gpu/session_out/train_ext.log,Clean 10000-step trapezoid; the step-8000 checkpoint joins the two logs.
"DDP (8xA100, NVLink)",2420,1.1894784,3.7885,0.0018,311.6,79.4,measured,out/runpod-8gpu/session_out/train.log + out/runpod-8gpu/session_out/train_ext.log,Clean 10000-step trapezoid; the step-8000 checkpoint joins the two logs.
"DDP (8xA100, NVLink)",2430,1.1943936,3.6037,0.0018,311.3,79.5,measured,out/runpod-8gpu/session_out/train.log + out/runpod-8gpu/session_out/train_ext.log,Clean 10000-step trapezoid; the step-8000 checkpoint joins the two logs.
"DDP (8xA100, NVLink)",2440,1.1993088,3.5919,0.0018,311.2,79.5,measured,out/runpod-8gpu/session_out/train.log + out/runpod-8gpu/session_out/train_ext.log,Clean 10000-step trapezoid; the step-8000 checkpoint joins the two logs.
"DDP (8xA100, NVLink)",2450,1.204224,3.6332,0.0018,311.5,79.4,measured,out/runpod-8gpu/session_out/train.log + out/runpod-8gpu/session_out/train_ext.log,Clean 10000-step trapezoid; the step-8000 checkpoint joins the two logs.
"DDP (8xA100, NVLink)",2460,1.2091392,3.5321,0.0018,311.7,79.3,measured,out/runpod-8gpu/session_out/train.log + out/runpod-8gpu/session_out/train_ext.log,Clean 10000-step trapezoid; the step-8000 checkpoint joins the two logs.
"DDP (8xA100, NVLink)",2470,1.2140544,3.6073,0.0018,311.3,79.5,measured,out/runpod-8gpu/session_out/train.log + out/runpod-8gpu/session_out/train_ext.log,Clean 10000-step trapezoid; the step-8000 checkpoint joins the two logs.
"DDP (8xA100, NVLink)",2480,1.2189696,3.7475,0.0018,311.7,79.4,measured,out/runpod-8gpu/session_out/train.log + out/runpod-8gpu/session_out/train_ext.log,Clean 10000-step trapezoid; the step-8000 checkpoint joins the two logs.
"DDP (8xA100, NVLink)",2490,1.2238848,3.55,0.0018,311.6,79.4,measured,out/runpod-8gpu/session_out/train.log + out/runpod-8gpu/session_out/train_ext.log,Clean 10000-step trapezoid; the step-8000 checkpoint joins the two logs.
"DDP (8xA100, NVLink)",2500,1.2288,3.703,0.0018,346.6,71.4,measured,out/runpod-8gpu/session_out/train.log + out/runpod-8gpu/session_out/train_ext.log,Clean 10000-step trapezoid; the step-8000 checkpoint joins the two logs.
"DDP (8xA100, NVLink)",2510,1.2337152,3.8035,0.0018,310.3,79.7,measured,out/runpod-8gpu/session_out/train.log + out/runpod-8gpu/session_out/train_ext.log,Clean 10000-step trapezoid; the step-8000 checkpoint joins the two logs.
"DDP (8xA100, NVLink)",2520,1.2386304,3.6244,0.0018,310.9,79.5,measured,out/runpod-8gpu/session_out/train.log + out/runpod-8gpu/session_out/train_ext.log,Clean 10000-step trapezoid; the step-8000 checkpoint joins the two logs.
"DDP (8xA100, NVLink)",2530,1.2435456,4.0751,0.0018,311.0,79.5,measured,out/runpod-8gpu/session_out/train.log + out/runpod-8gpu/session_out/train_ext.log,Clean 10000-step trapezoid; the step-8000 checkpoint joins the two logs.
"DDP (8xA100, NVLink)",2540,1.2484608,3.6404,0.0018,310.8,79.6,measured,out/runpod-8gpu/session_out/train.log + out/runpod-8gpu/session_out/train_ext.log,Clean 10000-step trapezoid; the step-8000 checkpoint joins the two logs.
"DDP (8xA100, NVLink)",2550,1.253376,3.5784,0.0018,311.0,79.5,measured,out/runpod-8gpu/session_out/train.log + out/runpod-8gpu/session_out/train_ext.log,Clean 10000-step trapezoid; the step-8000 checkpoint joins the two logs.
"DDP (8xA100, NVLink)",2560,1.2582912,3.5834,0.0018,311.1,79.5,measured,out/runpod-8gpu/session_out/train.log + out/runpod-8gpu/session_out/train_ext.log,Clean 10000-step trapezoid; the step-8000 checkpoint joins the two logs.
"DDP (8xA100, NVLink)",2570,1.2632064,3.7597,0.0018,311.2,79.5,measured,out/runpod-8gpu/session_out/train.log + out/runpod-8gpu/session_out/train_ext.log,Clean 10000-step trapezoid; the step-8000 checkpoint joins the two logs.
"DDP (8xA100, NVLink)",2580,1.2681216,3.6545,0.0018,311.1,79.5,measured,out/runpod-8gpu/session_out/train.log + out/runpod-8gpu/session_out/train_ext.log,Clean 10000-step trapezoid; the step-8000 checkpoint joins the two logs.
"DDP (8xA100, NVLink)",2590,1.2730368,3.5915,0.0018,311.2,79.5,measured,out/runpod-8gpu/session_out/train.log + out/runpod-8gpu/session_out/train_ext.log,Clean 10000-step trapezoid; the step-8000 checkpoint joins the two logs.
"DDP (8xA100, NVLink)",2600,1.277952,3.5576,0.0018,311.0,79.5,measured,out/runpod-8gpu/session_out/train.log + out/runpod-8gpu/session_out/train_ext.log,Clean 10000-step trapezoid; the step-8000 checkpoint joins the two logs.
"DDP (8xA100, NVLink)",2610,1.2828672,3.4746,0.0018,311.1,79.5,measured,out/runpod-8gpu/session_out/train.log + out/runpod-8gpu/session_out/train_ext.log,Clean 10000-step trapezoid; the step-8000 checkpoint joins the two logs.
"DDP (8xA100, NVLink)",2620,1.2877824,3.6544,0.0018,311.1,79.5,measured,out/runpod-8gpu/session_out/train.log + out/runpod-8gpu/session_out/train_ext.log,Clean 10000-step trapezoid; the step-8000 checkpoint joins the two logs.
"DDP (8xA100, NVLink)",2630,1.2926976,3.717,0.0018,311.6,79.4,measured,out/runpod-8gpu/session_out/train.log + out/runpod-8gpu/session_out/train_ext.log,Clean 10000-step trapezoid; the step-8000 checkpoint joins the two logs.
"DDP (8xA100, NVLink)",2640,1.2976128,3.582,0.0018,311.2,79.5,measured,out/runpod-8gpu/session_out/train.log + out/runpod-8gpu/session_out/train_ext.log,Clean 10000-step trapezoid; the step-8000 checkpoint joins the two logs.
"DDP (8xA100, NVLink)",2650,1.302528,3.5581,0.0018,311.8,79.3,measured,out/runpod-8gpu/session_out/train.log + out/runpod-8gpu/session_out/train_ext.log,Clean 10000-step trapezoid; the step-8000 checkpoint joins the two logs.
"DDP (8xA100, NVLink)",2660,1.3074432,3.8474,0.0018,311.3,79.4,measured,out/runpod-8gpu/session_out/train.log + out/runpod-8gpu/session_out/train_ext.log,Clean 10000-step trapezoid; the step-8000 checkpoint joins the two logs.
"DDP (8xA100, NVLink)",2670,1.3123584,3.7888,0.0018,311.1,79.5,measured,out/runpod-8gpu/session_out/train.log + out/runpod-8gpu/session_out/train_ext.log,Clean 10000-step trapezoid; the step-8000 checkpoint joins the two logs.
"DDP (8xA100, NVLink)",2680,1.3172736,3.6336,0.0018,311.4,79.4,measured,out/runpod-8gpu/session_out/train.log + out/runpod-8gpu/session_out/train_ext.log,Clean 10000-step trapezoid; the step-8000 checkpoint joins the two logs.
"DDP (8xA100, NVLink)",2690,1.3221888,3.3078,0.0018,311.7,79.4,measured,out/runpod-8gpu/session_out/train.log + out/runpod-8gpu/session_out/train_ext.log,Clean 10000-step trapezoid; the step-8000 checkpoint joins the two logs.
"DDP (8xA100, NVLink)",2700,1.327104,3.5916,0.0018,312.0,79.3,measured,out/runpod-8gpu/session_out/train.log + out/runpod-8gpu/session_out/train_ext.log,Clean 10000-step trapezoid; the step-8000 checkpoint joins the two logs.
"DDP (8xA100, NVLink)",2710,1.3320192,3.6494,0.0018,311.4,79.4,measured,out/runpod-8gpu/session_out/train.log + out/runpod-8gpu/session_out/train_ext.log,Clean 10000-step trapezoid; the step-8000 checkpoint joins the two logs.
"DDP (8xA100, NVLink)",2720,1.3369344,3.6242,0.0018,311.6,79.4,measured,out/runpod-8gpu/session_out/train.log + out/runpod-8gpu/session_out/train_ext.log,Clean 10000-step trapezoid; the step-8000 checkpoint joins the two logs.
"DDP (8xA100, NVLink)",2730,1.3418496,3.6081,0.0018,311.6,79.4,measured,out/runpod-8gpu/session_out/train.log + out/runpod-8gpu/session_out/train_ext.log,Clean 10000-step trapezoid; the step-8000 checkpoint joins the two logs.
"DDP (8xA100, NVLink)",2740,1.3467648,3.6521,0.0018,311.3,79.5,measured,out/runpod-8gpu/session_out/train.log + out/runpod-8gpu/session_out/train_ext.log,Clean 10000-step trapezoid; the step-8000 checkpoint joins the two logs.
"DDP (8xA100, NVLink)",2750,1.35168,3.5424,0.0018,308.9,80.1,measured,out/runpod-8gpu/session_out/train.log + out/runpod-8gpu/session_out/train_ext.log,Clean 10000-step trapezoid; the step-8000 checkpoint joins the two logs.
"DDP (8xA100, NVLink)",2760,1.3565952,3.5794,0.0018,310.5,79.7,measured,out/runpod-8gpu/session_out/train.log + out/runpod-8gpu/session_out/train_ext.log,Clean 10000-step trapezoid; the step-8000 checkpoint joins the two logs.
"DDP (8xA100, NVLink)",2770,1.3615104,3.5535,0.0018,310.3,79.7,measured,out/runpod-8gpu/session_out/train.log + out/runpod-8gpu/session_out/train_ext.log,Clean 10000-step trapezoid; the step-8000 checkpoint joins the two logs.
"DDP (8xA100, NVLink)",2780,1.3664256,3.5608,0.0018,310.8,79.6,measured,out/runpod-8gpu/session_out/train.log + out/runpod-8gpu/session_out/train_ext.log,Clean 10000-step trapezoid; the step-8000 checkpoint joins the two logs.
"DDP (8xA100, NVLink)",2790,1.3713408,3.4048,0.0018,311.0,79.5,measured,out/runpod-8gpu/session_out/train.log + out/runpod-8gpu/session_out/train_ext.log,Clean 10000-step trapezoid; the step-8000 checkpoint joins the two logs.
"DDP (8xA100, NVLink)",2800,1.376256,3.5909,0.0018,310.7,79.6,measured,out/runpod-8gpu/session_out/train.log + out/runpod-8gpu/session_out/train_ext.log,Clean 10000-step trapezoid; the step-8000 checkpoint joins the two logs.
"DDP (8xA100, NVLink)",2810,1.3811712,3.6761,0.0018,310.4,79.7,measured,out/runpod-8gpu/session_out/train.log + out/runpod-8gpu/session_out/train_ext.log,Clean 10000-step trapezoid; the step-8000 checkpoint joins the two logs.
"DDP (8xA100, NVLink)",2820,1.3860864,3.5553,0.0018,310.7,79.6,measured,out/runpod-8gpu/session_out/train.log + out/runpod-8gpu/session_out/train_ext.log,Clean 10000-step trapezoid; the step-8000 checkpoint joins the two logs.
"DDP (8xA100, NVLink)",2830,1.3910016,3.6089,0.0018,311.0,79.5,measured,out/runpod-8gpu/session_out/train.log + out/runpod-8gpu/session_out/train_ext.log,Clean 10000-step trapezoid; the step-8000 checkpoint joins the two logs.
"DDP (8xA100, NVLink)",2840,1.3959168,3.6099,0.0018,311.3,79.5,measured,out/runpod-8gpu/session_out/train.log + out/runpod-8gpu/session_out/train_ext.log,Clean 10000-step trapezoid; the step-8000 checkpoint joins the two logs.
"DDP (8xA100, NVLink)",2850,1.400832,3.5817,0.0018,311.2,79.5,measured,out/runpod-8gpu/session_out/train.log + out/runpod-8gpu/session_out/train_ext.log,Clean 10000-step trapezoid; the step-8000 checkpoint joins the two logs.
"DDP (8xA100, NVLink)",2860,1.4057472,3.55,0.0018,310.8,79.6,measured,out/runpod-8gpu/session_out/train.log + out/runpod-8gpu/session_out/train_ext.log,Clean 10000-step trapezoid; the step-8000 checkpoint joins the two logs.
"DDP (8xA100, NVLink)",2870,1.4106624,3.6255,0.0018,311.5,79.4,measured,out/runpod-8gpu/session_out/train.log + out/runpod-8gpu/session_out/train_ext.log,Clean 10000-step trapezoid; the step-8000 checkpoint joins the two logs.
"DDP (8xA100, NVLink)",2880,1.4155776,3.6917,0.0018,311.6,79.4,measured,out/runpod-8gpu/session_out/train.log + out/runpod-8gpu/session_out/train_ext.log,Clean 10000-step trapezoid; the step-8000 checkpoint joins the two logs.
"DDP (8xA100, NVLink)",2890,1.4204928,3.6336,0.0018,311.4,79.4,measured,out/runpod-8gpu/session_out/train.log + out/runpod-8gpu/session_out/train_ext.log,Clean 10000-step trapezoid; the step-8000 checkpoint joins the two logs.
"DDP (8xA100, NVLink)",2900,1.425408,3.726,0.0018,311.3,79.4,measured,out/runpod-8gpu/session_out/train.log + out/runpod-8gpu/session_out/train_ext.log,Clean 10000-step trapezoid; the step-8000 checkpoint joins the two logs.
"DDP (8xA100, NVLink)",2910,1.4303232,3.4766,0.0018,311.6,79.4,measured,out/runpod-8gpu/session_out/train.log + out/runpod-8gpu/session_out/train_ext.log,Clean 10000-step trapezoid; the step-8000 checkpoint joins the two logs.
"DDP (8xA100, NVLink)",2920,1.4352384,3.4637,0.0018,311.3,79.5,measured,out/runpod-8gpu/session_out/train.log + out/runpod-8gpu/session_out/train_ext.log,Clean 10000-step trapezoid; the step-8000 checkpoint joins the two logs.
"DDP (8xA100, NVLink)",2930,1.4401536,3.5964,0.0018,311.6,79.4,measured,out/runpod-8gpu/session_out/train.log + out/runpod-8gpu/session_out/train_ext.log,Clean 10000-step trapezoid; the step-8000 checkpoint joins the two logs.
"DDP (8xA100, NVLink)",2940,1.4450688,3.6329,0.0018,311.7,79.4,measured,out/runpod-8gpu/session_out/train.log + out/runpod-8gpu/session_out/train_ext.log,Clean 10000-step trapezoid; the step-8000 checkpoint joins the two logs.
"DDP (8xA100, NVLink)",2950,1.449984,3.511,0.0018,311.4,79.4,measured,out/runpod-8gpu/session_out/train.log + out/runpod-8gpu/session_out/train_ext.log,Clean 10000-step trapezoid; the step-8000 checkpoint joins the two logs.
"DDP (8xA100, NVLink)",2960,1.4548992,3.6715,0.0018,311.3,79.4,measured,out/runpod-8gpu/session_out/train.log + out/runpod-8gpu/session_out/train_ext.log,Clean 10000-step trapezoid; the step-8000 checkpoint joins the two logs.
"DDP (8xA100, NVLink)",2970,1.4598144,3.6705,0.0018,311.7,79.4,measured,out/runpod-8gpu/session_out/train.log + out/runpod-8gpu/session_out/train_ext.log,Clean 10000-step trapezoid; the step-8000 checkpoint joins the two logs.
"DDP (8xA100, NVLink)",2980,1.4647296,3.4961,0.0018,311.6,79.4,measured,out/runpod-8gpu/session_out/train.log + out/runpod-8gpu/session_out/train_ext.log,Clean 10000-step trapezoid; the step-8000 checkpoint joins the two logs.
"DDP (8xA100, NVLink)",2990,1.4696448,3.6618,0.0018,311.7,79.3,measured,out/runpod-8gpu/session_out/train.log + out/runpod-8gpu/session_out/train_ext.log,Clean 10000-step trapezoid; the step-8000 checkpoint joins the two logs.
"DDP (8xA100, NVLink)",3000,1.47456,3.7494,0.0018,308.9,80.1,measured,out/runpod-8gpu/session_out/train.log + out/runpod-8gpu/session_out/train_ext.log,Clean 10000-step trapezoid; the step-8000 checkpoint joins the two logs.
"DDP (8xA100, NVLink)",3010,1.4794752,3.6571,0.0018,310.2,79.7,measured,out/runpod-8gpu/session_out/train.log + out/runpod-8gpu/session_out/train_ext.log,Clean 10000-step trapezoid; the step-8000 checkpoint joins the two logs.
"DDP (8xA100, NVLink)",3020,1.4843904,3.7124,0.0018,310.6,79.6,measured,out/runpod-8gpu/session_out/train.log + out/runpod-8gpu/session_out/train_ext.log,Clean 10000-step trapezoid; the step-8000 checkpoint joins the two logs.
"DDP (8xA100, NVLink)",3030,1.4893056,3.6147,0.0018,310.5,79.7,measured,out/runpod-8gpu/session_out/train.log + out/runpod-8gpu/session_out/train_ext.log,Clean 10000-step trapezoid; the step-8000 checkpoint joins the two logs.
"DDP (8xA100, NVLink)",3040,1.4942208,3.5888,0.0018,310.6,79.6,measured,out/runpod-8gpu/session_out/train.log + out/runpod-8gpu/session_out/train_ext.log,Clean 10000-step trapezoid; the step-8000 checkpoint joins the two logs.
"DDP (8xA100, NVLink)",3050,1.499136,3.5951,0.0018,310.7,79.6,measured,out/runpod-8gpu/session_out/train.log + out/runpod-8gpu/session_out/train_ext.log,Clean 10000-step trapezoid; the step-8000 checkpoint joins the two logs.
"DDP (8xA100, NVLink)",3060,1.5040512,3.7211,0.0018,310.9,79.6,measured,out/runpod-8gpu/session_out/train.log + out/runpod-8gpu/session_out/train_ext.log,Clean 10000-step trapezoid; the step-8000 checkpoint joins the two logs.
"DDP (8xA100, NVLink)",3070,1.5089664,3.5732,0.0018,311.2,79.5,measured,out/runpod-8gpu/session_out/train.log + out/runpod-8gpu/session_out/train_ext.log,Clean 10000-step trapezoid; the step-8000 checkpoint joins the two logs.
"DDP (8xA100, NVLink)",3080,1.5138816,3.4726,0.0018,311.4,79.4,measured,out/runpod-8gpu/session_out/train.log + out/runpod-8gpu/session_out/train_ext.log,Clean 10000-step trapezoid; the step-8000 checkpoint joins the two logs.
"DDP (8xA100, NVLink)",3090,1.5187968,3.6095,0.0018,310.8,79.6,measured,out/runpod-8gpu/session_out/train.log + out/runpod-8gpu/session_out/train_ext.log,Clean 10000-step trapezoid; the step-8000 checkpoint joins the two logs.
"DDP (8xA100, NVLink)",3100,1.523712,3.5349,0.0018,311.3,79.4,measured,out/runpod-8gpu/session_out/train.log + out/runpod-8gpu/session_out/train_ext.log,Clean 10000-step trapezoid; the step-8000 checkpoint joins the two logs.
"DDP (8xA100, NVLink)",3110,1.5286272,3.6392,0.0018,311.3,79.5,measured,out/runpod-8gpu/session_out/train.log + out/runpod-8gpu/session_out/train_ext.log,Clean 10000-step trapezoid; the step-8000 checkpoint joins the two logs.
"DDP (8xA100, NVLink)",3120,1.5335424,3.5013,0.0018,311.3,79.5,measured,out/runpod-8gpu/session_out/train.log + out/runpod-8gpu/session_out/train_ext.log,Clean 10000-step trapezoid; the step-8000 checkpoint joins the two logs.
"DDP (8xA100, NVLink)",3130,1.5384576,3.5732,0.0018,311.4,79.4,measured,out/runpod-8gpu/session_out/train.log + out/runpod-8gpu/session_out/train_ext.log,Clean 10000-step trapezoid; the step-8000 checkpoint joins the two logs.
"DDP (8xA100, NVLink)",3140,1.5433728,5.9616,0.0018,311.0,79.5,measured,out/runpod-8gpu/session_out/train.log + out/runpod-8gpu/session_out/train_ext.log,Clean 10000-step trapezoid; the step-8000 checkpoint joins the two logs.
"DDP (8xA100, NVLink)",3150,1.548288,3.493,0.0018,311.5,79.4,measured,out/runpod-8gpu/session_out/train.log + out/runpod-8gpu/session_out/train_ext.log,Clean 10000-step trapezoid; the step-8000 checkpoint joins the two logs.
"DDP (8xA100, NVLink)",3160,1.5532032,3.5293,0.0018,311.3,79.5,measured,out/runpod-8gpu/session_out/train.log + out/runpod-8gpu/session_out/train_ext.log,Clean 10000-step trapezoid; the step-8000 checkpoint joins the two logs.
"DDP (8xA100, NVLink)",3170,1.5581184,3.4621,0.0018,311.3,79.4,measured,out/runpod-8gpu/session_out/train.log + out/runpod-8gpu/session_out/train_ext.log,Clean 10000-step trapezoid; the step-8000 checkpoint joins the two logs.
"DDP (8xA100, NVLink)",3180,1.5630336,3.5811,0.0018,311.5,79.4,measured,out/runpod-8gpu/session_out/train.log + out/runpod-8gpu/session_out/train_ext.log,Clean 10000-step trapezoid; the step-8000 checkpoint joins the two logs.
"DDP (8xA100, NVLink)",3190,1.5679488,3.5415,0.0018,311.4,79.4,measured,out/runpod-8gpu/session_out/train.log + out/runpod-8gpu/session_out/train_ext.log,Clean 10000-step trapezoid; the step-8000 checkpoint joins the two logs.
"DDP (8xA100, NVLink)",3200,1.572864,3.6229,0.0018,311.6,79.4,measured,out/runpod-8gpu/session_out/train.log + out/runpod-8gpu/session_out/train_ext.log,Clean 10000-step trapezoid; the step-8000 checkpoint joins the two logs.
"DDP (8xA100, NVLink)",3210,1.5777792,3.6064,0.0018,311.3,79.5,measured,out/runpod-8gpu/session_out/train.log + out/runpod-8gpu/session_out/train_ext.log,Clean 10000-step trapezoid; the step-8000 checkpoint joins the two logs.
"DDP (8xA100, NVLink)",3220,1.5826944,3.5807,0.0018,311.5,79.4,measured,out/runpod-8gpu/session_out/train.log + out/runpod-8gpu/session_out/train_ext.log,Clean 10000-step trapezoid; the step-8000 checkpoint joins the two logs.
"DDP (8xA100, NVLink)",3230,1.5876096,3.5499,0.0018,311.4,79.4,measured,out/runpod-8gpu/session_out/train.log + out/runpod-8gpu/session_out/train_ext.log,Clean 10000-step trapezoid; the step-8000 checkpoint joins the two logs.
"DDP (8xA100, NVLink)",3240,1.5925248,3.5694,0.0018,311.7,79.4,measured,out/runpod-8gpu/session_out/train.log + out/runpod-8gpu/session_out/train_ext.log,Clean 10000-step trapezoid; the step-8000 checkpoint joins the two logs.
"DDP (8xA100, NVLink)",3250,1.59744,3.4284,0.0018,309.1,80.0,measured,out/runpod-8gpu/session_out/train.log + out/runpod-8gpu/session_out/train_ext.log,Clean 10000-step trapezoid; the step-8000 checkpoint joins the two logs.
"DDP (8xA100, NVLink)",3260,1.6023552,3.5148,0.0018,310.7,79.6,measured,out/runpod-8gpu/session_out/train.log + out/runpod-8gpu/session_out/train_ext.log,Clean 10000-step trapezoid; the step-8000 checkpoint joins the two logs.
"DDP (8xA100, NVLink)",3270,1.6072704,3.4755,0.0018,310.6,79.6,measured,out/runpod-8gpu/session_out/train.log + out/runpod-8gpu/session_out/train_ext.log,Clean 10000-step trapezoid; the step-8000 checkpoint joins the two logs.
"DDP (8xA100, NVLink)",3280,1.6121856,3.5857,0.0018,310.7,79.6,measured,out/runpod-8gpu/session_out/train.log + out/runpod-8gpu/session_out/train_ext.log,Clean 10000-step trapezoid; the step-8000 checkpoint joins the two logs.
"DDP (8xA100, NVLink)",3290,1.6171008,3.6013,0.0018,310.6,79.6,measured,out/runpod-8gpu/session_out/train.log + out/runpod-8gpu/session_out/train_ext.log,Clean 10000-step trapezoid; the step-8000 checkpoint joins the two logs.
"DDP (8xA100, NVLink)",3300,1.622016,3.5011,0.0018,310.9,79.6,measured,out/runpod-8gpu/session_out/train.log + out/runpod-8gpu/session_out/train_ext.log,Clean 10000-step trapezoid; the step-8000 checkpoint joins the two logs.
"DDP (8xA100, NVLink)",3310,1.6269312,3.699,0.0018,310.9,79.6,measured,out/runpod-8gpu/session_out/train.log + out/runpod-8gpu/session_out/train_ext.log,Clean 10000-step trapezoid; the step-8000 checkpoint joins the two logs.
"DDP (8xA100, NVLink)",3320,1.6318464,3.4243,0.0018,311.1,79.5,measured,out/runpod-8gpu/session_out/train.log + out/runpod-8gpu/session_out/train_ext.log,Clean 10000-step trapezoid; the step-8000 checkpoint joins the two logs.
"DDP (8xA100, NVLink)",3330,1.6367616,3.4842,0.0018,311.2,79.5,measured,out/runpod-8gpu/session_out/train.log + out/runpod-8gpu/session_out/train_ext.log,Clean 10000-step trapezoid; the step-8000 checkpoint joins the two logs.
"DDP (8xA100, NVLink)",3340,1.6416768,3.4206,0.0018,311.5,79.4,measured,out/runpod-8gpu/session_out/train.log + out/runpod-8gpu/session_out/train_ext.log,Clean 10000-step trapezoid; the step-8000 checkpoint joins the two logs.
"DDP (8xA100, NVLink)",3350,1.646592,3.5111,0.0018,311.2,79.5,measured,out/runpod-8gpu/session_out/train.log + out/runpod-8gpu/session_out/train_ext.log,Clean 10000-step trapezoid; the step-8000 checkpoint joins the two logs.
"DDP (8xA100, NVLink)",3360,1.6515072,3.5943,0.0018,311.6,79.4,measured,out/runpod-8gpu/session_out/train.log + out/runpod-8gpu/session_out/train_ext.log,Clean 10000-step trapezoid; the step-8000 checkpoint joins the two logs.
"DDP (8xA100, NVLink)",3370,1.6564224,3.631,0.0018,311.4,79.4,measured,out/runpod-8gpu/session_out/train.log + out/runpod-8gpu/session_out/train_ext.log,Clean 10000-step trapezoid; the step-8000 checkpoint joins the two logs.
"DDP (8xA100, NVLink)",3380,1.6613376,3.7548,0.0018,311.4,79.4,measured,out/runpod-8gpu/session_out/train.log + out/runpod-8gpu/session_out/train_ext.log,Clean 10000-step trapezoid; the step-8000 checkpoint joins the two logs.
"DDP (8xA100, NVLink)",3390,1.6662528,3.4515,0.0018,311.3,79.5,measured,out/runpod-8gpu/session_out/train.log + out/runpod-8gpu/session_out/train_ext.log,Clean 10000-step trapezoid; the step-8000 checkpoint joins the two logs.
"DDP (8xA100, NVLink)",3400,1.671168,3.5854,0.0018,311.9,79.3,measured,out/runpod-8gpu/session_out/train.log + out/runpod-8gpu/session_out/train_ext.log,Clean 10000-step trapezoid; the step-8000 checkpoint joins the two logs.
"DDP (8xA100, NVLink)",3410,1.6760832,3.5658,0.0018,311.6,79.4,measured,out/runpod-8gpu/session_out/train.log + out/runpod-8gpu/session_out/train_ext.log,Clean 10000-step trapezoid; the step-8000 checkpoint joins the two logs.
"DDP (8xA100, NVLink)",3420,1.6809984,3.546,0.0018,311.3,79.5,measured,out/runpod-8gpu/session_out/train.log + out/runpod-8gpu/session_out/train_ext.log,Clean 10000-step trapezoid; the step-8000 checkpoint joins the two logs.
"DDP (8xA100, NVLink)",3430,1.6859136,3.8238,0.0018,311.1,79.5,measured,out/runpod-8gpu/session_out/train.log + out/runpod-8gpu/session_out/train_ext.log,Clean 10000-step trapezoid; the step-8000 checkpoint joins the two logs.
"DDP (8xA100, NVLink)",3440,1.6908288,3.572,0.0018,311.7,79.4,measured,out/runpod-8gpu/session_out/train.log + out/runpod-8gpu/session_out/train_ext.log,Clean 10000-step trapezoid; the step-8000 checkpoint joins the two logs.
"DDP (8xA100, NVLink)",3450,1.695744,3.4125,0.0018,311.9,79.3,measured,out/runpod-8gpu/session_out/train.log + out/runpod-8gpu/session_out/train_ext.log,Clean 10000-step trapezoid; the step-8000 checkpoint joins the two logs.
"DDP (8xA100, NVLink)",3460,1.7006592,3.4085,0.0018,311.6,79.4,measured,out/runpod-8gpu/session_out/train.log + out/runpod-8gpu/session_out/train_ext.log,Clean 10000-step trapezoid; the step-8000 checkpoint joins the two logs.
"DDP (8xA100, NVLink)",3470,1.7055744,3.7216,0.0018,311.3,79.5,measured,out/runpod-8gpu/session_out/train.log + out/runpod-8gpu/session_out/train_ext.log,Clean 10000-step trapezoid; the step-8000 checkpoint joins the two logs.
"DDP (8xA100, NVLink)",3480,1.7104896,3.5902,0.0018,311.6,79.4,measured,out/runpod-8gpu/session_out/train.log + out/runpod-8gpu/session_out/train_ext.log,Clean 10000-step trapezoid; the step-8000 checkpoint joins the two logs.
"DDP (8xA100, NVLink)",3490,1.7154048,3.6211,0.0018,311.6,79.4,measured,out/runpod-8gpu/session_out/train.log + out/runpod-8gpu/session_out/train_ext.log,Clean 10000-step trapezoid; the step-8000 checkpoint joins the two logs.
"DDP (8xA100, NVLink)",3500,1.72032,3.5147,0.0018,309.8,79.8,measured,out/runpod-8gpu/session_out/train.log + out/runpod-8gpu/session_out/train_ext.log,Clean 10000-step trapezoid; the step-8000 checkpoint joins the two logs.
"DDP (8xA100, NVLink)",3510,1.7252352,3.4733,0.0018,310.6,79.6,measured,out/runpod-8gpu/session_out/train.log + out/runpod-8gpu/session_out/train_ext.log,Clean 10000-step trapezoid; the step-8000 checkpoint joins the two logs.
"DDP (8xA100, NVLink)",3520,1.7301504,3.7753,0.0018,310.7,79.6,measured,out/runpod-8gpu/session_out/train.log + out/runpod-8gpu/session_out/train_ext.log,Clean 10000-step trapezoid; the step-8000 checkpoint joins the two logs.
"DDP (8xA100, NVLink)",3530,1.7350656,3.447,0.0018,310.9,79.6,measured,out/runpod-8gpu/session_out/train.log + out/runpod-8gpu/session_out/train_ext.log,Clean 10000-step trapezoid; the step-8000 checkpoint joins the two logs.
"DDP (8xA100, NVLink)",3540,1.7399808,3.5323,0.0018,311.1,79.5,measured,out/runpod-8gpu/session_out/train.log + out/runpod-8gpu/session_out/train_ext.log,Clean 10000-step trapezoid; the step-8000 checkpoint joins the two logs.
"DDP (8xA100, NVLink)",3550,1.744896,3.6555,0.0018,311.1,79.5,measured,out/runpod-8gpu/session_out/train.log + out/runpod-8gpu/session_out/train_ext.log,Clean 10000-step trapezoid; the step-8000 checkpoint joins the two logs.
"DDP (8xA100, NVLink)",3560,1.7498112,3.5396,0.0018,311.3,79.4,measured,out/runpod-8gpu/session_out/train.log + out/runpod-8gpu/session_out/train_ext.log,Clean 10000-step trapezoid; the step-8000 checkpoint joins the two logs.
"DDP (8xA100, NVLink)",3570,1.7547264,3.5242,0.0018,311.0,79.5,measured,out/runpod-8gpu/session_out/train.log + out/runpod-8gpu/session_out/train_ext.log,Clean 10000-step trapezoid; the step-8000 checkpoint joins the two logs.
"DDP (8xA100, NVLink)",3580,1.7596416,3.7317,0.0018,311.0,79.5,measured,out/runpod-8gpu/session_out/train.log + out/runpod-8gpu/session_out/train_ext.log,Clean 10000-step trapezoid; the step-8000 checkpoint joins the two logs.
"DDP (8xA100, NVLink)",3590,1.7645568,3.5835,0.0018,311.4,79.4,measured,out/runpod-8gpu/session_out/train.log + out/runpod-8gpu/session_out/train_ext.log,Clean 10000-step trapezoid; the step-8000 checkpoint joins the two logs.
"DDP (8xA100, NVLink)",3600,1.769472,3.7712,0.0018,311.1,79.5,measured,out/runpod-8gpu/session_out/train.log + out/runpod-8gpu/session_out/train_ext.log,Clean 10000-step trapezoid; the step-8000 checkpoint joins the two logs.
"DDP (8xA100, NVLink)",3610,1.7743872,3.6574,0.0018,311.4,79.4,measured,out/runpod-8gpu/session_out/train.log + out/runpod-8gpu/session_out/train_ext.log,Clean 10000-step trapezoid; the step-8000 checkpoint joins the two logs.
"DDP (8xA100, NVLink)",3620,1.7793024,3.5838,0.0018,311.2,79.5,measured,out/runpod-8gpu/session_out/train.log + out/runpod-8gpu/session_out/train_ext.log,Clean 10000-step trapezoid; the step-8000 checkpoint joins the two logs.
"DDP (8xA100, NVLink)",3630,1.7842176,3.6767,0.0018,311.6,79.4,measured,out/runpod-8gpu/session_out/train.log + out/runpod-8gpu/session_out/train_ext.log,Clean 10000-step trapezoid; the step-8000 checkpoint joins the two logs.
"DDP (8xA100, NVLink)",3640,1.7891328,3.5122,0.0018,311.4,79.4,measured,out/runpod-8gpu/session_out/train.log + out/runpod-8gpu/session_out/train_ext.log,Clean 10000-step trapezoid; the step-8000 checkpoint joins the two logs.
"DDP (8xA100, NVLink)",3650,1.794048,3.5566,0.0018,311.2,79.5,measured,out/runpod-8gpu/session_out/train.log + out/runpod-8gpu/session_out/train_ext.log,Clean 10000-step trapezoid; the step-8000 checkpoint joins the two logs.
"DDP (8xA100, NVLink)",3660,1.7989632,3.5568,0.0018,311.3,79.5,measured,out/runpod-8gpu/session_out/train.log + out/runpod-8gpu/session_out/train_ext.log,Clean 10000-step trapezoid; the step-8000 checkpoint joins the two logs.
"DDP (8xA100, NVLink)",3670,1.8038784,3.3099,0.0018,311.3,79.4,measured,out/runpod-8gpu/session_out/train.log + out/runpod-8gpu/session_out/train_ext.log,Clean 10000-step trapezoid; the step-8000 checkpoint joins the two logs.
"DDP (8xA100, NVLink)",3680,1.8087936,3.4479,0.0018,311.5,79.4,measured,out/runpod-8gpu/session_out/train.log + out/runpod-8gpu/session_out/train_ext.log,Clean 10000-step trapezoid; the step-8000 checkpoint joins the two logs.
"DDP (8xA100, NVLink)",3690,1.8137088,3.7064,0.0018,311.6,79.4,measured,out/runpod-8gpu/session_out/train.log + out/runpod-8gpu/session_out/train_ext.log,Clean 10000-step trapezoid; the step-8000 checkpoint joins the two logs.
"DDP (8xA100, NVLink)",3700,1.818624,3.5776,0.0018,311.4,79.4,measured,out/runpod-8gpu/session_out/train.log + out/runpod-8gpu/session_out/train_ext.log,Clean 10000-step trapezoid; the step-8000 checkpoint joins the two logs.
"DDP (8xA100, NVLink)",3710,1.8235392,3.5481,0.0018,311.6,79.4,measured,out/runpod-8gpu/session_out/train.log + out/runpod-8gpu/session_out/train_ext.log,Clean 10000-step trapezoid; the step-8000 checkpoint joins the two logs.
"DDP (8xA100, NVLink)",3720,1.8284544,3.7009,0.0018,311.6,79.4,measured,out/runpod-8gpu/session_out/train.log + out/runpod-8gpu/session_out/train_ext.log,Clean 10000-step trapezoid; the step-8000 checkpoint joins the two logs.
"DDP (8xA100, NVLink)",3730,1.8333696,3.4879,0.0018,311.2,79.5,measured,out/runpod-8gpu/session_out/train.log + out/runpod-8gpu/session_out/train_ext.log,Clean 10000-step trapezoid; the step-8000 checkpoint joins the two logs.
"DDP (8xA100, NVLink)",3740,1.8382848,3.5402,0.0018,311.6,79.4,measured,out/runpod-8gpu/session_out/train.log + out/runpod-8gpu/session_out/train_ext.log,Clean 10000-step trapezoid; the step-8000 checkpoint joins the two logs.
"DDP (8xA100, NVLink)",3750,1.8432,3.4523,0.0018,309.9,79.8,measured,out/runpod-8gpu/session_out/train.log + out/runpod-8gpu/session_out/train_ext.log,Clean 10000-step trapezoid; the step-8000 checkpoint joins the two logs.
"DDP (8xA100, NVLink)",3760,1.8481152,3.4851,0.0018,310.3,79.7,measured,out/runpod-8gpu/session_out/train.log + out/runpod-8gpu/session_out/train_ext.log,Clean 10000-step trapezoid; the step-8000 checkpoint joins the two logs.
"DDP (8xA100, NVLink)",3770,1.8530304,3.5549,0.0018,311.1,79.5,measured,out/runpod-8gpu/session_out/train.log + out/runpod-8gpu/session_out/train_ext.log,Clean 10000-step trapezoid; the step-8000 checkpoint joins the two logs.
"DDP (8xA100, NVLink)",3780,1.8579456,3.8002,0.0018,310.8,79.6,measured,out/runpod-8gpu/session_out/train.log + out/runpod-8gpu/session_out/train_ext.log,Clean 10000-step trapezoid; the step-8000 checkpoint joins the two logs.
"DDP (8xA100, NVLink)",3790,1.8628608,3.539,0.0018,311.2,79.5,measured,out/runpod-8gpu/session_out/train.log + out/runpod-8gpu/session_out/train_ext.log,Clean 10000-step trapezoid; the step-8000 checkpoint joins the two logs.
"DDP (8xA100, NVLink)",3800,1.867776,3.6492,0.0018,311.2,79.5,measured,out/runpod-8gpu/session_out/train.log + out/runpod-8gpu/session_out/train_ext.log,Clean 10000-step trapezoid; the step-8000 checkpoint joins the two logs.
"DDP (8xA100, NVLink)",3810,1.8726912,3.5048,0.0018,311.3,79.5,measured,out/runpod-8gpu/session_out/train.log + out/runpod-8gpu/session_out/train_ext.log,Clean 10000-step trapezoid; the step-8000 checkpoint joins the two logs.
"DDP (8xA100, NVLink)",3820,1.8776064,3.6375,0.0018,311.1,79.5,measured,out/runpod-8gpu/session_out/train.log + out/runpod-8gpu/session_out/train_ext.log,Clean 10000-step trapezoid; the step-8000 checkpoint joins the two logs.
"DDP (8xA100, NVLink)",3830,1.8825216,3.5057,0.0018,311.3,79.5,measured,out/runpod-8gpu/session_out/train.log + out/runpod-8gpu/session_out/train_ext.log,Clean 10000-step trapezoid; the step-8000 checkpoint joins the two logs.
"DDP (8xA100, NVLink)",3840,1.8874368,3.4825,0.0018,311.2,79.5,measured,out/runpod-8gpu/session_out/train.log + out/runpod-8gpu/session_out/train_ext.log,Clean 10000-step trapezoid; the step-8000 checkpoint joins the two logs.
"DDP (8xA100, NVLink)",3850,1.892352,3.6874,0.0018,311.2,79.5,measured,out/runpod-8gpu/session_out/train.log + out/runpod-8gpu/session_out/train_ext.log,Clean 10000-step trapezoid; the step-8000 checkpoint joins the two logs.
"DDP (8xA100, NVLink)",3860,1.8972672,3.4682,0.0018,311.2,79.5,measured,out/runpod-8gpu/session_out/train.log + out/runpod-8gpu/session_out/train_ext.log,Clean 10000-step trapezoid; the step-8000 checkpoint joins the two logs.
"DDP (8xA100, NVLink)",3870,1.9021824,3.6512,0.0018,311.3,79.5,measured,out/runpod-8gpu/session_out/train.log + out/runpod-8gpu/session_out/train_ext.log,Clean 10000-step trapezoid; the step-8000 checkpoint joins the two logs.
"DDP (8xA100, NVLink)",3880,1.9070976,3.5059,0.0018,311.3,79.5,measured,out/runpod-8gpu/session_out/train.log + out/runpod-8gpu/session_out/train_ext.log,Clean 10000-step trapezoid; the step-8000 checkpoint joins the two logs.
"DDP (8xA100, NVLink)",3890,1.9120128,4.9485,0.0018,311.4,79.4,measured,out/runpod-8gpu/session_out/train.log + out/runpod-8gpu/session_out/train_ext.log,Clean 10000-step trapezoid; the step-8000 checkpoint joins the two logs.
"DDP (8xA100, NVLink)",3900,1.916928,3.5843,0.0018,311.2,79.5,measured,out/runpod-8gpu/session_out/train.log + out/runpod-8gpu/session_out/train_ext.log,Clean 10000-step trapezoid; the step-8000 checkpoint joins the two logs.
"DDP (8xA100, NVLink)",3910,1.9218432,3.4782,0.0018,311.5,79.4,measured,out/runpod-8gpu/session_out/train.log + out/runpod-8gpu/session_out/train_ext.log,Clean 10000-step trapezoid; the step-8000 checkpoint joins the two logs.
"DDP (8xA100, NVLink)",3920,1.9267584,3.467,0.0018,311.8,79.3,measured,out/runpod-8gpu/session_out/train.log + out/runpod-8gpu/session_out/train_ext.log,Clean 10000-step trapezoid; the step-8000 checkpoint joins the two logs.
"DDP (8xA100, NVLink)",3930,1.9316736,3.756,0.0018,311.0,79.5,measured,out/runpod-8gpu/session_out/train.log + out/runpod-8gpu/session_out/train_ext.log,Clean 10000-step trapezoid; the step-8000 checkpoint joins the two logs.
"DDP (8xA100, NVLink)",3940,1.9365888,3.5918,0.0018,311.6,79.4,measured,out/runpod-8gpu/session_out/train.log + out/runpod-8gpu/session_out/train_ext.log,Clean 10000-step trapezoid; the step-8000 checkpoint joins the two logs.
"DDP (8xA100, NVLink)",3950,1.941504,3.5027,0.0018,311.5,79.4,measured,out/runpod-8gpu/session_out/train.log + out/runpod-8gpu/session_out/train_ext.log,Clean 10000-step trapezoid; the step-8000 checkpoint joins the two logs.
"DDP (8xA100, NVLink)",3960,1.9464192,3.5296,0.0018,311.3,79.5,measured,out/runpod-8gpu/session_out/train.log + out/runpod-8gpu/session_out/train_ext.log,Clean 10000-step trapezoid; the step-8000 checkpoint joins the two logs.
"DDP (8xA100, NVLink)",3970,1.9513344,3.7522,0.0018,311.5,79.4,measured,out/runpod-8gpu/session_out/train.log + out/runpod-8gpu/session_out/train_ext.log,Clean 10000-step trapezoid; the step-8000 checkpoint joins the two logs.
"DDP (8xA100, NVLink)",3980,1.9562496,3.5608,0.0018,311.7,79.4,measured,out/runpod-8gpu/session_out/train.log + out/runpod-8gpu/session_out/train_ext.log,Clean 10000-step trapezoid; the step-8000 checkpoint joins the two logs.
"DDP (8xA100, NVLink)",3990,1.9611648,3.5606,0.0018,311.8,79.3,measured,out/runpod-8gpu/session_out/train.log + out/runpod-8gpu/session_out/train_ext.log,Clean 10000-step trapezoid; the step-8000 checkpoint joins the two logs.
"DDP (8xA100, NVLink)",4000,1.96608,3.6119,0.0018,308.7,80.1,measured,out/runpod-8gpu/session_out/train.log + out/runpod-8gpu/session_out/train_ext.log,Clean 10000-step trapezoid; the step-8000 checkpoint joins the two logs.
"DDP (8xA100, NVLink)",4010,1.9709952,3.557,0.0018,311.8,79.3,measured,out/runpod-8gpu/session_out/train.log + out/runpod-8gpu/session_out/train_ext.log,Clean 10000-step trapezoid; the step-8000 checkpoint joins the two logs.
"DDP (8xA100, NVLink)",4020,1.9759104,3.465,0.0018,310.9,79.5,measured,out/runpod-8gpu/session_out/train.log + out/runpod-8gpu/session_out/train_ext.log,Clean 10000-step trapezoid; the step-8000 checkpoint joins the two logs.
"DDP (8xA100, NVLink)",4030,1.9808256,3.567,0.0018,310.7,79.6,measured,out/runpod-8gpu/session_out/train.log + out/runpod-8gpu/session_out/train_ext.log,Clean 10000-step trapezoid; the step-8000 checkpoint joins the two logs.
"DDP (8xA100, NVLink)",4040,1.9857408,3.5192,0.0018,311.1,79.5,measured,out/runpod-8gpu/session_out/train.log + out/runpod-8gpu/session_out/train_ext.log,Clean 10000-step trapezoid; the step-8000 checkpoint joins the two logs.
"DDP (8xA100, NVLink)",4050,1.990656,3.4997,0.0018,310.8,79.6,measured,out/runpod-8gpu/session_out/train.log + out/runpod-8gpu/session_out/train_ext.log,Clean 10000-step trapezoid; the step-8000 checkpoint joins the two logs.
"DDP (8xA100, NVLink)",4060,1.9955712,3.5316,0.0018,311.2,79.5,measured,out/runpod-8gpu/session_out/train.log + out/runpod-8gpu/session_out/train_ext.log,Clean 10000-step trapezoid; the step-8000 checkpoint joins the two logs.
"DDP (8xA100, NVLink)",4070,2.0004864,3.6454,0.0018,311.0,79.5,measured,out/runpod-8gpu/session_out/train.log + out/runpod-8gpu/session_out/train_ext.log,Clean 10000-step trapezoid; the step-8000 checkpoint joins the two logs.
"DDP (8xA100, NVLink)",4080,2.0054016,3.613,0.0018,311.5,79.4,measured,out/runpod-8gpu/session_out/train.log + out/runpod-8gpu/session_out/train_ext.log,Clean 10000-step trapezoid; the step-8000 checkpoint joins the two logs.
"DDP (8xA100, NVLink)",4090,2.0103168,3.4961,0.0018,310.9,79.6,measured,out/runpod-8gpu/session_out/train.log + out/runpod-8gpu/session_out/train_ext.log,Clean 10000-step trapezoid; the step-8000 checkpoint joins the two logs.
"DDP (8xA100, NVLink)",4100,2.015232,3.4692,0.0018,311.0,79.5,measured,out/runpod-8gpu/session_out/train.log + out/runpod-8gpu/session_out/train_ext.log,Clean 10000-step trapezoid; the step-8000 checkpoint joins the two logs.
"DDP (8xA100, NVLink)",4110,2.0201472,3.4676,0.0018,311.4,79.4,measured,out/runpod-8gpu/session_out/train.log + out/runpod-8gpu/session_out/train_ext.log,Clean 10000-step trapezoid; the step-8000 checkpoint joins the two logs.
"DDP (8xA100, NVLink)",4120,2.0250624,3.7752,0.0018,311.1,79.5,measured,out/runpod-8gpu/session_out/train.log + out/runpod-8gpu/session_out/train_ext.log,Clean 10000-step trapezoid; the step-8000 checkpoint joins the two logs.
"DDP (8xA100, NVLink)",4130,2.0299776,3.6742,0.0018,311.3,79.5,measured,out/runpod-8gpu/session_out/train.log + out/runpod-8gpu/session_out/train_ext.log,Clean 10000-step trapezoid; the step-8000 checkpoint joins the two logs.
"DDP (8xA100, NVLink)",4140,2.0348928,3.5221,0.0018,311.4,79.4,measured,out/runpod-8gpu/session_out/train.log + out/runpod-8gpu/session_out/train_ext.log,Clean 10000-step trapezoid; the step-8000 checkpoint joins the two logs.
"DDP (8xA100, NVLink)",4150,2.039808,3.4444,0.0018,311.5,79.4,measured,out/runpod-8gpu/session_out/train.log + out/runpod-8gpu/session_out/train_ext.log,Clean 10000-step trapezoid; the step-8000 checkpoint joins the two logs.
"DDP (8xA100, NVLink)",4160,2.0447232,3.5839,0.0018,311.5,79.4,measured,out/runpod-8gpu/session_out/train.log + out/runpod-8gpu/session_out/train_ext.log,Clean 10000-step trapezoid; the step-8000 checkpoint joins the two logs.
"DDP (8xA100, NVLink)",4170,2.0496384,3.6035,0.0018,311.6,79.4,measured,out/runpod-8gpu/session_out/train.log + out/runpod-8gpu/session_out/train_ext.log,Clean 10000-step trapezoid; the step-8000 checkpoint joins the two logs.
"DDP (8xA100, NVLink)",4180,2.0545536,3.4985,0.0018,322.4,76.7,measured,out/runpod-8gpu/session_out/train.log + out/runpod-8gpu/session_out/train_ext.log,Clean 10000-step trapezoid; the step-8000 checkpoint joins the two logs.
"DDP (8xA100, NVLink)",4190,2.0594688,3.4691,0.0018,311.8,79.3,measured,out/runpod-8gpu/session_out/train.log + out/runpod-8gpu/session_out/train_ext.log,Clean 10000-step trapezoid; the step-8000 checkpoint joins the two logs.
"DDP (8xA100, NVLink)",4200,2.064384,3.567,0.0018,311.5,79.4,measured,out/runpod-8gpu/session_out/train.log + out/runpod-8gpu/session_out/train_ext.log,Clean 10000-step trapezoid; the step-8000 checkpoint joins the two logs.
"DDP (8xA100, NVLink)",4210,2.0692992,3.4928,0.0018,311.6,79.4,measured,out/runpod-8gpu/session_out/train.log + out/runpod-8gpu/session_out/train_ext.log,Clean 10000-step trapezoid; the step-8000 checkpoint joins the two logs.
"DDP (8xA100, NVLink)",4220,2.0742144,3.7364,0.0018,311.5,79.4,measured,out/runpod-8gpu/session_out/train.log + out/runpod-8gpu/session_out/train_ext.log,Clean 10000-step trapezoid; the step-8000 checkpoint joins the two logs.
"DDP (8xA100, NVLink)",4230,2.0791296,3.4487,0.0018,311.6,79.4,measured,out/runpod-8gpu/session_out/train.log + out/runpod-8gpu/session_out/train_ext.log,Clean 10000-step trapezoid; the step-8000 checkpoint joins the two logs.
"DDP (8xA100, NVLink)",4240,2.0840448,3.617,0.0018,311.4,79.4,measured,out/runpod-8gpu/session_out/train.log + out/runpod-8gpu/session_out/train_ext.log,Clean 10000-step trapezoid; the step-8000 checkpoint joins the two logs.
"DDP (8xA100, NVLink)",4250,2.08896,3.5697,0.0018,309.9,79.8,measured,out/runpod-8gpu/session_out/train.log + out/runpod-8gpu/session_out/train_ext.log,Clean 10000-step trapezoid; the step-8000 checkpoint joins the two logs.
"DDP (8xA100, NVLink)",4260,2.0938752,3.5018,0.0018,310.9,79.6,measured,out/runpod-8gpu/session_out/train.log + out/runpod-8gpu/session_out/train_ext.log,Clean 10000-step trapezoid; the step-8000 checkpoint joins the two logs.
"DDP (8xA100, NVLink)",4270,2.0987904,3.5843,0.0018,310.5,79.7,measured,out/runpod-8gpu/session_out/train.log + out/runpod-8gpu/session_out/train_ext.log,Clean 10000-step trapezoid; the step-8000 checkpoint joins the two logs.
"DDP (8xA100, NVLink)",4280,2.1037056,3.4568,0.0018,311.0,79.5,measured,out/runpod-8gpu/session_out/train.log + out/runpod-8gpu/session_out/train_ext.log,Clean 10000-step trapezoid; the step-8000 checkpoint joins the two logs.
"DDP (8xA100, NVLink)",4290,2.1086208,3.6505,0.0018,310.7,79.6,measured,out/runpod-8gpu/session_out/train.log + out/runpod-8gpu/session_out/train_ext.log,Clean 10000-step trapezoid; the step-8000 checkpoint joins the two logs.
"DDP (8xA100, NVLink)",4300,2.113536,3.7244,0.0018,310.8,79.6,measured,out/runpod-8gpu/session_out/train.log + out/runpod-8gpu/session_out/train_ext.log,Clean 10000-step trapezoid; the step-8000 checkpoint joins the two logs.
"DDP (8xA100, NVLink)",4310,2.1184512,3.5154,0.0018,311.0,79.5,measured,out/runpod-8gpu/session_out/train.log + out/runpod-8gpu/session_out/train_ext.log,Clean 10000-step trapezoid; the step-8000 checkpoint joins the two logs.
"DDP (8xA100, NVLink)",4320,2.1233664,3.4399,0.0018,310.9,79.6,measured,out/runpod-8gpu/session_out/train.log + out/runpod-8gpu/session_out/train_ext.log,Clean 10000-step trapezoid; the step-8000 checkpoint joins the two logs.
"DDP (8xA100, NVLink)",4330,2.1282816,3.4219,0.0018,311.2,79.5,measured,out/runpod-8gpu/session_out/train.log + out/runpod-8gpu/session_out/train_ext.log,Clean 10000-step trapezoid; the step-8000 checkpoint joins the two logs.
"DDP (8xA100, NVLink)",4340,2.1331968,3.4794,0.0018,311.0,79.5,measured,out/runpod-8gpu/session_out/train.log + out/runpod-8gpu/session_out/train_ext.log,Clean 10000-step trapezoid; the step-8000 checkpoint joins the two logs.
"DDP (8xA100, NVLink)",4350,2.138112,3.582,0.0018,311.5,79.4,measured,out/runpod-8gpu/session_out/train.log + out/runpod-8gpu/session_out/train_ext.log,Clean 10000-step trapezoid; the step-8000 checkpoint joins the two logs.
"DDP (8xA100, NVLink)",4360,2.1430272,3.5342,0.0018,311.2,79.5,measured,out/runpod-8gpu/session_out/train.log + out/runpod-8gpu/session_out/train_ext.log,Clean 10000-step trapezoid; the step-8000 checkpoint joins the two logs.
"DDP (8xA100, NVLink)",4370,2.1479424,3.394,0.0018,311.4,79.4,measured,out/runpod-8gpu/session_out/train.log + out/runpod-8gpu/session_out/train_ext.log,Clean 10000-step trapezoid; the step-8000 checkpoint joins the two logs.
"DDP (8xA100, NVLink)",4380,2.1528576,3.6151,0.0018,311.3,79.5,measured,out/runpod-8gpu/session_out/train.log + out/runpod-8gpu/session_out/train_ext.log,Clean 10000-step trapezoid; the step-8000 checkpoint joins the two logs.
"DDP (8xA100, NVLink)",4390,2.1577728,3.4596,0.0018,311.9,79.3,measured,out/runpod-8gpu/session_out/train.log + out/runpod-8gpu/session_out/train_ext.log,Clean 10000-step trapezoid; the step-8000 checkpoint joins the two logs.
"DDP (8xA100, NVLink)",4400,2.162688,3.5897,0.0018,311.3,79.4,measured,out/runpod-8gpu/session_out/train.log + out/runpod-8gpu/session_out/train_ext.log,Clean 10000-step trapezoid; the step-8000 checkpoint joins the two logs.
"DDP (8xA100, NVLink)",4410,2.1676032,3.4821,0.0018,311.6,79.4,measured,out/runpod-8gpu/session_out/train.log + out/runpod-8gpu/session_out/train_ext.log,Clean 10000-step trapezoid; the step-8000 checkpoint joins the two logs.
"DDP (8xA100, NVLink)",4420,2.1725184,3.6467,0.0018,312.5,79.2,measured,out/runpod-8gpu/session_out/train.log + out/runpod-8gpu/session_out/train_ext.log,Clean 10000-step trapezoid; the step-8000 checkpoint joins the two logs.
"DDP (8xA100, NVLink)",4430,2.1774336,3.7012,0.0018,311.8,79.3,measured,out/runpod-8gpu/session_out/train.log + out/runpod-8gpu/session_out/train_ext.log,Clean 10000-step trapezoid; the step-8000 checkpoint joins the two logs.
"DDP (8xA100, NVLink)",4440,2.1823488,3.5438,0.0018,311.6,79.4,measured,out/runpod-8gpu/session_out/train.log + out/runpod-8gpu/session_out/train_ext.log,Clean 10000-step trapezoid; the step-8000 checkpoint joins the two logs.
"DDP (8xA100, NVLink)",4450,2.187264,3.6656,0.0018,311.6,79.4,measured,out/runpod-8gpu/session_out/train.log + out/runpod-8gpu/session_out/train_ext.log,Clean 10000-step trapezoid; the step-8000 checkpoint joins the two logs.
"DDP (8xA100, NVLink)",4460,2.1921792,3.4658,0.0018,311.4,79.4,measured,out/runpod-8gpu/session_out/train.log + out/runpod-8gpu/session_out/train_ext.log,Clean 10000-step trapezoid; the step-8000 checkpoint joins the two logs.
"DDP (8xA100, NVLink)",4470,2.1970944,3.6114,0.0018,311.5,79.4,measured,out/runpod-8gpu/session_out/train.log + out/runpod-8gpu/session_out/train_ext.log,Clean 10000-step trapezoid; the step-8000 checkpoint joins the two logs.
"DDP (8xA100, NVLink)",4480,2.2020096,3.4538,0.0018,311.5,79.4,measured,out/runpod-8gpu/session_out/train.log + out/runpod-8gpu/session_out/train_ext.log,Clean 10000-step trapezoid; the step-8000 checkpoint joins the two logs.
"DDP (8xA100, NVLink)",4490,2.2069248,3.5353,0.0018,311.7,79.4,measured,out/runpod-8gpu/session_out/train.log + out/runpod-8gpu/session_out/train_ext.log,Clean 10000-step trapezoid; the step-8000 checkpoint joins the two logs.
"DDP (8xA100, NVLink)",4500,2.21184,3.4693,0.0018,309.5,79.9,measured,out/runpod-8gpu/session_out/train.log + out/runpod-8gpu/session_out/train_ext.log,Clean 10000-step trapezoid; the step-8000 checkpoint joins the two logs.
"DDP (8xA100, NVLink)",4510,2.2167552,3.3994,0.0018,310.6,79.6,measured,out/runpod-8gpu/session_out/train.log + out/runpod-8gpu/session_out/train_ext.log,Clean 10000-step trapezoid; the step-8000 checkpoint joins the two logs.
"DDP (8xA100, NVLink)",4520,2.2216704,3.5469,0.0018,310.7,79.6,measured,out/runpod-8gpu/session_out/train.log + out/runpod-8gpu/session_out/train_ext.log,Clean 10000-step trapezoid; the step-8000 checkpoint joins the two logs.
"DDP (8xA100, NVLink)",4530,2.2265856,3.9202,0.0018,310.8,79.6,measured,out/runpod-8gpu/session_out/train.log + out/runpod-8gpu/session_out/train_ext.log,Clean 10000-step trapezoid; the step-8000 checkpoint joins the two logs.
"DDP (8xA100, NVLink)",4540,2.2315008,3.4203,0.0018,310.9,79.6,measured,out/runpod-8gpu/session_out/train.log + out/runpod-8gpu/session_out/train_ext.log,Clean 10000-step trapezoid; the step-8000 checkpoint joins the two logs.
"DDP (8xA100, NVLink)",4550,2.236416,3.5326,0.0018,310.7,79.6,measured,out/runpod-8gpu/session_out/train.log + out/runpod-8gpu/session_out/train_ext.log,Clean 10000-step trapezoid; the step-8000 checkpoint joins the two logs.
"DDP (8xA100, NVLink)",4560,2.2413312,3.5258,0.0018,311.0,79.5,measured,out/runpod-8gpu/session_out/train.log + out/runpod-8gpu/session_out/train_ext.log,Clean 10000-step trapezoid; the step-8000 checkpoint joins the two logs.
"DDP (8xA100, NVLink)",4570,2.2462464,3.5997,0.0018,311.2,79.5,measured,out/runpod-8gpu/session_out/train.log + out/runpod-8gpu/session_out/train_ext.log,Clean 10000-step trapezoid; the step-8000 checkpoint joins the two logs.
"DDP (8xA100, NVLink)",4580,2.2511616,3.4486,0.0018,311.0,79.5,measured,out/runpod-8gpu/session_out/train.log + out/runpod-8gpu/session_out/train_ext.log,Clean 10000-step trapezoid; the step-8000 checkpoint joins the two logs.
"DDP (8xA100, NVLink)",4590,2.2560768,3.5525,0.0018,310.9,79.5,measured,out/runpod-8gpu/session_out/train.log + out/runpod-8gpu/session_out/train_ext.log,Clean 10000-step trapezoid; the step-8000 checkpoint joins the two logs.
"DDP (8xA100, NVLink)",4600,2.260992,3.5046,0.0018,311.3,79.5,measured,out/runpod-8gpu/session_out/train.log + out/runpod-8gpu/session_out/train_ext.log,Clean 10000-step trapezoid; the step-8000 checkpoint joins the two logs.
"DDP (8xA100, NVLink)",4610,2.2659072,3.5908,0.0018,311.4,79.4,measured,out/runpod-8gpu/session_out/train.log + out/runpod-8gpu/session_out/train_ext.log,Clean 10000-step trapezoid; the step-8000 checkpoint joins the two logs.
"DDP (8xA100, NVLink)",4620,2.2708224,3.5119,0.0018,311.2,79.5,measured,out/runpod-8gpu/session_out/train.log + out/runpod-8gpu/session_out/train_ext.log,Clean 10000-step trapezoid; the step-8000 checkpoint joins the two logs.
"DDP (8xA100, NVLink)",4630,2.2757376,3.5638,0.0018,311.1,79.5,measured,out/runpod-8gpu/session_out/train.log + out/runpod-8gpu/session_out/train_ext.log,Clean 10000-step trapezoid; the step-8000 checkpoint joins the two logs.
"DDP (8xA100, NVLink)",4640,2.2806528,3.5923,0.0018,311.4,79.4,measured,out/runpod-8gpu/session_out/train.log + out/runpod-8gpu/session_out/train_ext.log,Clean 10000-step trapezoid; the step-8000 checkpoint joins the two logs.
"DDP (8xA100, NVLink)",4650,2.285568,3.5875,0.0018,311.1,79.5,measured,out/runpod-8gpu/session_out/train.log + out/runpod-8gpu/session_out/train_ext.log,Clean 10000-step trapezoid; the step-8000 checkpoint joins the two logs.
"DDP (8xA100, NVLink)",4660,2.2904832,3.5638,0.0018,311.6,79.4,measured,out/runpod-8gpu/session_out/train.log + out/runpod-8gpu/session_out/train_ext.log,Clean 10000-step trapezoid; the step-8000 checkpoint joins the two logs.
"DDP (8xA100, NVLink)",4670,2.2953984,3.592,0.0018,311.6,79.4,measured,out/runpod-8gpu/session_out/train.log + out/runpod-8gpu/session_out/train_ext.log,Clean 10000-step trapezoid; the step-8000 checkpoint joins the two logs.
"DDP (8xA100, NVLink)",4680,2.3003136,3.4641,0.0018,311.3,79.5,measured,out/runpod-8gpu/session_out/train.log + out/runpod-8gpu/session_out/train_ext.log,Clean 10000-step trapezoid; the step-8000 checkpoint joins the two logs.
"DDP (8xA100, NVLink)",4690,2.3052288,3.7232,0.0018,311.9,79.3,measured,out/runpod-8gpu/session_out/train.log + out/runpod-8gpu/session_out/train_ext.log,Clean 10000-step trapezoid; the step-8000 checkpoint joins the two logs.
"DDP (8xA100, NVLink)",4700,2.310144,3.4695,0.0018,311.6,79.4,measured,out/runpod-8gpu/session_out/train.log + out/runpod-8gpu/session_out/train_ext.log,Clean 10000-step trapezoid; the step-8000 checkpoint joins the two logs.
"DDP (8xA100, NVLink)",4710,2.3150592,3.56,0.0018,311.7,79.4,measured,out/runpod-8gpu/session_out/train.log + out/runpod-8gpu/session_out/train_ext.log,Clean 10000-step trapezoid; the step-8000 checkpoint joins the two logs.
"DDP (8xA100, NVLink)",4720,2.3199744,3.4846,0.0018,311.6,79.4,measured,out/runpod-8gpu/session_out/train.log + out/runpod-8gpu/session_out/train_ext.log,Clean 10000-step trapezoid; the step-8000 checkpoint joins the two logs.
"DDP (8xA100, NVLink)",4730,2.3248896,3.4672,0.0018,311.5,79.4,measured,out/runpod-8gpu/session_out/train.log + out/runpod-8gpu/session_out/train_ext.log,Clean 10000-step trapezoid; the step-8000 checkpoint joins the two logs.
"DDP (8xA100, NVLink)",4740,2.3298048,3.691,0.0018,311.5,79.4,measured,out/runpod-8gpu/session_out/train.log + out/runpod-8gpu/session_out/train_ext.log,Clean 10000-step trapezoid; the step-8000 checkpoint joins the two logs.
"DDP (8xA100, NVLink)",4750,2.33472,3.5901,0.0018,308.8,80.1,measured,out/runpod-8gpu/session_out/train.log + out/runpod-8gpu/session_out/train_ext.log,Clean 10000-step trapezoid; the step-8000 checkpoint joins the two logs.
"DDP (8xA100, NVLink)",4760,2.3396352,3.461,0.0018,310.3,79.7,measured,out/runpod-8gpu/session_out/train.log + out/runpod-8gpu/session_out/train_ext.log,Clean 10000-step trapezoid; the step-8000 checkpoint joins the two logs.
"DDP (8xA100, NVLink)",4770,2.3445504,3.554,0.0018,310.5,79.7,measured,out/runpod-8gpu/session_out/train.log + out/runpod-8gpu/session_out/train_ext.log,Clean 10000-step trapezoid; the step-8000 checkpoint joins the two logs.
"DDP (8xA100, NVLink)",4780,2.3494656,3.5894,0.0018,310.7,79.6,measured,out/runpod-8gpu/session_out/train.log + out/runpod-8gpu/session_out/train_ext.log,Clean 10000-step trapezoid; the step-8000 checkpoint joins the two logs.
"DDP (8xA100, NVLink)",4790,2.3543808,3.4939,0.0018,311.5,79.4,measured,out/runpod-8gpu/session_out/train.log + out/runpod-8gpu/session_out/train_ext.log,Clean 10000-step trapezoid; the step-8000 checkpoint joins the two logs.
"DDP (8xA100, NVLink)",4800,2.359296,3.5357,0.0018,311.3,79.5,measured,out/runpod-8gpu/session_out/train.log + out/runpod-8gpu/session_out/train_ext.log,Clean 10000-step trapezoid; the step-8000 checkpoint joins the two logs.
"DDP (8xA100, NVLink)",4810,2.3642112,3.5967,0.0018,311.0,79.5,measured,out/runpod-8gpu/session_out/train.log + out/runpod-8gpu/session_out/train_ext.log,Clean 10000-step trapezoid; the step-8000 checkpoint joins the two logs.
"DDP (8xA100, NVLink)",4820,2.3691264,3.2545,0.0018,310.8,79.6,measured,out/runpod-8gpu/session_out/train.log + out/runpod-8gpu/session_out/train_ext.log,Clean 10000-step trapezoid; the step-8000 checkpoint joins the two logs.
"DDP (8xA100, NVLink)",4830,2.3740416,3.5371,0.0018,311.9,79.3,measured,out/runpod-8gpu/session_out/train.log + out/runpod-8gpu/session_out/train_ext.log,Clean 10000-step trapezoid; the step-8000 checkpoint joins the two logs.
"DDP (8xA100, NVLink)",4840,2.3789568,3.4709,0.0018,311.0,79.5,measured,out/runpod-8gpu/session_out/train.log + out/runpod-8gpu/session_out/train_ext.log,Clean 10000-step trapezoid; the step-8000 checkpoint joins the two logs.
"DDP (8xA100, NVLink)",4850,2.383872,3.378,0.0018,311.6,79.4,measured,out/runpod-8gpu/session_out/train.log + out/runpod-8gpu/session_out/train_ext.log,Clean 10000-step trapezoid; the step-8000 checkpoint joins the two logs.
"DDP (8xA100, NVLink)",4860,2.3887872,3.4798,0.0018,311.5,79.4,measured,out/runpod-8gpu/session_out/train.log + out/runpod-8gpu/session_out/train_ext.log,Clean 10000-step trapezoid; the step-8000 checkpoint joins the two logs.
"DDP (8xA100, NVLink)",4870,2.3937024,3.4297,0.0018,311.8,79.3,measured,out/runpod-8gpu/session_out/train.log + out/runpod-8gpu/session_out/train_ext.log,Clean 10000-step trapezoid; the step-8000 checkpoint joins the two logs.
"DDP (8xA100, NVLink)",4880,2.3986176,3.6133,0.0018,311.6,79.4,measured,out/runpod-8gpu/session_out/train.log + out/runpod-8gpu/session_out/train_ext.log,Clean 10000-step trapezoid; the step-8000 checkpoint joins the two logs.
"DDP (8xA100, NVLink)",4890,2.4035328,3.6876,0.0018,311.5,79.4,measured,out/runpod-8gpu/session_out/train.log + out/runpod-8gpu/session_out/train_ext.log,Clean 10000-step trapezoid; the step-8000 checkpoint joins the two logs.
"DDP (8xA100, NVLink)",4900,2.408448,3.3581,0.0018,311.4,79.4,measured,out/runpod-8gpu/session_out/train.log + out/runpod-8gpu/session_out/train_ext.log,Clean 10000-step trapezoid; the step-8000 checkpoint joins the two logs.
"DDP (8xA100, NVLink)",4910,2.4133632,3.4311,0.0018,311.5,79.4,measured,out/runpod-8gpu/session_out/train.log + out/runpod-8gpu/session_out/train_ext.log,Clean 10000-step trapezoid; the step-8000 checkpoint joins the two logs.
"DDP (8xA100, NVLink)",4920,2.4182784,3.7969,0.0018,311.4,79.4,measured,out/runpod-8gpu/session_out/train.log + out/runpod-8gpu/session_out/train_ext.log,Clean 10000-step trapezoid; the step-8000 checkpoint joins the two logs.
"DDP (8xA100, NVLink)",4930,2.4231936,3.5653,0.0018,311.7,79.4,measured,out/runpod-8gpu/session_out/train.log + out/runpod-8gpu/session_out/train_ext.log,Clean 10000-step trapezoid; the step-8000 checkpoint joins the two logs.
"DDP (8xA100, NVLink)",4940,2.4281088,3.4873,0.0018,311.5,79.4,measured,out/runpod-8gpu/session_out/train.log + out/runpod-8gpu/session_out/train_ext.log,Clean 10000-step trapezoid; the step-8000 checkpoint joins the two logs.
"DDP (8xA100, NVLink)",4950,2.433024,3.3723,0.0018,312.4,79.2,measured,out/runpod-8gpu/session_out/train.log + out/runpod-8gpu/session_out/train_ext.log,Clean 10000-step trapezoid; the step-8000 checkpoint joins the two logs.
"DDP (8xA100, NVLink)",4960,2.4379392,3.6159,0.0018,311.6,79.4,measured,out/runpod-8gpu/session_out/train.log + out/runpod-8gpu/session_out/train_ext.log,Clean 10000-step trapezoid; the step-8000 checkpoint joins the two logs.
"DDP (8xA100, NVLink)",4970,2.4428544,3.517,0.0018,312.0,79.3,measured,out/runpod-8gpu/session_out/train.log + out/runpod-8gpu/session_out/train_ext.log,Clean 10000-step trapezoid; the step-8000 checkpoint joins the two logs.
"DDP (8xA100, NVLink)",4980,2.4477696,3.5941,0.0018,311.8,79.3,measured,out/runpod-8gpu/session_out/train.log + out/runpod-8gpu/session_out/train_ext.log,Clean 10000-step trapezoid; the step-8000 checkpoint joins the two logs.
"DDP (8xA100, NVLink)",4990,2.4526848,3.3914,0.0018,311.9,79.3,measured,out/runpod-8gpu/session_out/train.log + out/runpod-8gpu/session_out/train_ext.log,Clean 10000-step trapezoid; the step-8000 checkpoint joins the two logs.
"DDP (8xA100, NVLink)",5000,2.4576,3.5441,0.0018,308.1,80.3,measured,out/runpod-8gpu/session_out/train.log + out/runpod-8gpu/session_out/train_ext.log,Clean 10000-step trapezoid; the step-8000 checkpoint joins the two logs.
"DDP (8xA100, NVLink)",5010,2.4625152,3.6913,0.0018,310.8,79.6,measured,out/runpod-8gpu/session_out/train.log + out/runpod-8gpu/session_out/train_ext.log,Clean 10000-step trapezoid; the step-8000 checkpoint joins the two logs.
"DDP (8xA100, NVLink)",5020,2.4674304,3.5265,0.0018,310.8,79.6,measured,out/runpod-8gpu/session_out/train.log + out/runpod-8gpu/session_out/train_ext.log,Clean 10000-step trapezoid; the step-8000 checkpoint joins the two logs.
"DDP (8xA100, NVLink)",5030,2.4723456,3.5494,0.0018,311.1,79.5,measured,out/runpod-8gpu/session_out/train.log + out/runpod-8gpu/session_out/train_ext.log,Clean 10000-step trapezoid; the step-8000 checkpoint joins the two logs.
"DDP (8xA100, NVLink)",5040,2.4772608,3.6006,0.0018,310.9,79.5,measured,out/runpod-8gpu/session_out/train.log + out/runpod-8gpu/session_out/train_ext.log,Clean 10000-step trapezoid; the step-8000 checkpoint joins the two logs.
"DDP (8xA100, NVLink)",5050,2.482176,3.4432,0.0018,310.9,79.6,measured,out/runpod-8gpu/session_out/train.log + out/runpod-8gpu/session_out/train_ext.log,Clean 10000-step trapezoid; the step-8000 checkpoint joins the two logs.
"DDP (8xA100, NVLink)",5060,2.4870912,3.4333,0.0018,311.2,79.5,measured,out/runpod-8gpu/session_out/train.log + out/runpod-8gpu/session_out/train_ext.log,Clean 10000-step trapezoid; the step-8000 checkpoint joins the two logs.
"DDP (8xA100, NVLink)",5070,2.4920064,3.6207,0.0018,311.0,79.5,measured,out/runpod-8gpu/session_out/train.log + out/runpod-8gpu/session_out/train_ext.log,Clean 10000-step trapezoid; the step-8000 checkpoint joins the two logs.
"DDP (8xA100, NVLink)",5080,2.4969216,3.3419,0.0018,311.0,79.5,measured,out/runpod-8gpu/session_out/train.log + out/runpod-8gpu/session_out/train_ext.log,Clean 10000-step trapezoid; the step-8000 checkpoint joins the two logs.
"DDP (8xA100, NVLink)",5090,2.5018368,3.526,0.0018,311.4,79.4,measured,out/runpod-8gpu/session_out/train.log + out/runpod-8gpu/session_out/train_ext.log,Clean 10000-step trapezoid; the step-8000 checkpoint joins the two logs.
"DDP (8xA100, NVLink)",5100,2.506752,3.4415,0.0018,311.4,79.4,measured,out/runpod-8gpu/session_out/train.log + out/runpod-8gpu/session_out/train_ext.log,Clean 10000-step trapezoid; the step-8000 checkpoint joins the two logs.
"DDP (8xA100, NVLink)",5110,2.5116672,3.4306,0.0018,311.2,79.5,measured,out/runpod-8gpu/session_out/train.log + out/runpod-8gpu/session_out/train_ext.log,Clean 10000-step trapezoid; the step-8000 checkpoint joins the two logs.
"DDP (8xA100, NVLink)",5120,2.5165824,3.5816,0.0018,311.4,79.4,measured,out/runpod-8gpu/session_out/train.log + out/runpod-8gpu/session_out/train_ext.log,Clean 10000-step trapezoid; the step-8000 checkpoint joins the two logs.
"DDP (8xA100, NVLink)",5130,2.5214976,3.4709,0.0018,311.5,79.4,measured,out/runpod-8gpu/session_out/train.log + out/runpod-8gpu/session_out/train_ext.log,Clean 10000-step trapezoid; the step-8000 checkpoint joins the two logs.
"DDP (8xA100, NVLink)",5140,2.5264128,3.4137,0.0018,311.5,79.4,measured,out/runpod-8gpu/session_out/train.log + out/runpod-8gpu/session_out/train_ext.log,Clean 10000-step trapezoid; the step-8000 checkpoint joins the two logs.
"DDP (8xA100, NVLink)",5150,2.531328,3.6691,0.0018,311.1,79.5,measured,out/runpod-8gpu/session_out/train.log + out/runpod-8gpu/session_out/train_ext.log,Clean 10000-step trapezoid; the step-8000 checkpoint joins the two logs.
"DDP (8xA100, NVLink)",5160,2.5362432,3.3705,0.0018,311.2,79.5,measured,out/runpod-8gpu/session_out/train.log + out/runpod-8gpu/session_out/train_ext.log,Clean 10000-step trapezoid; the step-8000 checkpoint joins the two logs.
"DDP (8xA100, NVLink)",5170,2.5411584,3.3683,0.0018,311.4,79.4,measured,out/runpod-8gpu/session_out/train.log + out/runpod-8gpu/session_out/train_ext.log,Clean 10000-step trapezoid; the step-8000 checkpoint joins the two logs.
"DDP (8xA100, NVLink)",5180,2.5460736,3.8632,0.0018,311.4,79.4,measured,out/runpod-8gpu/session_out/train.log + out/runpod-8gpu/session_out/train_ext.log,Clean 10000-step trapezoid; the step-8000 checkpoint joins the two logs.
"DDP (8xA100, NVLink)",5190,2.5509888,3.3424,0.0018,311.4,79.4,measured,out/runpod-8gpu/session_out/train.log + out/runpod-8gpu/session_out/train_ext.log,Clean 10000-step trapezoid; the step-8000 checkpoint joins the two logs.
"DDP (8xA100, NVLink)",5200,2.555904,3.4769,0.0018,311.8,79.3,measured,out/runpod-8gpu/session_out/train.log + out/runpod-8gpu/session_out/train_ext.log,Clean 10000-step trapezoid; the step-8000 checkpoint joins the two logs.
"DDP (8xA100, NVLink)",5210,2.5608192,3.4297,0.0018,311.3,79.5,measured,out/runpod-8gpu/session_out/train.log + out/runpod-8gpu/session_out/train_ext.log,Clean 10000-step trapezoid; the step-8000 checkpoint joins the two logs.
"DDP (8xA100, NVLink)",5220,2.5657344,3.4733,0.0018,311.8,79.3,measured,out/runpod-8gpu/session_out/train.log + out/runpod-8gpu/session_out/train_ext.log,Clean 10000-step trapezoid; the step-8000 checkpoint joins the two logs.
"DDP (8xA100, NVLink)",5230,2.5706496,3.4355,0.0018,312.1,79.2,measured,out/runpod-8gpu/session_out/train.log + out/runpod-8gpu/session_out/train_ext.log,Clean 10000-step trapezoid; the step-8000 checkpoint joins the two logs.
"DDP (8xA100, NVLink)",5240,2.5755648,3.4352,0.0018,311.6,79.4,measured,out/runpod-8gpu/session_out/train.log + out/runpod-8gpu/session_out/train_ext.log,Clean 10000-step trapezoid; the step-8000 checkpoint joins the two logs.
"DDP (8xA100, NVLink)",5250,2.58048,3.5744,0.0018,315.4,78.4,measured,out/runpod-8gpu/session_out/train.log + out/runpod-8gpu/session_out/train_ext.log,Clean 10000-step trapezoid; the step-8000 checkpoint joins the two logs.
"DDP (8xA100, NVLink)",5260,2.5853952,3.3239,0.0018,310.7,79.6,measured,out/runpod-8gpu/session_out/train.log + out/runpod-8gpu/session_out/train_ext.log,Clean 10000-step trapezoid; the step-8000 checkpoint joins the two logs.
"DDP (8xA100, NVLink)",5270,2.5903104,3.5273,0.0018,311.0,79.5,measured,out/runpod-8gpu/session_out/train.log + out/runpod-8gpu/session_out/train_ext.log,Clean 10000-step trapezoid; the step-8000 checkpoint joins the two logs.
"DDP (8xA100, NVLink)",5280,2.5952256,3.4754,0.0018,310.8,79.6,measured,out/runpod-8gpu/session_out/train.log + out/runpod-8gpu/session_out/train_ext.log,Clean 10000-step trapezoid; the step-8000 checkpoint joins the two logs.
"DDP (8xA100, NVLink)",5290,2.6001408,3.3813,0.0018,311.2,79.5,measured,out/runpod-8gpu/session_out/train.log + out/runpod-8gpu/session_out/train_ext.log,Clean 10000-step trapezoid; the step-8000 checkpoint joins the two logs.
"DDP (8xA100, NVLink)",5300,2.605056,3.7439,0.0018,311.2,79.5,measured,out/runpod-8gpu/session_out/train.log + out/runpod-8gpu/session_out/train_ext.log,Clean 10000-step trapezoid; the step-8000 checkpoint joins the two logs.
"DDP (8xA100, NVLink)",5310,2.6099712,3.6337,0.0018,311.2,79.5,measured,out/runpod-8gpu/session_out/train.log + out/runpod-8gpu/session_out/train_ext.log,Clean 10000-step trapezoid; the step-8000 checkpoint joins the two logs.
"DDP (8xA100, NVLink)",5320,2.6148864,3.4902,0.0018,310.9,79.6,measured,out/runpod-8gpu/session_out/train.log + out/runpod-8gpu/session_out/train_ext.log,Clean 10000-step trapezoid; the step-8000 checkpoint joins the two logs.
"DDP (8xA100, NVLink)",5330,2.6198016,3.5974,0.0018,311.0,79.5,measured,out/runpod-8gpu/session_out/train.log + out/runpod-8gpu/session_out/train_ext.log,Clean 10000-step trapezoid; the step-8000 checkpoint joins the two logs.
"DDP (8xA100, NVLink)",5340,2.6247168,3.5753,0.0018,311.0,79.5,measured,out/runpod-8gpu/session_out/train.log + out/runpod-8gpu/session_out/train_ext.log,Clean 10000-step trapezoid; the step-8000 checkpoint joins the two logs.
"DDP (8xA100, NVLink)",5350,2.629632,3.4342,0.0018,311.2,79.5,measured,out/runpod-8gpu/session_out/train.log + out/runpod-8gpu/session_out/train_ext.log,Clean 10000-step trapezoid; the step-8000 checkpoint joins the two logs.
"DDP (8xA100, NVLink)",5360,2.6345472,3.4204,0.0018,311.3,79.4,measured,out/runpod-8gpu/session_out/train.log + out/runpod-8gpu/session_out/train_ext.log,Clean 10000-step trapezoid; the step-8000 checkpoint joins the two logs.
"DDP (8xA100, NVLink)",5370,2.6394624,3.7352,0.0018,311.0,79.5,measured,out/runpod-8gpu/session_out/train.log + out/runpod-8gpu/session_out/train_ext.log,Clean 10000-step trapezoid; the step-8000 checkpoint joins the two logs.
"DDP (8xA100, NVLink)",5380,2.6443776,3.3212,0.0018,311.0,79.5,measured,out/runpod-8gpu/session_out/train.log + out/runpod-8gpu/session_out/train_ext.log,Clean 10000-step trapezoid; the step-8000 checkpoint joins the two logs.
"DDP (8xA100, NVLink)",5390,2.6492928,3.407,0.0018,311.7,79.3,measured,out/runpod-8gpu/session_out/train.log + out/runpod-8gpu/session_out/train_ext.log,Clean 10000-step trapezoid; the step-8000 checkpoint joins the two logs.
"DDP (8xA100, NVLink)",5400,2.654208,3.4127,0.0018,311.5,79.4,measured,out/runpod-8gpu/session_out/train.log + out/runpod-8gpu/session_out/train_ext.log,Clean 10000-step trapezoid; the step-8000 checkpoint joins the two logs.
"DDP (8xA100, NVLink)",5410,2.6591232,3.5342,0.0018,311.3,79.5,measured,out/runpod-8gpu/session_out/train.log + out/runpod-8gpu/session_out/train_ext.log,Clean 10000-step trapezoid; the step-8000 checkpoint joins the two logs.
"DDP (8xA100, NVLink)",5420,2.6640384,3.3423,0.0018,311.6,79.4,measured,out/runpod-8gpu/session_out/train.log + out/runpod-8gpu/session_out/train_ext.log,Clean 10000-step trapezoid; the step-8000 checkpoint joins the two logs.
"DDP (8xA100, NVLink)",5430,2.6689536,3.5089,0.0018,311.8,79.3,measured,out/runpod-8gpu/session_out/train.log + out/runpod-8gpu/session_out/train_ext.log,Clean 10000-step trapezoid; the step-8000 checkpoint joins the two logs.
"DDP (8xA100, NVLink)",5440,2.6738688,3.4181,0.0018,311.6,79.4,measured,out/runpod-8gpu/session_out/train.log + out/runpod-8gpu/session_out/train_ext.log,Clean 10000-step trapezoid; the step-8000 checkpoint joins the two logs.
"DDP (8xA100, NVLink)",5450,2.678784,3.3506,0.0018,311.3,79.5,measured,out/runpod-8gpu/session_out/train.log + out/runpod-8gpu/session_out/train_ext.log,Clean 10000-step trapezoid; the step-8000 checkpoint joins the two logs.
"DDP (8xA100, NVLink)",5460,2.6836992,3.5387,0.0018,311.8,79.3,measured,out/runpod-8gpu/session_out/train.log + out/runpod-8gpu/session_out/train_ext.log,Clean 10000-step trapezoid; the step-8000 checkpoint joins the two logs.
"DDP (8xA100, NVLink)",5470,2.6886144,3.5182,0.0018,311.6,79.4,measured,out/runpod-8gpu/session_out/train.log + out/runpod-8gpu/session_out/train_ext.log,Clean 10000-step trapezoid; the step-8000 checkpoint joins the two logs.
"DDP (8xA100, NVLink)",5480,2.6935296,3.4032,0.0018,311.6,79.4,measured,out/runpod-8gpu/session_out/train.log + out/runpod-8gpu/session_out/train_ext.log,Clean 10000-step trapezoid; the step-8000 checkpoint joins the two logs.
"DDP (8xA100, NVLink)",5490,2.6984448,3.42,0.0018,311.6,79.4,measured,out/runpod-8gpu/session_out/train.log + out/runpod-8gpu/session_out/train_ext.log,Clean 10000-step trapezoid; the step-8000 checkpoint joins the two logs.
"DDP (8xA100, NVLink)",5500,2.70336,3.5948,0.0018,309.0,80.1,measured,out/runpod-8gpu/session_out/train.log + out/runpod-8gpu/session_out/train_ext.log,Clean 10000-step trapezoid; the step-8000 checkpoint joins the two logs.
"DDP (8xA100, NVLink)",5510,2.7082752,3.5384,0.0018,311.3,79.5,measured,out/runpod-8gpu/session_out/train.log + out/runpod-8gpu/session_out/train_ext.log,Clean 10000-step trapezoid; the step-8000 checkpoint joins the two logs.
"DDP (8xA100, NVLink)",5520,2.7131904,3.4634,0.0018,310.6,79.6,measured,out/runpod-8gpu/session_out/train.log + out/runpod-8gpu/session_out/train_ext.log,Clean 10000-step trapezoid; the step-8000 checkpoint joins the two logs.
"DDP (8xA100, NVLink)",5530,2.7181056,3.4322,0.0018,311.1,79.5,measured,out/runpod-8gpu/session_out/train.log + out/runpod-8gpu/session_out/train_ext.log,Clean 10000-step trapezoid; the step-8000 checkpoint joins the two logs.
"DDP (8xA100, NVLink)",5540,2.7230208,3.2257,0.0018,311.4,79.4,measured,out/runpod-8gpu/session_out/train.log + out/runpod-8gpu/session_out/train_ext.log,Clean 10000-step trapezoid; the step-8000 checkpoint joins the two logs.
"DDP (8xA100, NVLink)",5550,2.727936,3.5569,0.0018,311.3,79.5,measured,out/runpod-8gpu/session_out/train.log + out/runpod-8gpu/session_out/train_ext.log,Clean 10000-step trapezoid; the step-8000 checkpoint joins the two logs.
"DDP (8xA100, NVLink)",5560,2.7328512,3.5183,0.0018,311.8,79.3,measured,out/runpod-8gpu/session_out/train.log + out/runpod-8gpu/session_out/train_ext.log,Clean 10000-step trapezoid; the step-8000 checkpoint joins the two logs.
"DDP (8xA100, NVLink)",5570,2.7377664,3.5716,0.0018,311.6,79.4,measured,out/runpod-8gpu/session_out/train.log + out/runpod-8gpu/session_out/train_ext.log,Clean 10000-step trapezoid; the step-8000 checkpoint joins the two logs.
"DDP (8xA100, NVLink)",5580,2.7426816,3.4798,0.0018,310.9,79.6,measured,out/runpod-8gpu/session_out/train.log + out/runpod-8gpu/session_out/train_ext.log,Clean 10000-step trapezoid; the step-8000 checkpoint joins the two logs.
"DDP (8xA100, NVLink)",5590,2.7475968,3.4667,0.0018,311.7,79.4,measured,out/runpod-8gpu/session_out/train.log + out/runpod-8gpu/session_out/train_ext.log,Clean 10000-step trapezoid; the step-8000 checkpoint joins the two logs.
"DDP (8xA100, NVLink)",5600,2.752512,3.5167,0.0018,311.6,79.4,measured,out/runpod-8gpu/session_out/train.log + out/runpod-8gpu/session_out/train_ext.log,Clean 10000-step trapezoid; the step-8000 checkpoint joins the two logs.
"DDP (8xA100, NVLink)",5610,2.7574272,3.4726,0.0018,311.3,79.5,measured,out/runpod-8gpu/session_out/train.log + out/runpod-8gpu/session_out/train_ext.log,Clean 10000-step trapezoid; the step-8000 checkpoint joins the two logs.
"DDP (8xA100, NVLink)",5620,2.7623424,3.463,0.0018,311.2,79.5,measured,out/runpod-8gpu/session_out/train.log + out/runpod-8gpu/session_out/train_ext.log,Clean 10000-step trapezoid; the step-8000 checkpoint joins the two logs.
"DDP (8xA100, NVLink)",5630,2.7672576,4.1488,0.0018,311.9,79.3,measured,out/runpod-8gpu/session_out/train.log + out/runpod-8gpu/session_out/train_ext.log,Clean 10000-step trapezoid; the step-8000 checkpoint joins the two logs.
"DDP (8xA100, NVLink)",5640,2.7721728,3.3841,0.0018,311.3,79.5,measured,out/runpod-8gpu/session_out/train.log + out/runpod-8gpu/session_out/train_ext.log,Clean 10000-step trapezoid; the step-8000 checkpoint joins the two logs.
"DDP (8xA100, NVLink)",5650,2.777088,3.6209,0.0018,311.6,79.4,measured,out/runpod-8gpu/session_out/train.log + out/runpod-8gpu/session_out/train_ext.log,Clean 10000-step trapezoid; the step-8000 checkpoint joins the two logs.
"DDP (8xA100, NVLink)",5660,2.7820032,3.2418,0.0018,311.5,79.4,measured,out/runpod-8gpu/session_out/train.log + out/runpod-8gpu/session_out/train_ext.log,Clean 10000-step trapezoid; the step-8000 checkpoint joins the two logs.
"DDP (8xA100, NVLink)",5670,2.7869184,3.5571,0.0018,311.6,79.4,measured,out/runpod-8gpu/session_out/train.log + out/runpod-8gpu/session_out/train_ext.log,Clean 10000-step trapezoid; the step-8000 checkpoint joins the two logs.
"DDP (8xA100, NVLink)",5680,2.7918336,3.5164,0.0018,311.5,79.4,measured,out/runpod-8gpu/session_out/train.log + out/runpod-8gpu/session_out/train_ext.log,Clean 10000-step trapezoid; the step-8000 checkpoint joins the two logs.
"DDP (8xA100, NVLink)",5690,2.7967488,3.433,0.0018,311.8,79.3,measured,out/runpod-8gpu/session_out/train.log + out/runpod-8gpu/session_out/train_ext.log,Clean 10000-step trapezoid; the step-8000 checkpoint joins the two logs.
"DDP (8xA100, NVLink)",5700,2.801664,3.2948,0.0018,311.8,79.3,measured,out/runpod-8gpu/session_out/train.log + out/runpod-8gpu/session_out/train_ext.log,Clean 10000-step trapezoid; the step-8000 checkpoint joins the two logs.
"DDP (8xA100, NVLink)",5710,2.8065792,3.6985,0.0018,311.4,79.4,measured,out/runpod-8gpu/session_out/train.log + out/runpod-8gpu/session_out/train_ext.log,Clean 10000-step trapezoid; the step-8000 checkpoint joins the two logs.
"DDP (8xA100, NVLink)",5720,2.8114944,3.4448,0.0018,311.8,79.3,measured,out/runpod-8gpu/session_out/train.log + out/runpod-8gpu/session_out/train_ext.log,Clean 10000-step trapezoid; the step-8000 checkpoint joins the two logs.
"DDP (8xA100, NVLink)",5730,2.8164096,3.3752,0.0018,311.7,79.4,measured,out/runpod-8gpu/session_out/train.log + out/runpod-8gpu/session_out/train_ext.log,Clean 10000-step trapezoid; the step-8000 checkpoint joins the two logs.
"DDP (8xA100, NVLink)",5740,2.8213248,3.3553,0.0018,311.6,79.4,measured,out/runpod-8gpu/session_out/train.log + out/runpod-8gpu/session_out/train_ext.log,Clean 10000-step trapezoid; the step-8000 checkpoint joins the two logs.
"DDP (8xA100, NVLink)",5750,2.82624,3.3957,0.0018,309.7,79.9,measured,out/runpod-8gpu/session_out/train.log + out/runpod-8gpu/session_out/train_ext.log,Clean 10000-step trapezoid; the step-8000 checkpoint joins the two logs.
"DDP (8xA100, NVLink)",5760,2.8311552,3.478,0.0018,310.9,79.6,measured,out/runpod-8gpu/session_out/train.log + out/runpod-8gpu/session_out/train_ext.log,Clean 10000-step trapezoid; the step-8000 checkpoint joins the two logs.
"DDP (8xA100, NVLink)",5770,2.8360704,3.7541,0.0018,310.7,79.6,measured,out/runpod-8gpu/session_out/train.log + out/runpod-8gpu/session_out/train_ext.log,Clean 10000-step trapezoid; the step-8000 checkpoint joins the two logs.
"DDP (8xA100, NVLink)",5780,2.8409856,3.4479,0.0018,310.8,79.6,measured,out/runpod-8gpu/session_out/train.log + out/runpod-8gpu/session_out/train_ext.log,Clean 10000-step trapezoid; the step-8000 checkpoint joins the two logs.
"DDP (8xA100, NVLink)",5790,2.8459008,3.6427,0.0018,311.5,79.4,measured,out/runpod-8gpu/session_out/train.log + out/runpod-8gpu/session_out/train_ext.log,Clean 10000-step trapezoid; the step-8000 checkpoint joins the two logs.
"DDP (8xA100, NVLink)",5800,2.850816,3.4555,0.0018,311.3,79.5,measured,out/runpod-8gpu/session_out/train.log + out/runpod-8gpu/session_out/train_ext.log,Clean 10000-step trapezoid; the step-8000 checkpoint joins the two logs.
"DDP (8xA100, NVLink)",5810,2.8557312,3.4502,0.0018,311.2,79.5,measured,out/runpod-8gpu/session_out/train.log + out/runpod-8gpu/session_out/train_ext.log,Clean 10000-step trapezoid; the step-8000 checkpoint joins the two logs.
"DDP (8xA100, NVLink)",5820,2.8606464,3.4939,0.0018,311.2,79.5,measured,out/runpod-8gpu/session_out/train.log + out/runpod-8gpu/session_out/train_ext.log,Clean 10000-step trapezoid; the step-8000 checkpoint joins the two logs.
"DDP (8xA100, NVLink)",5830,2.8655616,3.3654,0.0018,311.2,79.5,measured,out/runpod-8gpu/session_out/train.log + out/runpod-8gpu/session_out/train_ext.log,Clean 10000-step trapezoid; the step-8000 checkpoint joins the two logs.
"DDP (8xA100, NVLink)",5840,2.8704768,3.3667,0.0018,311.3,79.5,measured,out/runpod-8gpu/session_out/train.log + out/runpod-8gpu/session_out/train_ext.log,Clean 10000-step trapezoid; the step-8000 checkpoint joins the two logs.
"DDP (8xA100, NVLink)",5850,2.875392,3.4736,0.0018,311.1,79.5,measured,out/runpod-8gpu/session_out/train.log + out/runpod-8gpu/session_out/train_ext.log,Clean 10000-step trapezoid; the step-8000 checkpoint joins the two logs.
"DDP (8xA100, NVLink)",5860,2.8803072,3.4563,0.0018,311.6,79.4,measured,out/runpod-8gpu/session_out/train.log + out/runpod-8gpu/session_out/train_ext.log,Clean 10000-step trapezoid; the step-8000 checkpoint joins the two logs.
"DDP (8xA100, NVLink)",5870,2.8852224,3.3771,0.0018,311.5,79.4,measured,out/runpod-8gpu/session_out/train.log + out/runpod-8gpu/session_out/train_ext.log,Clean 10000-step trapezoid; the step-8000 checkpoint joins the two logs.
"DDP (8xA100, NVLink)",5880,2.8901376,3.425,0.0018,311.4,79.4,measured,out/runpod-8gpu/session_out/train.log + out/runpod-8gpu/session_out/train_ext.log,Clean 10000-step trapezoid; the step-8000 checkpoint joins the two logs.
"DDP (8xA100, NVLink)",5890,2.8950528,3.4176,0.0018,312.3,79.2,measured,out/runpod-8gpu/session_out/train.log + out/runpod-8gpu/session_out/train_ext.log,Clean 10000-step trapezoid; the step-8000 checkpoint joins the two logs.
"DDP (8xA100, NVLink)",5900,2.899968,3.4585,0.0018,311.4,79.4,measured,out/runpod-8gpu/session_out/train.log + out/runpod-8gpu/session_out/train_ext.log,Clean 10000-step trapezoid; the step-8000 checkpoint joins the two logs.
"DDP (8xA100, NVLink)",5910,2.9048832,3.4498,0.0018,311.4,79.4,measured,out/runpod-8gpu/session_out/train.log + out/runpod-8gpu/session_out/train_ext.log,Clean 10000-step trapezoid; the step-8000 checkpoint joins the two logs.
"DDP (8xA100, NVLink)",5920,2.9097984,3.5755,0.0018,311.8,79.3,measured,out/runpod-8gpu/session_out/train.log + out/runpod-8gpu/session_out/train_ext.log,Clean 10000-step trapezoid; the step-8000 checkpoint joins the two logs.
"DDP (8xA100, NVLink)",5930,2.9147136,3.5748,0.0018,311.6,79.4,measured,out/runpod-8gpu/session_out/train.log + out/runpod-8gpu/session_out/train_ext.log,Clean 10000-step trapezoid; the step-8000 checkpoint joins the two logs.
"DDP (8xA100, NVLink)",5940,2.9196288,3.6789,0.0018,311.7,79.4,measured,out/runpod-8gpu/session_out/train.log + out/runpod-8gpu/session_out/train_ext.log,Clean 10000-step trapezoid; the step-8000 checkpoint joins the two logs.
"DDP (8xA100, NVLink)",5950,2.924544,3.426,0.0018,311.8,79.3,measured,out/runpod-8gpu/session_out/train.log + out/runpod-8gpu/session_out/train_ext.log,Clean 10000-step trapezoid; the step-8000 checkpoint joins the two logs.
"DDP (8xA100, NVLink)",5960,2.9294592,3.5318,0.0018,311.4,79.4,measured,out/runpod-8gpu/session_out/train.log + out/runpod-8gpu/session_out/train_ext.log,Clean 10000-step trapezoid; the step-8000 checkpoint joins the two logs.
"DDP (8xA100, NVLink)",5970,2.9343744,3.3748,0.0018,311.4,79.4,measured,out/runpod-8gpu/session_out/train.log + out/runpod-8gpu/session_out/train_ext.log,Clean 10000-step trapezoid; the step-8000 checkpoint joins the two logs.
"DDP (8xA100, NVLink)",5980,2.9392896,3.4272,0.0018,311.9,79.3,measured,out/runpod-8gpu/session_out/train.log + out/runpod-8gpu/session_out/train_ext.log,Clean 10000-step trapezoid; the step-8000 checkpoint joins the two logs.
"DDP (8xA100, NVLink)",5990,2.9442048,3.5707,0.0018,311.6,79.4,measured,out/runpod-8gpu/session_out/train.log + out/runpod-8gpu/session_out/train_ext.log,Clean 10000-step trapezoid; the step-8000 checkpoint joins the two logs.
"DDP (8xA100, NVLink)",6000,2.94912,3.3845,0.0018,309.2,80.0,measured,out/runpod-8gpu/session_out/train.log + out/runpod-8gpu/session_out/train_ext.log,Clean 10000-step trapezoid; the step-8000 checkpoint joins the two logs.
"DDP (8xA100, NVLink)",6010,2.9540352,3.4712,0.0018,310.4,79.7,measured,out/runpod-8gpu/session_out/train.log + out/runpod-8gpu/session_out/train_ext.log,Clean 10000-step trapezoid; the step-8000 checkpoint joins the two logs.
"DDP (8xA100, NVLink)",6020,2.9589504,3.5364,0.0018,310.8,79.6,measured,out/runpod-8gpu/session_out/train.log + out/runpod-8gpu/session_out/train_ext.log,Clean 10000-step trapezoid; the step-8000 checkpoint joins the two logs.
"DDP (8xA100, NVLink)",6030,2.9638656,3.5392,0.0018,310.8,79.6,measured,out/runpod-8gpu/session_out/train.log + out/runpod-8gpu/session_out/train_ext.log,Clean 10000-step trapezoid; the step-8000 checkpoint joins the two logs.
"DDP (8xA100, NVLink)",6040,2.9687808,3.5611,0.0018,311.1,79.5,measured,out/runpod-8gpu/session_out/train.log + out/runpod-8gpu/session_out/train_ext.log,Clean 10000-step trapezoid; the step-8000 checkpoint joins the two logs.
"DDP (8xA100, NVLink)",6050,2.973696,3.502,0.0018,332.9,74.3,measured,out/runpod-8gpu/session_out/train.log + out/runpod-8gpu/session_out/train_ext.log,Clean 10000-step trapezoid; the step-8000 checkpoint joins the two logs.
"DDP (8xA100, NVLink)",6060,2.9786112,3.3773,0.0018,311.4,79.4,measured,out/runpod-8gpu/session_out/train.log + out/runpod-8gpu/session_out/train_ext.log,Clean 10000-step trapezoid; the step-8000 checkpoint joins the two logs.
"DDP (8xA100, NVLink)",6070,2.9835264,3.3878,0.0018,311.0,79.5,measured,out/runpod-8gpu/session_out/train.log + out/runpod-8gpu/session_out/train_ext.log,Clean 10000-step trapezoid; the step-8000 checkpoint joins the two logs.
"DDP (8xA100, NVLink)",6080,2.9884416,3.421,0.0018,311.0,79.5,measured,out/runpod-8gpu/session_out/train.log + out/runpod-8gpu/session_out/train_ext.log,Clean 10000-step trapezoid; the step-8000 checkpoint joins the two logs.
"DDP (8xA100, NVLink)",6090,2.9933568,3.3768,0.0018,311.3,79.4,measured,out/runpod-8gpu/session_out/train.log + out/runpod-8gpu/session_out/train_ext.log,Clean 10000-step trapezoid; the step-8000 checkpoint joins the two logs.
"DDP (8xA100, NVLink)",6100,2.998272,3.5439,0.0018,311.5,79.4,measured,out/runpod-8gpu/session_out/train.log + out/runpod-8gpu/session_out/train_ext.log,Clean 10000-step trapezoid; the step-8000 checkpoint joins the two logs.
"DDP (8xA100, NVLink)",6110,3.0031872,3.5896,0.0018,311.7,79.3,measured,out/runpod-8gpu/session_out/train.log + out/runpod-8gpu/session_out/train_ext.log,Clean 10000-step trapezoid; the step-8000 checkpoint joins the two logs.
"DDP (8xA100, NVLink)",6120,3.0081024,3.6422,0.0018,312.2,79.2,measured,out/runpod-8gpu/session_out/train.log + out/runpod-8gpu/session_out/train_ext.log,Clean 10000-step trapezoid; the step-8000 checkpoint joins the two logs.
"DDP (8xA100, NVLink)",6130,3.0130176,3.4708,0.0018,311.6,79.4,measured,out/runpod-8gpu/session_out/train.log + out/runpod-8gpu/session_out/train_ext.log,Clean 10000-step trapezoid; the step-8000 checkpoint joins the two logs.
"DDP (8xA100, NVLink)",6140,3.0179328,3.4587,0.0018,311.6,79.4,measured,out/runpod-8gpu/session_out/train.log + out/runpod-8gpu/session_out/train_ext.log,Clean 10000-step trapezoid; the step-8000 checkpoint joins the two logs.
"DDP (8xA100, NVLink)",6150,3.022848,3.4419,0.0018,311.4,79.4,measured,out/runpod-8gpu/session_out/train.log + out/runpod-8gpu/session_out/train_ext.log,Clean 10000-step trapezoid; the step-8000 checkpoint joins the two logs.
"DDP (8xA100, NVLink)",6160,3.0277632,3.3888,0.0018,311.3,79.5,measured,out/runpod-8gpu/session_out/train.log + out/runpod-8gpu/session_out/train_ext.log,Clean 10000-step trapezoid; the step-8000 checkpoint joins the two logs.
"DDP (8xA100, NVLink)",6170,3.0326784,3.4185,0.0018,311.3,79.4,measured,out/runpod-8gpu/session_out/train.log + out/runpod-8gpu/session_out/train_ext.log,Clean 10000-step trapezoid; the step-8000 checkpoint joins the two logs.
"DDP (8xA100, NVLink)",6180,3.0375936,3.4638,0.0018,311.4,79.4,measured,out/runpod-8gpu/session_out/train.log + out/runpod-8gpu/session_out/train_ext.log,Clean 10000-step trapezoid; the step-8000 checkpoint joins the two logs.
"DDP (8xA100, NVLink)",6190,3.0425088,3.4657,0.0018,311.4,79.4,measured,out/runpod-8gpu/session_out/train.log + out/runpod-8gpu/session_out/train_ext.log,Clean 10000-step trapezoid; the step-8000 checkpoint joins the two logs.
"DDP (8xA100, NVLink)",6200,3.047424,3.5281,0.0018,311.6,79.4,measured,out/runpod-8gpu/session_out/train.log + out/runpod-8gpu/session_out/train_ext.log,Clean 10000-step trapezoid; the step-8000 checkpoint joins the two logs.
"DDP (8xA100, NVLink)",6210,3.0523392,3.4475,0.0018,311.3,79.4,measured,out/runpod-8gpu/session_out/train.log + out/runpod-8gpu/session_out/train_ext.log,Clean 10000-step trapezoid; the step-8000 checkpoint joins the two logs.
"DDP (8xA100, NVLink)",6220,3.0572544,3.537,0.0018,311.4,79.4,measured,out/runpod-8gpu/session_out/train.log + out/runpod-8gpu/session_out/train_ext.log,Clean 10000-step trapezoid; the step-8000 checkpoint joins the two logs.
"DDP (8xA100, NVLink)",6230,3.0621696,3.3369,0.0018,311.7,79.3,measured,out/runpod-8gpu/session_out/train.log + out/runpod-8gpu/session_out/train_ext.log,Clean 10000-step trapezoid; the step-8000 checkpoint joins the two logs.
"DDP (8xA100, NVLink)",6240,3.0670848,3.4086,0.0018,311.7,79.4,measured,out/runpod-8gpu/session_out/train.log + out/runpod-8gpu/session_out/train_ext.log,Clean 10000-step trapezoid; the step-8000 checkpoint joins the two logs.
"DDP (8xA100, NVLink)",6250,3.072,3.451,0.0018,309.6,79.9,measured,out/runpod-8gpu/session_out/train.log + out/runpod-8gpu/session_out/train_ext.log,Clean 10000-step trapezoid; the step-8000 checkpoint joins the two logs.
"DDP (8xA100, NVLink)",6260,3.0769152,3.5922,0.0018,310.6,79.6,measured,out/runpod-8gpu/session_out/train.log + out/runpod-8gpu/session_out/train_ext.log,Clean 10000-step trapezoid; the step-8000 checkpoint joins the two logs.
"DDP (8xA100, NVLink)",6270,3.0818304,3.5398,0.0018,310.5,79.7,measured,out/runpod-8gpu/session_out/train.log + out/runpod-8gpu/session_out/train_ext.log,Clean 10000-step trapezoid; the step-8000 checkpoint joins the two logs.
"DDP (8xA100, NVLink)",6280,3.0867456,3.5057,0.0018,310.8,79.6,measured,out/runpod-8gpu/session_out/train.log + out/runpod-8gpu/session_out/train_ext.log,Clean 10000-step trapezoid; the step-8000 checkpoint joins the two logs.
"DDP (8xA100, NVLink)",6290,3.0916608,3.3551,0.0018,311.2,79.5,measured,out/runpod-8gpu/session_out/train.log + out/runpod-8gpu/session_out/train_ext.log,Clean 10000-step trapezoid; the step-8000 checkpoint joins the two logs.
"DDP (8xA100, NVLink)",6300,3.096576,3.3989,0.0018,310.8,79.6,measured,out/runpod-8gpu/session_out/train.log + out/runpod-8gpu/session_out/train_ext.log,Clean 10000-step trapezoid; the step-8000 checkpoint joins the two logs.
"DDP (8xA100, NVLink)",6310,3.1014912,3.4731,0.0018,312.0,79.3,measured,out/runpod-8gpu/session_out/train.log + out/runpod-8gpu/session_out/train_ext.log,Clean 10000-step trapezoid; the step-8000 checkpoint joins the two logs.
"DDP (8xA100, NVLink)",6320,3.1064064,3.3452,0.0018,311.0,79.5,measured,out/runpod-8gpu/session_out/train.log + out/runpod-8gpu/session_out/train_ext.log,Clean 10000-step trapezoid; the step-8000 checkpoint joins the two logs.
"DDP (8xA100, NVLink)",6330,3.1113216,3.4854,0.0018,310.9,79.5,measured,out/runpod-8gpu/session_out/train.log + out/runpod-8gpu/session_out/train_ext.log,Clean 10000-step trapezoid; the step-8000 checkpoint joins the two logs.
"DDP (8xA100, NVLink)",6340,3.1162368,3.4731,0.0018,311.0,79.5,measured,out/runpod-8gpu/session_out/train.log + out/runpod-8gpu/session_out/train_ext.log,Clean 10000-step trapezoid; the step-8000 checkpoint joins the two logs.
"DDP (8xA100, NVLink)",6350,3.121152,3.3197,0.0018,311.2,79.5,measured,out/runpod-8gpu/session_out/train.log + out/runpod-8gpu/session_out/train_ext.log,Clean 10000-step trapezoid; the step-8000 checkpoint joins the two logs.
"DDP (8xA100, NVLink)",6360,3.1260672,3.3285,0.0018,311.5,79.4,measured,out/runpod-8gpu/session_out/train.log + out/runpod-8gpu/session_out/train_ext.log,Clean 10000-step trapezoid; the step-8000 checkpoint joins the two logs.
"DDP (8xA100, NVLink)",6370,3.1309824,3.4598,0.0018,311.4,79.4,measured,out/runpod-8gpu/session_out/train.log + out/runpod-8gpu/session_out/train_ext.log,Clean 10000-step trapezoid; the step-8000 checkpoint joins the two logs.
"DDP (8xA100, NVLink)",6380,3.1358976,3.4888,0.0018,311.5,79.4,measured,out/runpod-8gpu/session_out/train.log + out/runpod-8gpu/session_out/train_ext.log,Clean 10000-step trapezoid; the step-8000 checkpoint joins the two logs.
"DDP (8xA100, NVLink)",6390,3.1408128,3.5888,0.0018,311.4,79.4,measured,out/runpod-8gpu/session_out/train.log + out/runpod-8gpu/session_out/train_ext.log,Clean 10000-step trapezoid; the step-8000 checkpoint joins the two logs.
"DDP (8xA100, NVLink)",6400,3.145728,3.4797,0.0018,311.2,79.5,measured,out/runpod-8gpu/session_out/train.log + out/runpod-8gpu/session_out/train_ext.log,Clean 10000-step trapezoid; the step-8000 checkpoint joins the two logs.
"DDP (8xA100, NVLink)",6410,3.1506432,3.523,0.0018,311.5,79.4,measured,out/runpod-8gpu/session_out/train.log + out/runpod-8gpu/session_out/train_ext.log,Clean 10000-step trapezoid; the step-8000 checkpoint joins the two logs.
"DDP (8xA100, NVLink)",6420,3.1555584,3.5169,0.0018,311.6,79.4,measured,out/runpod-8gpu/session_out/train.log + out/runpod-8gpu/session_out/train_ext.log,Clean 10000-step trapezoid; the step-8000 checkpoint joins the two logs.
"DDP (8xA100, NVLink)",6430,3.1604736,3.638,0.0018,311.9,79.3,measured,out/runpod-8gpu/session_out/train.log + out/runpod-8gpu/session_out/train_ext.log,Clean 10000-step trapezoid; the step-8000 checkpoint joins the two logs.
"DDP (8xA100, NVLink)",6440,3.1653888,3.4645,0.0018,311.5,79.4,measured,out/runpod-8gpu/session_out/train.log + out/runpod-8gpu/session_out/train_ext.log,Clean 10000-step trapezoid; the step-8000 checkpoint joins the two logs.
"DDP (8xA100, NVLink)",6450,3.170304,3.4038,0.0018,311.9,79.3,measured,out/runpod-8gpu/session_out/train.log + out/runpod-8gpu/session_out/train_ext.log,Clean 10000-step trapezoid; the step-8000 checkpoint joins the two logs.
"DDP (8xA100, NVLink)",6460,3.1752192,3.5473,0.0018,311.3,79.5,measured,out/runpod-8gpu/session_out/train.log + out/runpod-8gpu/session_out/train_ext.log,Clean 10000-step trapezoid; the step-8000 checkpoint joins the two logs.
"DDP (8xA100, NVLink)",6470,3.1801344,3.4345,0.0018,311.8,79.3,measured,out/runpod-8gpu/session_out/train.log + out/runpod-8gpu/session_out/train_ext.log,Clean 10000-step trapezoid; the step-8000 checkpoint joins the two logs.
"DDP (8xA100, NVLink)",6480,3.1850496,3.6858,0.0018,311.8,79.3,measured,out/runpod-8gpu/session_out/train.log + out/runpod-8gpu/session_out/train_ext.log,Clean 10000-step trapezoid; the step-8000 checkpoint joins the two logs.
"DDP (8xA100, NVLink)",6490,3.1899648,3.44,0.0018,312.1,79.2,measured,out/runpod-8gpu/session_out/train.log + out/runpod-8gpu/session_out/train_ext.log,Clean 10000-step trapezoid; the step-8000 checkpoint joins the two logs.
"DDP (8xA100, NVLink)",6500,3.19488,3.4195,0.0018,310.3,79.7,measured,out/runpod-8gpu/session_out/train.log + out/runpod-8gpu/session_out/train_ext.log,Clean 10000-step trapezoid; the step-8000 checkpoint joins the two logs.
"DDP (8xA100, NVLink)",6510,3.1997952,3.4904,0.0018,310.6,79.6,measured,out/runpod-8gpu/session_out/train.log + out/runpod-8gpu/session_out/train_ext.log,Clean 10000-step trapezoid; the step-8000 checkpoint joins the two logs.
"DDP (8xA100, NVLink)",6520,3.2047104,3.5469,0.0018,310.9,79.6,measured,out/runpod-8gpu/session_out/train.log + out/runpod-8gpu/session_out/train_ext.log,Clean 10000-step trapezoid; the step-8000 checkpoint joins the two logs.
"DDP (8xA100, NVLink)",6530,3.2096256,3.3421,0.0018,311.0,79.5,measured,out/runpod-8gpu/session_out/train.log + out/runpod-8gpu/session_out/train_ext.log,Clean 10000-step trapezoid; the step-8000 checkpoint joins the two logs.
"DDP (8xA100, NVLink)",6540,3.2145408,3.5553,0.0018,310.8,79.6,measured,out/runpod-8gpu/session_out/train.log + out/runpod-8gpu/session_out/train_ext.log,Clean 10000-step trapezoid; the step-8000 checkpoint joins the two logs.
"DDP (8xA100, NVLink)",6550,3.219456,3.5298,0.0018,311.4,79.4,measured,out/runpod-8gpu/session_out/train.log + out/runpod-8gpu/session_out/train_ext.log,Clean 10000-step trapezoid; the step-8000 checkpoint joins the two logs.
"DDP (8xA100, NVLink)",6560,3.2243712,3.5482,0.0018,311.0,79.5,measured,out/runpod-8gpu/session_out/train.log + out/runpod-8gpu/session_out/train_ext.log,Clean 10000-step trapezoid; the step-8000 checkpoint joins the two logs.
"DDP (8xA100, NVLink)",6570,3.2292864,3.833,0.0018,310.9,79.6,measured,out/runpod-8gpu/session_out/train.log + out/runpod-8gpu/session_out/train_ext.log,Clean 10000-step trapezoid; the step-8000 checkpoint joins the two logs.
"DDP (8xA100, NVLink)",6580,3.2342016,3.5307,0.0018,310.9,79.6,measured,out/runpod-8gpu/session_out/train.log + out/runpod-8gpu/session_out/train_ext.log,Clean 10000-step trapezoid; the step-8000 checkpoint joins the two logs.
"DDP (8xA100, NVLink)",6590,3.2391168,3.3906,0.0018,311.3,79.5,measured,out/runpod-8gpu/session_out/train.log + out/runpod-8gpu/session_out/train_ext.log,Clean 10000-step trapezoid; the step-8000 checkpoint joins the two logs.
"DDP (8xA100, NVLink)",6600,3.244032,3.4028,0.0018,311.3,79.4,measured,out/runpod-8gpu/session_out/train.log + out/runpod-8gpu/session_out/train_ext.log,Clean 10000-step trapezoid; the step-8000 checkpoint joins the two logs.
"DDP (8xA100, NVLink)",6610,3.2489472,3.5627,0.0018,311.5,79.4,measured,out/runpod-8gpu/session_out/train.log + out/runpod-8gpu/session_out/train_ext.log,Clean 10000-step trapezoid; the step-8000 checkpoint joins the two logs.
"DDP (8xA100, NVLink)",6620,3.2538624,3.4835,0.0018,311.3,79.5,measured,out/runpod-8gpu/session_out/train.log + out/runpod-8gpu/session_out/train_ext.log,Clean 10000-step trapezoid; the step-8000 checkpoint joins the two logs.
"DDP (8xA100, NVLink)",6630,3.2587776,3.397,0.0018,312.1,79.2,measured,out/runpod-8gpu/session_out/train.log + out/runpod-8gpu/session_out/train_ext.log,Clean 10000-step trapezoid; the step-8000 checkpoint joins the two logs.
"DDP (8xA100, NVLink)",6640,3.2636928,3.3387,0.0018,311.5,79.4,measured,out/runpod-8gpu/session_out/train.log + out/runpod-8gpu/session_out/train_ext.log,Clean 10000-step trapezoid; the step-8000 checkpoint joins the two logs.
"DDP (8xA100, NVLink)",6650,3.268608,3.2779,0.0018,311.6,79.4,measured,out/runpod-8gpu/session_out/train.log + out/runpod-8gpu/session_out/train_ext.log,Clean 10000-step trapezoid; the step-8000 checkpoint joins the two logs.
"DDP (8xA100, NVLink)",6660,3.2735232,3.3583,0.0018,311.4,79.4,measured,out/runpod-8gpu/session_out/train.log + out/runpod-8gpu/session_out/train_ext.log,Clean 10000-step trapezoid; the step-8000 checkpoint joins the two logs.
"DDP (8xA100, NVLink)",6670,3.2784384,3.3673,0.0018,311.2,79.5,measured,out/runpod-8gpu/session_out/train.log + out/runpod-8gpu/session_out/train_ext.log,Clean 10000-step trapezoid; the step-8000 checkpoint joins the two logs.
"DDP (8xA100, NVLink)",6680,3.2833536,3.6466,0.0018,311.3,79.5,measured,out/runpod-8gpu/session_out/train.log + out/runpod-8gpu/session_out/train_ext.log,Clean 10000-step trapezoid; the step-8000 checkpoint joins the two logs.
"DDP (8xA100, NVLink)",6690,3.2882688,3.376,0.0018,311.7,79.4,measured,out/runpod-8gpu/session_out/train.log + out/runpod-8gpu/session_out/train_ext.log,Clean 10000-step trapezoid; the step-8000 checkpoint joins the two logs.
"DDP (8xA100, NVLink)",6700,3.293184,3.4111,0.0018,311.9,79.3,measured,out/runpod-8gpu/session_out/train.log + out/runpod-8gpu/session_out/train_ext.log,Clean 10000-step trapezoid; the step-8000 checkpoint joins the two logs.
"DDP (8xA100, NVLink)",6710,3.2980992,3.3476,0.0018,311.6,79.4,measured,out/runpod-8gpu/session_out/train.log + out/runpod-8gpu/session_out/train_ext.log,Clean 10000-step trapezoid; the step-8000 checkpoint joins the two logs.
"DDP (8xA100, NVLink)",6720,3.3030144,3.8881,0.0018,311.7,79.3,measured,out/runpod-8gpu/session_out/train.log + out/runpod-8gpu/session_out/train_ext.log,Clean 10000-step trapezoid; the step-8000 checkpoint joins the two logs.
"DDP (8xA100, NVLink)",6730,3.3079296,3.4612,0.0018,311.5,79.4,measured,out/runpod-8gpu/session_out/train.log + out/runpod-8gpu/session_out/train_ext.log,Clean 10000-step trapezoid; the step-8000 checkpoint joins the two logs.
"DDP (8xA100, NVLink)",6740,3.3128448,3.3376,0.0018,311.5,79.4,measured,out/runpod-8gpu/session_out/train.log + out/runpod-8gpu/session_out/train_ext.log,Clean 10000-step trapezoid; the step-8000 checkpoint joins the two logs.
"DDP (8xA100, NVLink)",6750,3.31776,3.3722,0.0018,338.0,73.2,measured,out/runpod-8gpu/session_out/train.log + out/runpod-8gpu/session_out/train_ext.log,Clean 10000-step trapezoid; the step-8000 checkpoint joins the two logs.
"DDP (8xA100, NVLink)",6760,3.3226752,3.4004,0.0018,310.5,79.7,measured,out/runpod-8gpu/session_out/train.log + out/runpod-8gpu/session_out/train_ext.log,Clean 10000-step trapezoid; the step-8000 checkpoint joins the two logs.
"DDP (8xA100, NVLink)",6770,3.3275904,3.3255,0.0018,310.6,79.6,measured,out/runpod-8gpu/session_out/train.log + out/runpod-8gpu/session_out/train_ext.log,Clean 10000-step trapezoid; the step-8000 checkpoint joins the two logs.
"DDP (8xA100, NVLink)",6780,3.3325056,3.4472,0.0018,310.5,79.7,measured,out/runpod-8gpu/session_out/train.log + out/runpod-8gpu/session_out/train_ext.log,Clean 10000-step trapezoid; the step-8000 checkpoint joins the two logs.
"DDP (8xA100, NVLink)",6790,3.3374208,3.3441,0.0018,310.9,79.5,measured,out/runpod-8gpu/session_out/train.log + out/runpod-8gpu/session_out/train_ext.log,Clean 10000-step trapezoid; the step-8000 checkpoint joins the two logs.
"DDP (8xA100, NVLink)",6800,3.342336,3.4918,0.0018,311.0,79.5,measured,out/runpod-8gpu/session_out/train.log + out/runpod-8gpu/session_out/train_ext.log,Clean 10000-step trapezoid; the step-8000 checkpoint joins the two logs.
"DDP (8xA100, NVLink)",6810,3.3472512,3.4023,0.0018,311.6,79.4,measured,out/runpod-8gpu/session_out/train.log + out/runpod-8gpu/session_out/train_ext.log,Clean 10000-step trapezoid; the step-8000 checkpoint joins the two logs.
"DDP (8xA100, NVLink)",6820,3.3521664,3.4153,0.0018,311.3,79.5,measured,out/runpod-8gpu/session_out/train.log + out/runpod-8gpu/session_out/train_ext.log,Clean 10000-step trapezoid; the step-8000 checkpoint joins the two logs.
"DDP (8xA100, NVLink)",6830,3.3570816,3.5863,0.0018,311.2,79.5,measured,out/runpod-8gpu/session_out/train.log + out/runpod-8gpu/session_out/train_ext.log,Clean 10000-step trapezoid; the step-8000 checkpoint joins the two logs.
"DDP (8xA100, NVLink)",6840,3.3619968,3.4435,0.0018,311.2,79.5,measured,out/runpod-8gpu/session_out/train.log + out/runpod-8gpu/session_out/train_ext.log,Clean 10000-step trapezoid; the step-8000 checkpoint joins the two logs.
"DDP (8xA100, NVLink)",6850,3.366912,3.5331,0.0018,311.8,79.3,measured,out/runpod-8gpu/session_out/train.log + out/runpod-8gpu/session_out/train_ext.log,Clean 10000-step trapezoid; the step-8000 checkpoint joins the two logs.
"DDP (8xA100, NVLink)",6860,3.3718272,3.3407,0.0018,311.6,79.4,measured,out/runpod-8gpu/session_out/train.log + out/runpod-8gpu/session_out/train_ext.log,Clean 10000-step trapezoid; the step-8000 checkpoint joins the two logs.
"DDP (8xA100, NVLink)",6870,3.3767424,3.2774,0.0018,311.3,79.5,measured,out/runpod-8gpu/session_out/train.log + out/runpod-8gpu/session_out/train_ext.log,Clean 10000-step trapezoid; the step-8000 checkpoint joins the two logs.
"DDP (8xA100, NVLink)",6880,3.3816576,3.499,0.0018,311.7,79.4,measured,out/runpod-8gpu/session_out/train.log + out/runpod-8gpu/session_out/train_ext.log,Clean 10000-step trapezoid; the step-8000 checkpoint joins the two logs.
"DDP (8xA100, NVLink)",6890,3.3865728,3.6519,0.0018,311.3,79.5,measured,out/runpod-8gpu/session_out/train.log + out/runpod-8gpu/session_out/train_ext.log,Clean 10000-step trapezoid; the step-8000 checkpoint joins the two logs.
"DDP (8xA100, NVLink)",6900,3.391488,3.3064,0.0018,311.6,79.4,measured,out/runpod-8gpu/session_out/train.log + out/runpod-8gpu/session_out/train_ext.log,Clean 10000-step trapezoid; the step-8000 checkpoint joins the two logs.
"DDP (8xA100, NVLink)",6910,3.3964032,3.4941,0.0018,311.5,79.4,measured,out/runpod-8gpu/session_out/train.log + out/runpod-8gpu/session_out/train_ext.log,Clean 10000-step trapezoid; the step-8000 checkpoint joins the two logs.
"DDP (8xA100, NVLink)",6920,3.4013184,3.3767,0.0018,311.6,79.4,measured,out/runpod-8gpu/session_out/train.log + out/runpod-8gpu/session_out/train_ext.log,Clean 10000-step trapezoid; the step-8000 checkpoint joins the two logs.
"DDP (8xA100, NVLink)",6930,3.4062336,3.5073,0.0018,311.5,79.4,measured,out/runpod-8gpu/session_out/train.log + out/runpod-8gpu/session_out/train_ext.log,Clean 10000-step trapezoid; the step-8000 checkpoint joins the two logs.
"DDP (8xA100, NVLink)",6940,3.4111488,3.4958,0.0018,311.3,79.5,measured,out/runpod-8gpu/session_out/train.log + out/runpod-8gpu/session_out/train_ext.log,Clean 10000-step trapezoid; the step-8000 checkpoint joins the two logs.
"DDP (8xA100, NVLink)",6950,3.416064,3.3478,0.0018,312.5,79.2,measured,out/runpod-8gpu/session_out/train.log + out/runpod-8gpu/session_out/train_ext.log,Clean 10000-step trapezoid; the step-8000 checkpoint joins the two logs.
"DDP (8xA100, NVLink)",6960,3.4209792,3.4308,0.0018,311.4,79.4,measured,out/runpod-8gpu/session_out/train.log + out/runpod-8gpu/session_out/train_ext.log,Clean 10000-step trapezoid; the step-8000 checkpoint joins the two logs.
"DDP (8xA100, NVLink)",6970,3.4258944,3.3466,0.0018,311.3,79.5,measured,out/runpod-8gpu/session_out/train.log + out/runpod-8gpu/session_out/train_ext.log,Clean 10000-step trapezoid; the step-8000 checkpoint joins the two logs.
"DDP (8xA100, NVLink)",6980,3.4308096,3.3457,0.0018,311.6,79.4,measured,out/runpod-8gpu/session_out/train.log + out/runpod-8gpu/session_out/train_ext.log,Clean 10000-step trapezoid; the step-8000 checkpoint joins the two logs.
"DDP (8xA100, NVLink)",6990,3.4357248,3.4932,0.0018,311.6,79.4,measured,out/runpod-8gpu/session_out/train.log + out/runpod-8gpu/session_out/train_ext.log,Clean 10000-step trapezoid; the step-8000 checkpoint joins the two logs.
"DDP (8xA100, NVLink)",7000,3.44064,3.4845,0.0018,309.3,80.0,measured,out/runpod-8gpu/session_out/train.log + out/runpod-8gpu/session_out/train_ext.log,Clean 10000-step trapezoid; the step-8000 checkpoint joins the two logs.
"DDP (8xA100, NVLink)",7010,3.4455552,3.4121,0.0018,310.6,79.6,measured,out/runpod-8gpu/session_out/train.log + out/runpod-8gpu/session_out/train_ext.log,Clean 10000-step trapezoid; the step-8000 checkpoint joins the two logs.
"DDP (8xA100, NVLink)",7020,3.4504704,3.3837,0.0018,310.5,79.7,measured,out/runpod-8gpu/session_out/train.log + out/runpod-8gpu/session_out/train_ext.log,Clean 10000-step trapezoid; the step-8000 checkpoint joins the two logs.
"DDP (8xA100, NVLink)",7030,3.4553856,3.5247,0.0018,310.5,79.7,measured,out/runpod-8gpu/session_out/train.log + out/runpod-8gpu/session_out/train_ext.log,Clean 10000-step trapezoid; the step-8000 checkpoint joins the two logs.
"DDP (8xA100, NVLink)",7040,3.4603008,3.5086,0.0018,310.7,79.6,measured,out/runpod-8gpu/session_out/train.log + out/runpod-8gpu/session_out/train_ext.log,Clean 10000-step trapezoid; the step-8000 checkpoint joins the two logs.
"DDP (8xA100, NVLink)",7050,3.465216,3.5854,0.0018,311.0,79.5,measured,out/runpod-8gpu/session_out/train.log + out/runpod-8gpu/session_out/train_ext.log,Clean 10000-step trapezoid; the step-8000 checkpoint joins the two logs.
"DDP (8xA100, NVLink)",7060,3.4701312,3.2046,0.0018,311.0,79.5,measured,out/runpod-8gpu/session_out/train.log + out/runpod-8gpu/session_out/train_ext.log,Clean 10000-step trapezoid; the step-8000 checkpoint joins the two logs.
"DDP (8xA100, NVLink)",7070,3.4750464,3.4274,0.0018,311.1,79.5,measured,out/runpod-8gpu/session_out/train.log + out/runpod-8gpu/session_out/train_ext.log,Clean 10000-step trapezoid; the step-8000 checkpoint joins the two logs.
"DDP (8xA100, NVLink)",7080,3.4799616,3.3504,0.0018,310.9,79.5,measured,out/runpod-8gpu/session_out/train.log + out/runpod-8gpu/session_out/train_ext.log,Clean 10000-step trapezoid; the step-8000 checkpoint joins the two logs.
"DDP (8xA100, NVLink)",7090,3.4848768,3.3788,0.0018,311.2,79.5,measured,out/runpod-8gpu/session_out/train.log + out/runpod-8gpu/session_out/train_ext.log,Clean 10000-step trapezoid; the step-8000 checkpoint joins the two logs.
"DDP (8xA100, NVLink)",7100,3.489792,3.4228,0.0018,311.7,79.4,measured,out/runpod-8gpu/session_out/train.log + out/runpod-8gpu/session_out/train_ext.log,Clean 10000-step trapezoid; the step-8000 checkpoint joins the two logs.
"DDP (8xA100, NVLink)",7110,3.4947072,3.5314,0.0018,311.5,79.4,measured,out/runpod-8gpu/session_out/train.log + out/runpod-8gpu/session_out/train_ext.log,Clean 10000-step trapezoid; the step-8000 checkpoint joins the two logs.
"DDP (8xA100, NVLink)",7120,3.4996224,3.5292,0.0018,311.2,79.5,measured,out/runpod-8gpu/session_out/train.log + out/runpod-8gpu/session_out/train_ext.log,Clean 10000-step trapezoid; the step-8000 checkpoint joins the two logs.
"DDP (8xA100, NVLink)",7130,3.5045376,3.4467,0.0018,311.2,79.5,measured,out/runpod-8gpu/session_out/train.log + out/runpod-8gpu/session_out/train_ext.log,Clean 10000-step trapezoid; the step-8000 checkpoint joins the two logs.
"DDP (8xA100, NVLink)",7140,3.5094528,3.3918,0.0018,311.3,79.5,measured,out/runpod-8gpu/session_out/train.log + out/runpod-8gpu/session_out/train_ext.log,Clean 10000-step trapezoid; the step-8000 checkpoint joins the two logs.
"DDP (8xA100, NVLink)",7150,3.514368,3.5083,0.0018,311.7,79.4,measured,out/runpod-8gpu/session_out/train.log + out/runpod-8gpu/session_out/train_ext.log,Clean 10000-step trapezoid; the step-8000 checkpoint joins the two logs.
"DDP (8xA100, NVLink)",7160,3.5192832,3.487,0.0018,311.4,79.4,measured,out/runpod-8gpu/session_out/train.log + out/runpod-8gpu/session_out/train_ext.log,Clean 10000-step trapezoid; the step-8000 checkpoint joins the two logs.
"DDP (8xA100, NVLink)",7170,3.5241984,3.3005,0.0018,311.2,79.5,measured,out/runpod-8gpu/session_out/train.log + out/runpod-8gpu/session_out/train_ext.log,Clean 10000-step trapezoid; the step-8000 checkpoint joins the two logs.
"DDP (8xA100, NVLink)",7180,3.5291136,3.3792,0.0018,311.3,79.5,measured,out/runpod-8gpu/session_out/train.log + out/runpod-8gpu/session_out/train_ext.log,Clean 10000-step trapezoid; the step-8000 checkpoint joins the two logs.
"DDP (8xA100, NVLink)",7190,3.5340288,3.4933,0.0018,311.2,79.5,measured,out/runpod-8gpu/session_out/train.log + out/runpod-8gpu/session_out/train_ext.log,Clean 10000-step trapezoid; the step-8000 checkpoint joins the two logs.
"DDP (8xA100, NVLink)",7200,3.538944,3.5418,0.0018,311.7,79.4,measured,out/runpod-8gpu/session_out/train.log + out/runpod-8gpu/session_out/train_ext.log,Clean 10000-step trapezoid; the step-8000 checkpoint joins the two logs.
"DDP (8xA100, NVLink)",7210,3.5438592,3.3873,0.0018,311.5,79.4,measured,out/runpod-8gpu/session_out/train.log + out/runpod-8gpu/session_out/train_ext.log,Clean 10000-step trapezoid; the step-8000 checkpoint joins the two logs.
"DDP (8xA100, NVLink)",7220,3.5487744,3.4315,0.0018,311.2,79.5,measured,out/runpod-8gpu/session_out/train.log + out/runpod-8gpu/session_out/train_ext.log,Clean 10000-step trapezoid; the step-8000 checkpoint joins the two logs.
"DDP (8xA100, NVLink)",7230,3.5536896,3.445,0.0018,311.5,79.4,measured,out/runpod-8gpu/session_out/train.log + out/runpod-8gpu/session_out/train_ext.log,Clean 10000-step trapezoid; the step-8000 checkpoint joins the two logs.
"DDP (8xA100, NVLink)",7240,3.5586048,3.4923,0.0018,311.9,79.3,measured,out/runpod-8gpu/session_out/train.log + out/runpod-8gpu/session_out/train_ext.log,Clean 10000-step trapezoid; the step-8000 checkpoint joins the two logs.
"DDP (8xA100, NVLink)",7250,3.56352,3.4625,0.0018,309.4,79.9,measured,out/runpod-8gpu/session_out/train.log + out/runpod-8gpu/session_out/train_ext.log,Clean 10000-step trapezoid; the step-8000 checkpoint joins the two logs.
"DDP (8xA100, NVLink)",7260,3.5684352,3.5284,0.0018,310.7,79.6,measured,out/runpod-8gpu/session_out/train.log + out/runpod-8gpu/session_out/train_ext.log,Clean 10000-step trapezoid; the step-8000 checkpoint joins the two logs.
"DDP (8xA100, NVLink)",7270,3.5733504,3.4625,0.0018,310.9,79.5,measured,out/runpod-8gpu/session_out/train.log + out/runpod-8gpu/session_out/train_ext.log,Clean 10000-step trapezoid; the step-8000 checkpoint joins the two logs.
"DDP (8xA100, NVLink)",7280,3.5782656,3.4787,0.0018,311.0,79.5,measured,out/runpod-8gpu/session_out/train.log + out/runpod-8gpu/session_out/train_ext.log,Clean 10000-step trapezoid; the step-8000 checkpoint joins the two logs.
"DDP (8xA100, NVLink)",7290,3.5831808,3.3925,0.0018,311.1,79.5,measured,out/runpod-8gpu/session_out/train.log + out/runpod-8gpu/session_out/train_ext.log,Clean 10000-step trapezoid; the step-8000 checkpoint joins the two logs.
"DDP (8xA100, NVLink)",7300,3.588096,3.5514,0.0018,311.0,79.5,measured,out/runpod-8gpu/session_out/train.log + out/runpod-8gpu/session_out/train_ext.log,Clean 10000-step trapezoid; the step-8000 checkpoint joins the two logs.
"DDP (8xA100, NVLink)",7310,3.5930112,3.4326,0.0018,311.1,79.5,measured,out/runpod-8gpu/session_out/train.log + out/runpod-8gpu/session_out/train_ext.log,Clean 10000-step trapezoid; the step-8000 checkpoint joins the two logs.
"DDP (8xA100, NVLink)",7320,3.5979264,3.5783,0.0018,311.6,79.4,measured,out/runpod-8gpu/session_out/train.log + out/runpod-8gpu/session_out/train_ext.log,Clean 10000-step trapezoid; the step-8000 checkpoint joins the two logs.
"DDP (8xA100, NVLink)",7330,3.6028416,3.9769,0.0018,311.3,79.5,measured,out/runpod-8gpu/session_out/train.log + out/runpod-8gpu/session_out/train_ext.log,Clean 10000-step trapezoid; the step-8000 checkpoint joins the two logs.
"DDP (8xA100, NVLink)",7340,3.6077568,3.5109,0.0018,311.3,79.5,measured,out/runpod-8gpu/session_out/train.log + out/runpod-8gpu/session_out/train_ext.log,Clean 10000-step trapezoid; the step-8000 checkpoint joins the two logs.
"DDP (8xA100, NVLink)",7350,3.612672,3.4866,0.0018,311.4,79.4,measured,out/runpod-8gpu/session_out/train.log + out/runpod-8gpu/session_out/train_ext.log,Clean 10000-step trapezoid; the step-8000 checkpoint joins the two logs.
"DDP (8xA100, NVLink)",7360,3.6175872,3.4575,0.0018,311.4,79.4,measured,out/runpod-8gpu/session_out/train.log + out/runpod-8gpu/session_out/train_ext.log,Clean 10000-step trapezoid; the step-8000 checkpoint joins the two logs.
"DDP (8xA100, NVLink)",7370,3.6225024,3.4094,0.0018,311.4,79.4,measured,out/runpod-8gpu/session_out/train.log + out/runpod-8gpu/session_out/train_ext.log,Clean 10000-step trapezoid; the step-8000 checkpoint joins the two logs.
"DDP (8xA100, NVLink)",7380,3.6274176,3.4269,0.0018,311.3,79.5,measured,out/runpod-8gpu/session_out/train.log + out/runpod-8gpu/session_out/train_ext.log,Clean 10000-step trapezoid; the step-8000 checkpoint joins the two logs.
"DDP (8xA100, NVLink)",7390,3.6323328,3.4991,0.0018,311.5,79.4,measured,out/runpod-8gpu/session_out/train.log + out/runpod-8gpu/session_out/train_ext.log,Clean 10000-step trapezoid; the step-8000 checkpoint joins the two logs.
"DDP (8xA100, NVLink)",7400,3.637248,3.4364,0.0018,311.2,79.5,measured,out/runpod-8gpu/session_out/train.log + out/runpod-8gpu/session_out/train_ext.log,Clean 10000-step trapezoid; the step-8000 checkpoint joins the two logs.
"DDP (8xA100, NVLink)",7410,3.6421632,3.3158,0.0018,311.6,79.4,measured,out/runpod-8gpu/session_out/train.log + out/runpod-8gpu/session_out/train_ext.log,Clean 10000-step trapezoid; the step-8000 checkpoint joins the two logs.
"DDP (8xA100, NVLink)",7420,3.6470784,3.4429,0.0018,311.4,79.4,measured,out/runpod-8gpu/session_out/train.log + out/runpod-8gpu/session_out/train_ext.log,Clean 10000-step trapezoid; the step-8000 checkpoint joins the two logs.
"DDP (8xA100, NVLink)",7430,3.6519936,3.2672,0.0018,311.7,79.4,measured,out/runpod-8gpu/session_out/train.log + out/runpod-8gpu/session_out/train_ext.log,Clean 10000-step trapezoid; the step-8000 checkpoint joins the two logs.
"DDP (8xA100, NVLink)",7440,3.6569088,3.4558,0.0018,312.1,79.2,measured,out/runpod-8gpu/session_out/train.log + out/runpod-8gpu/session_out/train_ext.log,Clean 10000-step trapezoid; the step-8000 checkpoint joins the two logs.
"DDP (8xA100, NVLink)",7450,3.661824,3.3379,0.0018,311.9,79.3,measured,out/runpod-8gpu/session_out/train.log + out/runpod-8gpu/session_out/train_ext.log,Clean 10000-step trapezoid; the step-8000 checkpoint joins the two logs.
"DDP (8xA100, NVLink)",7460,3.6667392,3.7699,0.0018,311.5,79.4,measured,out/runpod-8gpu/session_out/train.log + out/runpod-8gpu/session_out/train_ext.log,Clean 10000-step trapezoid; the step-8000 checkpoint joins the two logs.
"DDP (8xA100, NVLink)",7470,3.6716544,3.2797,0.0018,311.7,79.4,measured,out/runpod-8gpu/session_out/train.log + out/runpod-8gpu/session_out/train_ext.log,Clean 10000-step trapezoid; the step-8000 checkpoint joins the two logs.
"DDP (8xA100, NVLink)",7480,3.6765696,3.4926,0.0018,311.9,79.3,measured,out/runpod-8gpu/session_out/train.log + out/runpod-8gpu/session_out/train_ext.log,Clean 10000-step trapezoid; the step-8000 checkpoint joins the two logs.
"DDP (8xA100, NVLink)",7490,3.6814848,3.4157,0.0018,312.4,79.2,measured,out/runpod-8gpu/session_out/train.log + out/runpod-8gpu/session_out/train_ext.log,Clean 10000-step trapezoid; the step-8000 checkpoint joins the two logs.
"DDP (8xA100, NVLink)",7500,3.6864,3.3421,0.0018,309.4,79.9,measured,out/runpod-8gpu/session_out/train.log + out/runpod-8gpu/session_out/train_ext.log,Clean 10000-step trapezoid; the step-8000 checkpoint joins the two logs.
"DDP (8xA100, NVLink)",7510,3.6913152,3.3182,0.0018,310.8,79.6,measured,out/runpod-8gpu/session_out/train.log + out/runpod-8gpu/session_out/train_ext.log,Clean 10000-step trapezoid; the step-8000 checkpoint joins the two logs.
"DDP (8xA100, NVLink)",7520,3.6962304,3.458,0.0018,310.9,79.6,measured,out/runpod-8gpu/session_out/train.log + out/runpod-8gpu/session_out/train_ext.log,Clean 10000-step trapezoid; the step-8000 checkpoint joins the two logs.
"DDP (8xA100, NVLink)",7530,3.7011456,3.3951,0.0018,310.7,79.6,measured,out/runpod-8gpu/session_out/train.log + out/runpod-8gpu/session_out/train_ext.log,Clean 10000-step trapezoid; the step-8000 checkpoint joins the two logs.
"DDP (8xA100, NVLink)",7540,3.7060608,3.5123,0.0018,311.1,79.5,measured,out/runpod-8gpu/session_out/train.log + out/runpod-8gpu/session_out/train_ext.log,Clean 10000-step trapezoid; the step-8000 checkpoint joins the two logs.
"DDP (8xA100, NVLink)",7550,3.710976,3.5069,0.0018,310.9,79.6,measured,out/runpod-8gpu/session_out/train.log + out/runpod-8gpu/session_out/train_ext.log,Clean 10000-step trapezoid; the step-8000 checkpoint joins the two logs.
"DDP (8xA100, NVLink)",7560,3.7158912,3.1967,0.0018,310.9,79.6,measured,out/runpod-8gpu/session_out/train.log + out/runpod-8gpu/session_out/train_ext.log,Clean 10000-step trapezoid; the step-8000 checkpoint joins the two logs.
"DDP (8xA100, NVLink)",7570,3.7208064,3.4177,0.0018,311.0,79.5,measured,out/runpod-8gpu/session_out/train.log + out/runpod-8gpu/session_out/train_ext.log,Clean 10000-step trapezoid; the step-8000 checkpoint joins the two logs.
"DDP (8xA100, NVLink)",7580,3.7257216,3.5201,0.0018,311.4,79.4,measured,out/runpod-8gpu/session_out/train.log + out/runpod-8gpu/session_out/train_ext.log,Clean 10000-step trapezoid; the step-8000 checkpoint joins the two logs.
"DDP (8xA100, NVLink)",7590,3.7306368,3.551,0.0018,311.3,79.5,measured,out/runpod-8gpu/session_out/train.log + out/runpod-8gpu/session_out/train_ext.log,Clean 10000-step trapezoid; the step-8000 checkpoint joins the two logs.
"DDP (8xA100, NVLink)",7600,3.735552,3.4059,0.0018,311.2,79.5,measured,out/runpod-8gpu/session_out/train.log + out/runpod-8gpu/session_out/train_ext.log,Clean 10000-step trapezoid; the step-8000 checkpoint joins the two logs.
"DDP (8xA100, NVLink)",7610,3.7404672,3.4632,0.0018,311.4,79.4,measured,out/runpod-8gpu/session_out/train.log + out/runpod-8gpu/session_out/train_ext.log,Clean 10000-step trapezoid; the step-8000 checkpoint joins the two logs.
"DDP (8xA100, NVLink)",7620,3.7453824,3.4322,0.0018,311.3,79.5,measured,out/runpod-8gpu/session_out/train.log + out/runpod-8gpu/session_out/train_ext.log,Clean 10000-step trapezoid; the step-8000 checkpoint joins the two logs.
"DDP (8xA100, NVLink)",7630,3.7502976,3.3302,0.0018,311.4,79.4,measured,out/runpod-8gpu/session_out/train.log + out/runpod-8gpu/session_out/train_ext.log,Clean 10000-step trapezoid; the step-8000 checkpoint joins the two logs.
"DDP (8xA100, NVLink)",7640,3.7552128,3.5071,0.0018,311.6,79.4,measured,out/runpod-8gpu/session_out/train.log + out/runpod-8gpu/session_out/train_ext.log,Clean 10000-step trapezoid; the step-8000 checkpoint joins the two logs.
"DDP (8xA100, NVLink)",7650,3.760128,3.4524,0.0018,311.2,79.5,measured,out/runpod-8gpu/session_out/train.log + out/runpod-8gpu/session_out/train_ext.log,Clean 10000-step trapezoid; the step-8000 checkpoint joins the two logs.
"DDP (8xA100, NVLink)",7660,3.7650432,3.3705,0.0018,311.1,79.5,measured,out/runpod-8gpu/session_out/train.log + out/runpod-8gpu/session_out/train_ext.log,Clean 10000-step trapezoid; the step-8000 checkpoint joins the two logs.
"DDP (8xA100, NVLink)",7670,3.7699584,3.5358,0.0018,311.6,79.4,measured,out/runpod-8gpu/session_out/train.log + out/runpod-8gpu/session_out/train_ext.log,Clean 10000-step trapezoid; the step-8000 checkpoint joins the two logs.
"DDP (8xA100, NVLink)",7680,3.7748736,3.4015,0.0018,311.5,79.4,measured,out/runpod-8gpu/session_out/train.log + out/runpod-8gpu/session_out/train_ext.log,Clean 10000-step trapezoid; the step-8000 checkpoint joins the two logs.
"DDP (8xA100, NVLink)",7690,3.7797888,3.3049,0.0018,311.6,79.4,measured,out/runpod-8gpu/session_out/train.log + out/runpod-8gpu/session_out/train_ext.log,Clean 10000-step trapezoid; the step-8000 checkpoint joins the two logs.
"DDP (8xA100, NVLink)",7700,3.784704,3.6287,0.0018,311.1,79.5,measured,out/runpod-8gpu/session_out/train.log + out/runpod-8gpu/session_out/train_ext.log,Clean 10000-step trapezoid; the step-8000 checkpoint joins the two logs.
"DDP (8xA100, NVLink)",7710,3.7896192,3.3764,0.0018,311.3,79.5,measured,out/runpod-8gpu/session_out/train.log + out/runpod-8gpu/session_out/train_ext.log,Clean 10000-step trapezoid; the step-8000 checkpoint joins the two logs.
"DDP (8xA100, NVLink)",7720,3.7945344,3.4942,0.0018,311.5,79.4,measured,out/runpod-8gpu/session_out/train.log + out/runpod-8gpu/session_out/train_ext.log,Clean 10000-step trapezoid; the step-8000 checkpoint joins the two logs.
"DDP (8xA100, NVLink)",7730,3.7994496,3.5919,0.0018,311.6,79.4,measured,out/runpod-8gpu/session_out/train.log + out/runpod-8gpu/session_out/train_ext.log,Clean 10000-step trapezoid; the step-8000 checkpoint joins the two logs.
"DDP (8xA100, NVLink)",7740,3.8043648,3.459,0.0018,312.2,79.2,measured,out/runpod-8gpu/session_out/train.log + out/runpod-8gpu/session_out/train_ext.log,Clean 10000-step trapezoid; the step-8000 checkpoint joins the two logs.
"DDP (8xA100, NVLink)",7750,3.80928,3.4575,0.0018,310.8,79.6,measured,out/runpod-8gpu/session_out/train.log + out/runpod-8gpu/session_out/train_ext.log,Clean 10000-step trapezoid; the step-8000 checkpoint joins the two logs.
"DDP (8xA100, NVLink)",7760,3.8141952,3.4128,0.0018,310.4,79.7,measured,out/runpod-8gpu/session_out/train.log + out/runpod-8gpu/session_out/train_ext.log,Clean 10000-step trapezoid; the step-8000 checkpoint joins the two logs.
"DDP (8xA100, NVLink)",7770,3.8191104,3.6049,0.0018,310.4,79.7,measured,out/runpod-8gpu/session_out/train.log + out/runpod-8gpu/session_out/train_ext.log,Clean 10000-step trapezoid; the step-8000 checkpoint joins the two logs.
"DDP (8xA100, NVLink)",7780,3.8240256,3.3788,0.0018,311.2,79.5,measured,out/runpod-8gpu/session_out/train.log + out/runpod-8gpu/session_out/train_ext.log,Clean 10000-step trapezoid; the step-8000 checkpoint joins the two logs.
"DDP (8xA100, NVLink)",7790,3.8289408,3.3946,0.0018,311.2,79.5,measured,out/runpod-8gpu/session_out/train.log + out/runpod-8gpu/session_out/train_ext.log,Clean 10000-step trapezoid; the step-8000 checkpoint joins the two logs.
"DDP (8xA100, NVLink)",7800,3.833856,3.5273,0.0018,311.1,79.5,measured,out/runpod-8gpu/session_out/train.log + out/runpod-8gpu/session_out/train_ext.log,Clean 10000-step trapezoid; the step-8000 checkpoint joins the two logs.
"DDP (8xA100, NVLink)",7810,3.8387712,3.5237,0.0018,311.2,79.5,measured,out/runpod-8gpu/session_out/train.log + out/runpod-8gpu/session_out/train_ext.log,Clean 10000-step trapezoid; the step-8000 checkpoint joins the two logs.
"DDP (8xA100, NVLink)",7820,3.8436864,3.3438,0.0018,310.9,79.5,measured,out/runpod-8gpu/session_out/train.log + out/runpod-8gpu/session_out/train_ext.log,Clean 10000-step trapezoid; the step-8000 checkpoint joins the two logs.
"DDP (8xA100, NVLink)",7830,3.8486016,3.517,0.0018,311.0,79.5,measured,out/runpod-8gpu/session_out/train.log + out/runpod-8gpu/session_out/train_ext.log,Clean 10000-step trapezoid; the step-8000 checkpoint joins the two logs.
"DDP (8xA100, NVLink)",7840,3.8535168,3.5346,0.0018,311.0,79.5,measured,out/runpod-8gpu/session_out/train.log + out/runpod-8gpu/session_out/train_ext.log,Clean 10000-step trapezoid; the step-8000 checkpoint joins the two logs.
"DDP (8xA100, NVLink)",7850,3.858432,3.496,0.0018,311.7,79.4,measured,out/runpod-8gpu/session_out/train.log + out/runpod-8gpu/session_out/train_ext.log,Clean 10000-step trapezoid; the step-8000 checkpoint joins the two logs.
"DDP (8xA100, NVLink)",7860,3.8633472,3.4765,0.0018,311.3,79.4,measured,out/runpod-8gpu/session_out/train.log + out/runpod-8gpu/session_out/train_ext.log,Clean 10000-step trapezoid; the step-8000 checkpoint joins the two logs.
"DDP (8xA100, NVLink)",7870,3.8682624,3.4757,0.0018,311.3,79.5,measured,out/runpod-8gpu/session_out/train.log + out/runpod-8gpu/session_out/train_ext.log,Clean 10000-step trapezoid; the step-8000 checkpoint joins the two logs.
"DDP (8xA100, NVLink)",7880,3.8731776,3.4288,0.0018,311.4,79.4,measured,out/runpod-8gpu/session_out/train.log + out/runpod-8gpu/session_out/train_ext.log,Clean 10000-step trapezoid; the step-8000 checkpoint joins the two logs.
"DDP (8xA100, NVLink)",7890,3.8780928,3.3649,0.0018,311.5,79.4,measured,out/runpod-8gpu/session_out/train.log + out/runpod-8gpu/session_out/train_ext.log,Clean 10000-step trapezoid; the step-8000 checkpoint joins the two logs.
"DDP (8xA100, NVLink)",7900,3.883008,3.3747,0.0018,311.7,79.4,measured,out/runpod-8gpu/session_out/train.log + out/runpod-8gpu/session_out/train_ext.log,Clean 10000-step trapezoid; the step-8000 checkpoint joins the two logs.
"DDP (8xA100, NVLink)",7910,3.8879232,3.5133,0.0018,311.6,79.4,measured,out/runpod-8gpu/session_out/train.log + out/runpod-8gpu/session_out/train_ext.log,Clean 10000-step trapezoid; the step-8000 checkpoint joins the two logs.
"DDP (8xA100, NVLink)",7920,3.8928384,3.5157,0.0018,311.7,79.4,measured,out/runpod-8gpu/session_out/train.log + out/runpod-8gpu/session_out/train_ext.log,Clean 10000-step trapezoid; the step-8000 checkpoint joins the two logs.
"DDP (8xA100, NVLink)",7930,3.8977536,3.4797,0.0018,311.5,79.4,measured,out/runpod-8gpu/session_out/train.log + out/runpod-8gpu/session_out/train_ext.log,Clean 10000-step trapezoid; the step-8000 checkpoint joins the two logs.
"DDP (8xA100, NVLink)",7940,3.9026688,3.2725,0.0018,311.8,79.3,measured,out/runpod-8gpu/session_out/train.log + out/runpod-8gpu/session_out/train_ext.log,Clean 10000-step trapezoid; the step-8000 checkpoint joins the two logs.
"DDP (8xA100, NVLink)",7950,3.907584,3.65,0.0018,311.3,79.5,measured,out/runpod-8gpu/session_out/train.log + out/runpod-8gpu/session_out/train_ext.log,Clean 10000-step trapezoid; the step-8000 checkpoint joins the two logs.
"DDP (8xA100, NVLink)",7960,3.9124992,3.5272,0.0018,311.3,79.5,measured,out/runpod-8gpu/session_out/train.log + out/runpod-8gpu/session_out/train_ext.log,Clean 10000-step trapezoid; the step-8000 checkpoint joins the two logs.
"DDP (8xA100, NVLink)",7970,3.9174144,3.4734,0.0018,311.7,79.4,measured,out/runpod-8gpu/session_out/train.log + out/runpod-8gpu/session_out/train_ext.log,Clean 10000-step trapezoid; the step-8000 checkpoint joins the two logs.
"DDP (8xA100, NVLink)",7980,3.9223296,3.3927,0.0018,311.6,79.4,measured,out/runpod-8gpu/session_out/train.log + out/runpod-8gpu/session_out/train_ext.log,Clean 10000-step trapezoid; the step-8000 checkpoint joins the two logs.
"DDP (8xA100, NVLink)",7990,3.9272448,3.3584,0.0018,311.5,79.4,measured,out/runpod-8gpu/session_out/train.log + out/runpod-8gpu/session_out/train_ext.log,Clean 10000-step trapezoid; the step-8000 checkpoint joins the two logs.
"DDP (8xA100, NVLink)",8000,3.93216,3.3014,0.0018,10952.0,2.3,measured,out/runpod-8gpu/session_out/train.log + out/runpod-8gpu/session_out/train_ext.log,Clean 10000-step trapezoid; the step-8000 checkpoint joins the two logs.
"DDP (8xA100, NVLink)",8010,3.9370752,3.3704,0.0018,310.1,79.8,measured,out/runpod-8gpu/session_out/train.log + out/runpod-8gpu/session_out/train_ext.log,Clean 10000-step trapezoid; the step-8000 checkpoint joins the two logs.
"DDP (8xA100, NVLink)",8020,3.9419904,3.4215,0.0018,310.1,79.8,measured,out/runpod-8gpu/session_out/train.log + out/runpod-8gpu/session_out/train_ext.log,Clean 10000-step trapezoid; the step-8000 checkpoint joins the two logs.
"DDP (8xA100, NVLink)",8030,3.9469056,3.4459,0.0018,310.3,79.7,measured,out/runpod-8gpu/session_out/train.log + out/runpod-8gpu/session_out/train_ext.log,Clean 10000-step trapezoid; the step-8000 checkpoint joins the two logs.
"DDP (8xA100, NVLink)",8040,3.9518208,3.4581,0.0018,310.6,79.6,measured,out/runpod-8gpu/session_out/train.log + out/runpod-8gpu/session_out/train_ext.log,Clean 10000-step trapezoid; the step-8000 checkpoint joins the two logs.
"DDP (8xA100, NVLink)",8050,3.956736,3.3688,0.0018,310.9,79.6,measured,out/runpod-8gpu/session_out/train.log + out/runpod-8gpu/session_out/train_ext.log,Clean 10000-step trapezoid; the step-8000 checkpoint joins the two logs.
"DDP (8xA100, NVLink)",8060,3.9616512,3.2964,0.0018,311.2,79.5,measured,out/runpod-8gpu/session_out/train.log + out/runpod-8gpu/session_out/train_ext.log,Clean 10000-step trapezoid; the step-8000 checkpoint joins the two logs.
"DDP (8xA100, NVLink)",8070,3.9665664,3.2939,0.0018,311.1,79.5,measured,out/runpod-8gpu/session_out/train.log + out/runpod-8gpu/session_out/train_ext.log,Clean 10000-step trapezoid; the step-8000 checkpoint joins the two logs.
"DDP (8xA100, NVLink)",8080,3.9714816,3.3902,0.0018,311.0,79.5,measured,out/runpod-8gpu/session_out/train.log + out/runpod-8gpu/session_out/train_ext.log,Clean 10000-step trapezoid; the step-8000 checkpoint joins the two logs.
"DDP (8xA100, NVLink)",8090,3.9763968,3.5172,0.0018,311.0,79.5,measured,out/runpod-8gpu/session_out/train.log + out/runpod-8gpu/session_out/train_ext.log,Clean 10000-step trapezoid; the step-8000 checkpoint joins the two logs.
"DDP (8xA100, NVLink)",8100,3.981312,3.437,0.0018,311.1,79.5,measured,out/runpod-8gpu/session_out/train.log + out/runpod-8gpu/session_out/train_ext.log,Clean 10000-step trapezoid; the step-8000 checkpoint joins the two logs.
"DDP (8xA100, NVLink)",8110,3.9862272,3.4379,0.0018,311.0,79.5,measured,out/runpod-8gpu/session_out/train.log + out/runpod-8gpu/session_out/train_ext.log,Clean 10000-step trapezoid; the step-8000 checkpoint joins the two logs.
"DDP (8xA100, NVLink)",8120,3.9911424,3.5065,0.0018,311.5,79.4,measured,out/runpod-8gpu/session_out/train.log + out/runpod-8gpu/session_out/train_ext.log,Clean 10000-step trapezoid; the step-8000 checkpoint joins the two logs.
"DDP (8xA100, NVLink)",8130,3.9960576,3.4133,0.0018,311.3,79.5,measured,out/runpod-8gpu/session_out/train.log + out/runpod-8gpu/session_out/train_ext.log,Clean 10000-step trapezoid; the step-8000 checkpoint joins the two logs.
"DDP (8xA100, NVLink)",8140,4.0009728,3.3583,0.0018,311.5,79.4,measured,out/runpod-8gpu/session_out/train.log + out/runpod-8gpu/session_out/train_ext.log,Clean 10000-step trapezoid; the step-8000 checkpoint joins the two logs.
"DDP (8xA100, NVLink)",8150,4.005888,3.4315,0.0018,311.7,79.4,measured,out/runpod-8gpu/session_out/train.log + out/runpod-8gpu/session_out/train_ext.log,Clean 10000-step trapezoid; the step-8000 checkpoint joins the two logs.
"DDP (8xA100, NVLink)",8160,4.0108032,3.4149,0.0018,311.2,79.5,measured,out/runpod-8gpu/session_out/train.log + out/runpod-8gpu/session_out/train_ext.log,Clean 10000-step trapezoid; the step-8000 checkpoint joins the two logs.
"DDP (8xA100, NVLink)",8170,4.0157184,3.4572,0.0018,310.9,79.6,measured,out/runpod-8gpu/session_out/train.log + out/runpod-8gpu/session_out/train_ext.log,Clean 10000-step trapezoid; the step-8000 checkpoint joins the two logs.
"DDP (8xA100, NVLink)",8180,4.0206336,3.6135,0.0018,311.2,79.5,measured,out/runpod-8gpu/session_out/train.log + out/runpod-8gpu/session_out/train_ext.log,Clean 10000-step trapezoid; the step-8000 checkpoint joins the two logs.
"DDP (8xA100, NVLink)",8190,4.0255488,3.7043,0.0018,311.7,79.3,measured,out/runpod-8gpu/session_out/train.log + out/runpod-8gpu/session_out/train_ext.log,Clean 10000-step trapezoid; the step-8000 checkpoint joins the two logs.
"DDP (8xA100, NVLink)",8200,4.030464,3.2716,0.0018,311.2,79.5,measured,out/runpod-8gpu/session_out/train.log + out/runpod-8gpu/session_out/train_ext.log,Clean 10000-step trapezoid; the step-8000 checkpoint joins the two logs.
"DDP (8xA100, NVLink)",8210,4.0353792,3.3241,0.0018,311.5,79.4,measured,out/runpod-8gpu/session_out/train.log + out/runpod-8gpu/session_out/train_ext.log,Clean 10000-step trapezoid; the step-8000 checkpoint joins the two logs.
"DDP (8xA100, NVLink)",8220,4.0402944,3.3721,0.0018,311.7,79.3,measured,out/runpod-8gpu/session_out/train.log + out/runpod-8gpu/session_out/train_ext.log,Clean 10000-step trapezoid; the step-8000 checkpoint joins the two logs.
"DDP (8xA100, NVLink)",8230,4.0452096,3.4142,0.0018,311.2,79.5,measured,out/runpod-8gpu/session_out/train.log + out/runpod-8gpu/session_out/train_ext.log,Clean 10000-step trapezoid; the step-8000 checkpoint joins the two logs.
"DDP (8xA100, NVLink)",8240,4.0501248,4.4912,0.0018,313.1,79.0,measured,out/runpod-8gpu/session_out/train.log + out/runpod-8gpu/session_out/train_ext.log,Clean 10000-step trapezoid; the step-8000 checkpoint joins the two logs.
"DDP (8xA100, NVLink)",8250,4.05504,3.2875,0.0018,308.8,80.1,measured,out/runpod-8gpu/session_out/train.log + out/runpod-8gpu/session_out/train_ext.log,Clean 10000-step trapezoid; the step-8000 checkpoint joins the two logs.
"DDP (8xA100, NVLink)",8260,4.0599552,3.608,0.0018,310.6,79.6,measured,out/runpod-8gpu/session_out/train.log + out/runpod-8gpu/session_out/train_ext.log,Clean 10000-step trapezoid; the step-8000 checkpoint joins the two logs.
"DDP (8xA100, NVLink)",8270,4.0648704,3.4184,0.0018,310.5,79.7,measured,out/runpod-8gpu/session_out/train.log + out/runpod-8gpu/session_out/train_ext.log,Clean 10000-step trapezoid; the step-8000 checkpoint joins the two logs.
"DDP (8xA100, NVLink)",8280,4.0697856,3.6807,0.0018,310.8,79.6,measured,out/runpod-8gpu/session_out/train.log + out/runpod-8gpu/session_out/train_ext.log,Clean 10000-step trapezoid; the step-8000 checkpoint joins the two logs.
"DDP (8xA100, NVLink)",8290,4.0747008,3.5066,0.0018,311.1,79.5,measured,out/runpod-8gpu/session_out/train.log + out/runpod-8gpu/session_out/train_ext.log,Clean 10000-step trapezoid; the step-8000 checkpoint joins the two logs.
"DDP (8xA100, NVLink)",8300,4.079616,3.5708,0.0018,311.4,79.4,measured,out/runpod-8gpu/session_out/train.log + out/runpod-8gpu/session_out/train_ext.log,Clean 10000-step trapezoid; the step-8000 checkpoint joins the two logs.
"DDP (8xA100, NVLink)",8310,4.0845312,3.3886,0.0018,311.1,79.5,measured,out/runpod-8gpu/session_out/train.log + out/runpod-8gpu/session_out/train_ext.log,Clean 10000-step trapezoid; the step-8000 checkpoint joins the two logs.
"DDP (8xA100, NVLink)",8320,4.0894464,3.3001,0.0018,311.1,79.5,measured,out/runpod-8gpu/session_out/train.log + out/runpod-8gpu/session_out/train_ext.log,Clean 10000-step trapezoid; the step-8000 checkpoint joins the two logs.
"DDP (8xA100, NVLink)",8330,4.0943616,4.0138,0.0018,310.9,79.6,measured,out/runpod-8gpu/session_out/train.log + out/runpod-8gpu/session_out/train_ext.log,Clean 10000-step trapezoid; the step-8000 checkpoint joins the two logs.
"DDP (8xA100, NVLink)",8340,4.0992768,3.6988,0.0018,311.0,79.5,measured,out/runpod-8gpu/session_out/train.log + out/runpod-8gpu/session_out/train_ext.log,Clean 10000-step trapezoid; the step-8000 checkpoint joins the two logs.
"DDP (8xA100, NVLink)",8350,4.104192,3.4139,0.0018,311.5,79.4,measured,out/runpod-8gpu/session_out/train.log + out/runpod-8gpu/session_out/train_ext.log,Clean 10000-step trapezoid; the step-8000 checkpoint joins the two logs.
"DDP (8xA100, NVLink)",8360,4.1091072,3.5456,0.0018,310.9,79.6,measured,out/runpod-8gpu/session_out/train.log + out/runpod-8gpu/session_out/train_ext.log,Clean 10000-step trapezoid; the step-8000 checkpoint joins the two logs.
"DDP (8xA100, NVLink)",8370,4.1140224,3.375,0.0018,311.1,79.5,measured,out/runpod-8gpu/session_out/train.log + out/runpod-8gpu/session_out/train_ext.log,Clean 10000-step trapezoid; the step-8000 checkpoint joins the two logs.
"DDP (8xA100, NVLink)",8380,4.1189376,3.4948,0.0018,311.1,79.5,measured,out/runpod-8gpu/session_out/train.log + out/runpod-8gpu/session_out/train_ext.log,Clean 10000-step trapezoid; the step-8000 checkpoint joins the two logs.
"DDP (8xA100, NVLink)",8390,4.1238528,3.5579,0.0018,311.4,79.4,measured,out/runpod-8gpu/session_out/train.log + out/runpod-8gpu/session_out/train_ext.log,Clean 10000-step trapezoid; the step-8000 checkpoint joins the two logs.
"DDP (8xA100, NVLink)",8400,4.128768,3.5704,0.0018,311.4,79.4,measured,out/runpod-8gpu/session_out/train.log + out/runpod-8gpu/session_out/train_ext.log,Clean 10000-step trapezoid; the step-8000 checkpoint joins the two logs.
"DDP (8xA100, NVLink)",8410,4.1336832,3.6359,0.0018,311.3,79.4,measured,out/runpod-8gpu/session_out/train.log + out/runpod-8gpu/session_out/train_ext.log,Clean 10000-step trapezoid; the step-8000 checkpoint joins the two logs.
"DDP (8xA100, NVLink)",8420,4.1385984,3.4352,0.0018,311.4,79.4,measured,out/runpod-8gpu/session_out/train.log + out/runpod-8gpu/session_out/train_ext.log,Clean 10000-step trapezoid; the step-8000 checkpoint joins the two logs.
"DDP (8xA100, NVLink)",8430,4.1435136,3.3598,0.0018,311.4,79.4,measured,out/runpod-8gpu/session_out/train.log + out/runpod-8gpu/session_out/train_ext.log,Clean 10000-step trapezoid; the step-8000 checkpoint joins the two logs.
"DDP (8xA100, NVLink)",8440,4.1484288,3.314,0.0018,311.3,79.5,measured,out/runpod-8gpu/session_out/train.log + out/runpod-8gpu/session_out/train_ext.log,Clean 10000-step trapezoid; the step-8000 checkpoint joins the two logs.
"DDP (8xA100, NVLink)",8450,4.153344,3.3865,0.0018,311.7,79.3,measured,out/runpod-8gpu/session_out/train.log + out/runpod-8gpu/session_out/train_ext.log,Clean 10000-step trapezoid; the step-8000 checkpoint joins the two logs.
"DDP (8xA100, NVLink)",8460,4.1582592,3.4501,0.0018,311.5,79.4,measured,out/runpod-8gpu/session_out/train.log + out/runpod-8gpu/session_out/train_ext.log,Clean 10000-step trapezoid; the step-8000 checkpoint joins the two logs.
"DDP (8xA100, NVLink)",8470,4.1631744,3.3715,0.0018,311.8,79.3,measured,out/runpod-8gpu/session_out/train.log + out/runpod-8gpu/session_out/train_ext.log,Clean 10000-step trapezoid; the step-8000 checkpoint joins the two logs.
"DDP (8xA100, NVLink)",8480,4.1680896,3.3838,0.0018,311.6,79.4,measured,out/runpod-8gpu/session_out/train.log + out/runpod-8gpu/session_out/train_ext.log,Clean 10000-step trapezoid; the step-8000 checkpoint joins the two logs.
"DDP (8xA100, NVLink)",8490,4.1730048,3.4038,0.0018,311.6,79.4,measured,out/runpod-8gpu/session_out/train.log + out/runpod-8gpu/session_out/train_ext.log,Clean 10000-step trapezoid; the step-8000 checkpoint joins the two logs.
"DDP (8xA100, NVLink)",8500,4.17792,3.4836,0.0018,309.1,80.0,measured,out/runpod-8gpu/session_out/train.log + out/runpod-8gpu/session_out/train_ext.log,Clean 10000-step trapezoid; the step-8000 checkpoint joins the two logs.
"DDP (8xA100, NVLink)",8510,4.1828352,3.3228,0.0018,310.7,79.6,measured,out/runpod-8gpu/session_out/train.log + out/runpod-8gpu/session_out/train_ext.log,Clean 10000-step trapezoid; the step-8000 checkpoint joins the two logs.
"DDP (8xA100, NVLink)",8520,4.1877504,3.3962,0.0018,311.0,79.5,measured,out/runpod-8gpu/session_out/train.log + out/runpod-8gpu/session_out/train_ext.log,Clean 10000-step trapezoid; the step-8000 checkpoint joins the two logs.
"DDP (8xA100, NVLink)",8530,4.1926656,3.5066,0.0018,310.9,79.6,measured,out/runpod-8gpu/session_out/train.log + out/runpod-8gpu/session_out/train_ext.log,Clean 10000-step trapezoid; the step-8000 checkpoint joins the two logs.
"DDP (8xA100, NVLink)",8540,4.1975808,3.4922,0.0018,310.9,79.6,measured,out/runpod-8gpu/session_out/train.log + out/runpod-8gpu/session_out/train_ext.log,Clean 10000-step trapezoid; the step-8000 checkpoint joins the two logs.
"DDP (8xA100, NVLink)",8550,4.202496,3.5063,0.0018,311.0,79.5,measured,out/runpod-8gpu/session_out/train.log + out/runpod-8gpu/session_out/train_ext.log,Clean 10000-step trapezoid; the step-8000 checkpoint joins the two logs.
"DDP (8xA100, NVLink)",8560,4.2074112,3.3964,0.0018,311.1,79.5,measured,out/runpod-8gpu/session_out/train.log + out/runpod-8gpu/session_out/train_ext.log,Clean 10000-step trapezoid; the step-8000 checkpoint joins the two logs.
"DDP (8xA100, NVLink)",8570,4.2123264,3.3833,0.0018,311.3,79.5,measured,out/runpod-8gpu/session_out/train.log + out/runpod-8gpu/session_out/train_ext.log,Clean 10000-step trapezoid; the step-8000 checkpoint joins the two logs.
"DDP (8xA100, NVLink)",8580,4.2172416,3.3899,0.0018,311.7,79.4,measured,out/runpod-8gpu/session_out/train.log + out/runpod-8gpu/session_out/train_ext.log,Clean 10000-step trapezoid; the step-8000 checkpoint joins the two logs.
"DDP (8xA100, NVLink)",8590,4.2221568,3.2674,0.0018,310.8,79.6,measured,out/runpod-8gpu/session_out/train.log + out/runpod-8gpu/session_out/train_ext.log,Clean 10000-step trapezoid; the step-8000 checkpoint joins the two logs.
"DDP (8xA100, NVLink)",8600,4.227072,3.3047,0.0018,311.2,79.5,measured,out/runpod-8gpu/session_out/train.log + out/runpod-8gpu/session_out/train_ext.log,Clean 10000-step trapezoid; the step-8000 checkpoint joins the two logs.
"DDP (8xA100, NVLink)",8610,4.2319872,3.4688,0.0018,311.4,79.4,measured,out/runpod-8gpu/session_out/train.log + out/runpod-8gpu/session_out/train_ext.log,Clean 10000-step trapezoid; the step-8000 checkpoint joins the two logs.
"DDP (8xA100, NVLink)",8620,4.2369024,3.2826,0.0018,311.4,79.4,measured,out/runpod-8gpu/session_out/train.log + out/runpod-8gpu/session_out/train_ext.log,Clean 10000-step trapezoid; the step-8000 checkpoint joins the two logs.
"DDP (8xA100, NVLink)",8630,4.2418176,3.4187,0.0018,311.4,79.4,measured,out/runpod-8gpu/session_out/train.log + out/runpod-8gpu/session_out/train_ext.log,Clean 10000-step trapezoid; the step-8000 checkpoint joins the two logs.
"DDP (8xA100, NVLink)",8640,4.2467328,3.2519,0.0018,311.6,79.4,measured,out/runpod-8gpu/session_out/train.log + out/runpod-8gpu/session_out/train_ext.log,Clean 10000-step trapezoid; the step-8000 checkpoint joins the two logs.
"DDP (8xA100, NVLink)",8650,4.251648,3.3646,0.0018,311.1,79.5,measured,out/runpod-8gpu/session_out/train.log + out/runpod-8gpu/session_out/train_ext.log,Clean 10000-step trapezoid; the step-8000 checkpoint joins the two logs.
"DDP (8xA100, NVLink)",8660,4.2565632,3.5653,0.0018,311.7,79.3,measured,out/runpod-8gpu/session_out/train.log + out/runpod-8gpu/session_out/train_ext.log,Clean 10000-step trapezoid; the step-8000 checkpoint joins the two logs.
"DDP (8xA100, NVLink)",8670,4.2614784,3.3627,0.0018,311.5,79.4,measured,out/runpod-8gpu/session_out/train.log + out/runpod-8gpu/session_out/train_ext.log,Clean 10000-step trapezoid; the step-8000 checkpoint joins the two logs.
"DDP (8xA100, NVLink)",8680,4.2663936,3.4296,0.0018,311.7,79.4,measured,out/runpod-8gpu/session_out/train.log + out/runpod-8gpu/session_out/train_ext.log,Clean 10000-step trapezoid; the step-8000 checkpoint joins the two logs.
"DDP (8xA100, NVLink)",8690,4.2713088,3.5394,0.0018,311.8,79.3,measured,out/runpod-8gpu/session_out/train.log + out/runpod-8gpu/session_out/train_ext.log,Clean 10000-step trapezoid; the step-8000 checkpoint joins the two logs.
"DDP (8xA100, NVLink)",8700,4.276224,3.3502,0.0018,311.2,79.5,measured,out/runpod-8gpu/session_out/train.log + out/runpod-8gpu/session_out/train_ext.log,Clean 10000-step trapezoid; the step-8000 checkpoint joins the two logs.
"DDP (8xA100, NVLink)",8710,4.2811392,3.5467,0.0018,311.4,79.4,measured,out/runpod-8gpu/session_out/train.log + out/runpod-8gpu/session_out/train_ext.log,Clean 10000-step trapezoid; the step-8000 checkpoint joins the two logs.
"DDP (8xA100, NVLink)",8720,4.2860544,3.8645,0.0018,311.6,79.4,measured,out/runpod-8gpu/session_out/train.log + out/runpod-8gpu/session_out/train_ext.log,Clean 10000-step trapezoid; the step-8000 checkpoint joins the two logs.
"DDP (8xA100, NVLink)",8730,4.2909696,3.382,0.0018,311.8,79.3,measured,out/runpod-8gpu/session_out/train.log + out/runpod-8gpu/session_out/train_ext.log,Clean 10000-step trapezoid; the step-8000 checkpoint joins the two logs.
"DDP (8xA100, NVLink)",8740,4.2958848,3.3818,0.0018,311.8,79.3,measured,out/runpod-8gpu/session_out/train.log + out/runpod-8gpu/session_out/train_ext.log,Clean 10000-step trapezoid; the step-8000 checkpoint joins the two logs.
"DDP (8xA100, NVLink)",8750,4.3008,3.5011,0.0018,308.9,80.1,measured,out/runpod-8gpu/session_out/train.log + out/runpod-8gpu/session_out/train_ext.log,Clean 10000-step trapezoid; the step-8000 checkpoint joins the two logs.
"DDP (8xA100, NVLink)",8760,4.3057152,3.4599,0.0018,310.7,79.6,measured,out/runpod-8gpu/session_out/train.log + out/runpod-8gpu/session_out/train_ext.log,Clean 10000-step trapezoid; the step-8000 checkpoint joins the two logs.
"DDP (8xA100, NVLink)",8770,4.3106304,3.7524,0.0018,311.4,79.4,measured,out/runpod-8gpu/session_out/train.log + out/runpod-8gpu/session_out/train_ext.log,Clean 10000-step trapezoid; the step-8000 checkpoint joins the two logs.
"DDP (8xA100, NVLink)",8780,4.3155456,3.345,0.0018,311.1,79.5,measured,out/runpod-8gpu/session_out/train.log + out/runpod-8gpu/session_out/train_ext.log,Clean 10000-step trapezoid; the step-8000 checkpoint joins the two logs.
"DDP (8xA100, NVLink)",8790,4.3204608,3.4979,0.0018,310.8,79.6,measured,out/runpod-8gpu/session_out/train.log + out/runpod-8gpu/session_out/train_ext.log,Clean 10000-step trapezoid; the step-8000 checkpoint joins the two logs.
"DDP (8xA100, NVLink)",8800,4.325376,3.278,0.0018,311.3,79.5,measured,out/runpod-8gpu/session_out/train.log + out/runpod-8gpu/session_out/train_ext.log,Clean 10000-step trapezoid; the step-8000 checkpoint joins the two logs.
"DDP (8xA100, NVLink)",8810,4.3302912,3.4169,0.0018,310.9,79.5,measured,out/runpod-8gpu/session_out/train.log + out/runpod-8gpu/session_out/train_ext.log,Clean 10000-step trapezoid; the step-8000 checkpoint joins the two logs.
"DDP (8xA100, NVLink)",8820,4.3352064,3.5343,0.0018,311.2,79.5,measured,out/runpod-8gpu/session_out/train.log + out/runpod-8gpu/session_out/train_ext.log,Clean 10000-step trapezoid; the step-8000 checkpoint joins the two logs.
"DDP (8xA100, NVLink)",8830,4.3401216,3.4108,0.0018,311.1,79.5,measured,out/runpod-8gpu/session_out/train.log + out/runpod-8gpu/session_out/train_ext.log,Clean 10000-step trapezoid; the step-8000 checkpoint joins the two logs.
"DDP (8xA100, NVLink)",8840,4.3450368,3.3623,0.0018,310.8,79.6,measured,out/runpod-8gpu/session_out/train.log + out/runpod-8gpu/session_out/train_ext.log,Clean 10000-step trapezoid; the step-8000 checkpoint joins the two logs.
"DDP (8xA100, NVLink)",8850,4.349952,3.3854,0.0018,310.9,79.6,measured,out/runpod-8gpu/session_out/train.log + out/runpod-8gpu/session_out/train_ext.log,Clean 10000-step trapezoid; the step-8000 checkpoint joins the two logs.
"DDP (8xA100, NVLink)",8860,4.3548672,3.4614,0.0018,311.4,79.4,measured,out/runpod-8gpu/session_out/train.log + out/runpod-8gpu/session_out/train_ext.log,Clean 10000-step trapezoid; the step-8000 checkpoint joins the two logs.
"DDP (8xA100, NVLink)",8870,4.3597824,3.8721,0.0018,311.2,79.5,measured,out/runpod-8gpu/session_out/train.log + out/runpod-8gpu/session_out/train_ext.log,Clean 10000-step trapezoid; the step-8000 checkpoint joins the two logs.
"DDP (8xA100, NVLink)",8880,4.3646976,3.3008,0.0018,311.1,79.5,measured,out/runpod-8gpu/session_out/train.log + out/runpod-8gpu/session_out/train_ext.log,Clean 10000-step trapezoid; the step-8000 checkpoint joins the two logs.
"DDP (8xA100, NVLink)",8890,4.3696128,3.3686,0.0018,311.4,79.4,measured,out/runpod-8gpu/session_out/train.log + out/runpod-8gpu/session_out/train_ext.log,Clean 10000-step trapezoid; the step-8000 checkpoint joins the two logs.
"DDP (8xA100, NVLink)",8900,4.374528,3.4228,0.0018,311.7,79.4,measured,out/runpod-8gpu/session_out/train.log + out/runpod-8gpu/session_out/train_ext.log,Clean 10000-step trapezoid; the step-8000 checkpoint joins the two logs.
"DDP (8xA100, NVLink)",8910,4.3794432,3.3652,0.0018,311.1,79.5,measured,out/runpod-8gpu/session_out/train.log + out/runpod-8gpu/session_out/train_ext.log,Clean 10000-step trapezoid; the step-8000 checkpoint joins the two logs.
"DDP (8xA100, NVLink)",8920,4.3843584,3.3752,0.0018,311.4,79.4,measured,out/runpod-8gpu/session_out/train.log + out/runpod-8gpu/session_out/train_ext.log,Clean 10000-step trapezoid; the step-8000 checkpoint joins the two logs.
"DDP (8xA100, NVLink)",8930,4.3892736,3.419,0.0018,311.5,79.4,measured,out/runpod-8gpu/session_out/train.log + out/runpod-8gpu/session_out/train_ext.log,Clean 10000-step trapezoid; the step-8000 checkpoint joins the two logs.
"DDP (8xA100, NVLink)",8940,4.3941888,3.3403,0.0018,311.7,79.4,measured,out/runpod-8gpu/session_out/train.log + out/runpod-8gpu/session_out/train_ext.log,Clean 10000-step trapezoid; the step-8000 checkpoint joins the two logs.
"DDP (8xA100, NVLink)",8950,4.399104,3.3855,0.0018,311.4,79.4,measured,out/runpod-8gpu/session_out/train.log + out/runpod-8gpu/session_out/train_ext.log,Clean 10000-step trapezoid; the step-8000 checkpoint joins the two logs.
"DDP (8xA100, NVLink)",8960,4.4040192,3.5072,0.0018,311.8,79.3,measured,out/runpod-8gpu/session_out/train.log + out/runpod-8gpu/session_out/train_ext.log,Clean 10000-step trapezoid; the step-8000 checkpoint joins the two logs.
"DDP (8xA100, NVLink)",8970,4.4089344,3.4682,0.0018,311.1,79.5,measured,out/runpod-8gpu/session_out/train.log + out/runpod-8gpu/session_out/train_ext.log,Clean 10000-step trapezoid; the step-8000 checkpoint joins the two logs.
"DDP (8xA100, NVLink)",8980,4.4138496,3.452,0.0018,311.3,79.5,measured,out/runpod-8gpu/session_out/train.log + out/runpod-8gpu/session_out/train_ext.log,Clean 10000-step trapezoid; the step-8000 checkpoint joins the two logs.
"DDP (8xA100, NVLink)",8990,4.4187648,3.3282,0.0018,311.6,79.4,measured,out/runpod-8gpu/session_out/train.log + out/runpod-8gpu/session_out/train_ext.log,Clean 10000-step trapezoid; the step-8000 checkpoint joins the two logs.
"DDP (8xA100, NVLink)",9000,4.42368,3.2104,0.0018,309.0,80.0,measured,out/runpod-8gpu/session_out/train.log + out/runpod-8gpu/session_out/train_ext.log,Clean 10000-step trapezoid; the step-8000 checkpoint joins the two logs.
"DDP (8xA100, NVLink)",9010,4.4285952,3.4449,0.00178,310.5,79.7,measured,out/runpod-8gpu/session_out/train.log + out/runpod-8gpu/session_out/train_ext.log,Clean 10000-step trapezoid; the step-8000 checkpoint joins the two logs.
"DDP (8xA100, NVLink)",9020,4.4335104,3.3771,0.00176,310.6,79.6,measured,out/runpod-8gpu/session_out/train.log + out/runpod-8gpu/session_out/train_ext.log,Clean 10000-step trapezoid; the step-8000 checkpoint joins the two logs.
"DDP (8xA100, NVLink)",9030,4.4384256,3.4606,0.00175,311.0,79.5,measured,out/runpod-8gpu/session_out/train.log + out/runpod-8gpu/session_out/train_ext.log,Clean 10000-step trapezoid; the step-8000 checkpoint joins the two logs.
"DDP (8xA100, NVLink)",9040,4.4433408,3.6118,0.00173,311.0,79.5,measured,out/runpod-8gpu/session_out/train.log + out/runpod-8gpu/session_out/train_ext.log,Clean 10000-step trapezoid; the step-8000 checkpoint joins the two logs.
"DDP (8xA100, NVLink)",9050,4.448256,3.6004,0.00171,311.0,79.5,measured,out/runpod-8gpu/session_out/train.log + out/runpod-8gpu/session_out/train_ext.log,Clean 10000-step trapezoid; the step-8000 checkpoint joins the two logs.
"DDP (8xA100, NVLink)",9060,4.4531712,3.4616,0.00169,311.0,79.5,measured,out/runpod-8gpu/session_out/train.log + out/runpod-8gpu/session_out/train_ext.log,Clean 10000-step trapezoid; the step-8000 checkpoint joins the two logs.
"DDP (8xA100, NVLink)",9070,4.4580864,4.3608,0.00167,310.8,79.6,measured,out/runpod-8gpu/session_out/train.log + out/runpod-8gpu/session_out/train_ext.log,Clean 10000-step trapezoid; the step-8000 checkpoint joins the two logs.
"DDP (8xA100, NVLink)",9080,4.4630016,3.3476,0.00166,311.0,79.5,measured,out/runpod-8gpu/session_out/train.log + out/runpod-8gpu/session_out/train_ext.log,Clean 10000-step trapezoid; the step-8000 checkpoint joins the two logs.
"DDP (8xA100, NVLink)",9090,4.4679168,3.2644,0.00164,311.1,79.5,measured,out/runpod-8gpu/session_out/train.log + out/runpod-8gpu/session_out/train_ext.log,Clean 10000-step trapezoid; the step-8000 checkpoint joins the two logs.
"DDP (8xA100, NVLink)",9100,4.472832,3.4899,0.00162,311.5,79.4,measured,out/runpod-8gpu/session_out/train.log + out/runpod-8gpu/session_out/train_ext.log,Clean 10000-step trapezoid; the step-8000 checkpoint joins the two logs.
"DDP (8xA100, NVLink)",9110,4.4777472,3.5656,0.0016,311.1,79.5,measured,out/runpod-8gpu/session_out/train.log + out/runpod-8gpu/session_out/train_ext.log,Clean 10000-step trapezoid; the step-8000 checkpoint joins the two logs.
"DDP (8xA100, NVLink)",9120,4.4826624,3.3621,0.00158,311.1,79.5,measured,out/runpod-8gpu/session_out/train.log + out/runpod-8gpu/session_out/train_ext.log,Clean 10000-step trapezoid; the step-8000 checkpoint joins the two logs.
"DDP (8xA100, NVLink)",9130,4.4875776,3.2191,0.00157,311.2,79.5,measured,out/runpod-8gpu/session_out/train.log + out/runpod-8gpu/session_out/train_ext.log,Clean 10000-step trapezoid; the step-8000 checkpoint joins the two logs.
"DDP (8xA100, NVLink)",9140,4.4924928,3.4364,0.00155,311.3,79.5,measured,out/runpod-8gpu/session_out/train.log + out/runpod-8gpu/session_out/train_ext.log,Clean 10000-step trapezoid; the step-8000 checkpoint joins the two logs.
"DDP (8xA100, NVLink)",9150,4.497408,3.4621,0.00153,311.3,79.5,measured,out/runpod-8gpu/session_out/train.log + out/runpod-8gpu/session_out/train_ext.log,Clean 10000-step trapezoid; the step-8000 checkpoint joins the two logs.
"DDP (8xA100, NVLink)",9160,4.5023232,3.3337,0.00151,311.6,79.4,measured,out/runpod-8gpu/session_out/train.log + out/runpod-8gpu/session_out/train_ext.log,Clean 10000-step trapezoid; the step-8000 checkpoint joins the two logs.
"DDP (8xA100, NVLink)",9170,4.5072384,3.4336,0.00149,311.4,79.4,measured,out/runpod-8gpu/session_out/train.log + out/runpod-8gpu/session_out/train_ext.log,Clean 10000-step trapezoid; the step-8000 checkpoint joins the two logs.
"DDP (8xA100, NVLink)",9180,4.5121536,3.4299,0.00148,311.3,79.5,measured,out/runpod-8gpu/session_out/train.log + out/runpod-8gpu/session_out/train_ext.log,Clean 10000-step trapezoid; the step-8000 checkpoint joins the two logs.
"DDP (8xA100, NVLink)",9190,4.5170688,3.3183,0.00146,311.3,79.5,measured,out/runpod-8gpu/session_out/train.log + out/runpod-8gpu/session_out/train_ext.log,Clean 10000-step trapezoid; the step-8000 checkpoint joins the two logs.
"DDP (8xA100, NVLink)",9200,4.521984,3.3938,0.00144,311.6,79.4,measured,out/runpod-8gpu/session_out/train.log + out/runpod-8gpu/session_out/train_ext.log,Clean 10000-step trapezoid; the step-8000 checkpoint joins the two logs.
"DDP (8xA100, NVLink)",9210,4.5268992,3.3687,0.00142,311.2,79.5,measured,out/runpod-8gpu/session_out/train.log + out/runpod-8gpu/session_out/train_ext.log,Clean 10000-step trapezoid; the step-8000 checkpoint joins the two logs.
"DDP (8xA100, NVLink)",9220,4.5318144,3.6194,0.0014,311.3,79.4,measured,out/runpod-8gpu/session_out/train.log + out/runpod-8gpu/session_out/train_ext.log,Clean 10000-step trapezoid; the step-8000 checkpoint joins the two logs.
"DDP (8xA100, NVLink)",9230,4.5367296,3.4358,0.00139,312.2,79.2,measured,out/runpod-8gpu/session_out/train.log + out/runpod-8gpu/session_out/train_ext.log,Clean 10000-step trapezoid; the step-8000 checkpoint joins the two logs.
"DDP (8xA100, NVLink)",9240,4.5416448,3.2922,0.00137,311.5,79.4,measured,out/runpod-8gpu/session_out/train.log + out/runpod-8gpu/session_out/train_ext.log,Clean 10000-step trapezoid; the step-8000 checkpoint joins the two logs.
"DDP (8xA100, NVLink)",9250,4.54656,3.3617,0.00135,309.8,79.8,measured,out/runpod-8gpu/session_out/train.log + out/runpod-8gpu/session_out/train_ext.log,Clean 10000-step trapezoid; the step-8000 checkpoint joins the two logs.
"DDP (8xA100, NVLink)",9260,4.5514752,3.3967,0.00133,310.3,79.7,measured,out/runpod-8gpu/session_out/train.log + out/runpod-8gpu/session_out/train_ext.log,Clean 10000-step trapezoid; the step-8000 checkpoint joins the two logs.
"DDP (8xA100, NVLink)",9270,4.5563904,3.3103,0.00131,310.9,79.5,measured,out/runpod-8gpu/session_out/train.log + out/runpod-8gpu/session_out/train_ext.log,Clean 10000-step trapezoid; the step-8000 checkpoint joins the two logs.
"DDP (8xA100, NVLink)",9280,4.5613056,3.4821,0.0013,310.6,79.6,measured,out/runpod-8gpu/session_out/train.log + out/runpod-8gpu/session_out/train_ext.log,Clean 10000-step trapezoid; the step-8000 checkpoint joins the two logs.
"DDP (8xA100, NVLink)",9290,4.5662208,3.7506,0.00128,310.8,79.6,measured,out/runpod-8gpu/session_out/train.log + out/runpod-8gpu/session_out/train_ext.log,Clean 10000-step trapezoid; the step-8000 checkpoint joins the two logs.
"DDP (8xA100, NVLink)",9300,4.571136,3.4569,0.00126,311.2,79.5,measured,out/runpod-8gpu/session_out/train.log + out/runpod-8gpu/session_out/train_ext.log,Clean 10000-step trapezoid; the step-8000 checkpoint joins the two logs.
"DDP (8xA100, NVLink)",9310,4.5760512,3.3547,0.00124,311.2,79.5,measured,out/runpod-8gpu/session_out/train.log + out/runpod-8gpu/session_out/train_ext.log,Clean 10000-step trapezoid; the step-8000 checkpoint joins the two logs.
"DDP (8xA100, NVLink)",9320,4.5809664,3.4979,0.00122,311.1,79.5,measured,out/runpod-8gpu/session_out/train.log + out/runpod-8gpu/session_out/train_ext.log,Clean 10000-step trapezoid; the step-8000 checkpoint joins the two logs.
"DDP (8xA100, NVLink)",9330,4.5858816,3.3491,0.00121,311.7,79.3,measured,out/runpod-8gpu/session_out/train.log + out/runpod-8gpu/session_out/train_ext.log,Clean 10000-step trapezoid; the step-8000 checkpoint joins the two logs.
"DDP (8xA100, NVLink)",9340,4.5907968,3.3373,0.00119,311.1,79.5,measured,out/runpod-8gpu/session_out/train.log + out/runpod-8gpu/session_out/train_ext.log,Clean 10000-step trapezoid; the step-8000 checkpoint joins the two logs.
"DDP (8xA100, NVLink)",9350,4.595712,3.3183,0.00117,311.2,79.5,measured,out/runpod-8gpu/session_out/train.log + out/runpod-8gpu/session_out/train_ext.log,Clean 10000-step trapezoid; the step-8000 checkpoint joins the two logs.
"DDP (8xA100, NVLink)",9360,4.6006272,3.3523,0.00115,311.2,79.5,measured,out/runpod-8gpu/session_out/train.log + out/runpod-8gpu/session_out/train_ext.log,Clean 10000-step trapezoid; the step-8000 checkpoint joins the two logs.
"DDP (8xA100, NVLink)",9370,4.6055424,3.363,0.00113,311.4,79.4,measured,out/runpod-8gpu/session_out/train.log + out/runpod-8gpu/session_out/train_ext.log,Clean 10000-step trapezoid; the step-8000 checkpoint joins the two logs.
"DDP (8xA100, NVLink)",9380,4.6104576,3.3152,0.00112,311.4,79.4,measured,out/runpod-8gpu/session_out/train.log + out/runpod-8gpu/session_out/train_ext.log,Clean 10000-step trapezoid; the step-8000 checkpoint joins the two logs.
"DDP (8xA100, NVLink)",9390,4.6153728,3.379,0.0011,311.5,79.4,measured,out/runpod-8gpu/session_out/train.log + out/runpod-8gpu/session_out/train_ext.log,Clean 10000-step trapezoid; the step-8000 checkpoint joins the two logs.
"DDP (8xA100, NVLink)",9400,4.620288,3.2382,0.00108,311.3,79.5,measured,out/runpod-8gpu/session_out/train.log + out/runpod-8gpu/session_out/train_ext.log,Clean 10000-step trapezoid; the step-8000 checkpoint joins the two logs.
"DDP (8xA100, NVLink)",9410,4.6252032,3.6743,0.00106,311.1,79.5,measured,out/runpod-8gpu/session_out/train.log + out/runpod-8gpu/session_out/train_ext.log,Clean 10000-step trapezoid; the step-8000 checkpoint joins the two logs.
"DDP (8xA100, NVLink)",9420,4.6301184,3.3611,0.00104,311.7,79.4,measured,out/runpod-8gpu/session_out/train.log + out/runpod-8gpu/session_out/train_ext.log,Clean 10000-step trapezoid; the step-8000 checkpoint joins the two logs.
"DDP (8xA100, NVLink)",9430,4.6350336,3.401,0.00103,311.5,79.4,measured,out/runpod-8gpu/session_out/train.log + out/runpod-8gpu/session_out/train_ext.log,Clean 10000-step trapezoid; the step-8000 checkpoint joins the two logs.
"DDP (8xA100, NVLink)",9440,4.6399488,3.7018,0.00101,311.5,79.4,measured,out/runpod-8gpu/session_out/train.log + out/runpod-8gpu/session_out/train_ext.log,Clean 10000-step trapezoid; the step-8000 checkpoint joins the two logs.
"DDP (8xA100, NVLink)",9450,4.644864,3.3457,0.00099,311.6,79.4,measured,out/runpod-8gpu/session_out/train.log + out/runpod-8gpu/session_out/train_ext.log,Clean 10000-step trapezoid; the step-8000 checkpoint joins the two logs.
"DDP (8xA100, NVLink)",9460,4.6497792,3.1866,0.000972,311.6,79.4,measured,out/runpod-8gpu/session_out/train.log + out/runpod-8gpu/session_out/train_ext.log,Clean 10000-step trapezoid; the step-8000 checkpoint joins the two logs.
"DDP (8xA100, NVLink)",9470,4.6546944,3.3047,0.000954,311.4,79.4,measured,out/runpod-8gpu/session_out/train.log + out/runpod-8gpu/session_out/train_ext.log,Clean 10000-step trapezoid; the step-8000 checkpoint joins the two logs.
"DDP (8xA100, NVLink)",9480,4.6596096,3.3363,0.000936,311.5,79.4,measured,out/runpod-8gpu/session_out/train.log + out/runpod-8gpu/session_out/train_ext.log,Clean 10000-step trapezoid; the step-8000 checkpoint joins the two logs.
"DDP (8xA100, NVLink)",9490,4.6645248,3.1318,0.000918,311.7,79.4,measured,out/runpod-8gpu/session_out/train.log + out/runpod-8gpu/session_out/train_ext.log,Clean 10000-step trapezoid; the step-8000 checkpoint joins the two logs.
"DDP (8xA100, NVLink)",9500,4.66944,3.3227,0.0009,309.2,80.0,measured,out/runpod-8gpu/session_out/train.log + out/runpod-8gpu/session_out/train_ext.log,Clean 10000-step trapezoid; the step-8000 checkpoint joins the two logs.
"DDP (8xA100, NVLink)",9510,4.6743552,3.3636,0.000882,311.1,79.5,measured,out/runpod-8gpu/session_out/train.log + out/runpod-8gpu/session_out/train_ext.log,Clean 10000-step trapezoid; the step-8000 checkpoint joins the two logs.
"DDP (8xA100, NVLink)",9520,4.6792704,3.2149,0.000864,310.5,79.7,measured,out/runpod-8gpu/session_out/train.log + out/runpod-8gpu/session_out/train_ext.log,Clean 10000-step trapezoid; the step-8000 checkpoint joins the two logs.
"DDP (8xA100, NVLink)",9530,4.6841856,3.4604,0.000846,310.7,79.6,measured,out/runpod-8gpu/session_out/train.log + out/runpod-8gpu/session_out/train_ext.log,Clean 10000-step trapezoid; the step-8000 checkpoint joins the two logs.
"DDP (8xA100, NVLink)",9540,4.6891008,3.2701,0.000828,311.0,79.5,measured,out/runpod-8gpu/session_out/train.log + out/runpod-8gpu/session_out/train_ext.log,Clean 10000-step trapezoid; the step-8000 checkpoint joins the two logs.
"DDP (8xA100, NVLink)",9550,4.694016,3.365,0.00081,311.1,79.5,measured,out/runpod-8gpu/session_out/train.log + out/runpod-8gpu/session_out/train_ext.log,Clean 10000-step trapezoid; the step-8000 checkpoint joins the two logs.
"DDP (8xA100, NVLink)",9560,4.6989312,3.2713,0.000792,311.2,79.5,measured,out/runpod-8gpu/session_out/train.log + out/runpod-8gpu/session_out/train_ext.log,Clean 10000-step trapezoid; the step-8000 checkpoint joins the two logs.
"DDP (8xA100, NVLink)",9570,4.7038464,3.2074,0.000774,310.9,79.6,measured,out/runpod-8gpu/session_out/train.log + out/runpod-8gpu/session_out/train_ext.log,Clean 10000-step trapezoid; the step-8000 checkpoint joins the two logs.
"DDP (8xA100, NVLink)",9580,4.7087616,3.3609,0.000756,311.2,79.5,measured,out/runpod-8gpu/session_out/train.log + out/runpod-8gpu/session_out/train_ext.log,Clean 10000-step trapezoid; the step-8000 checkpoint joins the two logs.
"DDP (8xA100, NVLink)",9590,4.7136768,3.3437,0.000738,310.8,79.6,measured,out/runpod-8gpu/session_out/train.log + out/runpod-8gpu/session_out/train_ext.log,Clean 10000-step trapezoid; the step-8000 checkpoint joins the two logs.
"DDP (8xA100, NVLink)",9600,4.718592,3.2537,0.00072,311.3,79.5,measured,out/runpod-8gpu/session_out/train.log + out/runpod-8gpu/session_out/train_ext.log,Clean 10000-step trapezoid; the step-8000 checkpoint joins the two logs.
"DDP (8xA100, NVLink)",9610,4.7235072,3.362,0.000702,311.3,79.4,measured,out/runpod-8gpu/session_out/train.log + out/runpod-8gpu/session_out/train_ext.log,Clean 10000-step trapezoid; the step-8000 checkpoint joins the two logs.
"DDP (8xA100, NVLink)",9620,4.7284224,3.3378,0.000684,311.4,79.4,measured,out/runpod-8gpu/session_out/train.log + out/runpod-8gpu/session_out/train_ext.log,Clean 10000-step trapezoid; the step-8000 checkpoint joins the two logs.
"DDP (8xA100, NVLink)",9630,4.7333376,3.3216,0.000666,311.3,79.5,measured,out/runpod-8gpu/session_out/train.log + out/runpod-8gpu/session_out/train_ext.log,Clean 10000-step trapezoid; the step-8000 checkpoint joins the two logs.
"DDP (8xA100, NVLink)",9640,4.7382528,3.2492,0.000648,311.4,79.4,measured,out/runpod-8gpu/session_out/train.log + out/runpod-8gpu/session_out/train_ext.log,Clean 10000-step trapezoid; the step-8000 checkpoint joins the two logs.
"DDP (8xA100, NVLink)",9650,4.743168,3.4273,0.00063,311.7,79.3,measured,out/runpod-8gpu/session_out/train.log + out/runpod-8gpu/session_out/train_ext.log,Clean 10000-step trapezoid; the step-8000 checkpoint joins the two logs.
"DDP (8xA100, NVLink)",9660,4.7480832,3.24,0.000612,311.7,79.3,measured,out/runpod-8gpu/session_out/train.log + out/runpod-8gpu/session_out/train_ext.log,Clean 10000-step trapezoid; the step-8000 checkpoint joins the two logs.
"DDP (8xA100, NVLink)",9670,4.7529984,3.3034,0.000594,311.3,79.5,measured,out/runpod-8gpu/session_out/train.log + out/runpod-8gpu/session_out/train_ext.log,Clean 10000-step trapezoid; the step-8000 checkpoint joins the two logs.
"DDP (8xA100, NVLink)",9680,4.7579136,3.3205,0.000576,311.6,79.4,measured,out/runpod-8gpu/session_out/train.log + out/runpod-8gpu/session_out/train_ext.log,Clean 10000-step trapezoid; the step-8000 checkpoint joins the two logs.
"DDP (8xA100, NVLink)",9690,4.7628288,3.3364,0.000558,311.5,79.4,measured,out/runpod-8gpu/session_out/train.log + out/runpod-8gpu/session_out/train_ext.log,Clean 10000-step trapezoid; the step-8000 checkpoint joins the two logs.
"DDP (8xA100, NVLink)",9700,4.767744,3.3983,0.00054,311.4,79.4,measured,out/runpod-8gpu/session_out/train.log + out/runpod-8gpu/session_out/train_ext.log,Clean 10000-step trapezoid; the step-8000 checkpoint joins the two logs.
"DDP (8xA100, NVLink)",9710,4.7726592,3.2227,0.000522,311.9,79.3,measured,out/runpod-8gpu/session_out/train.log + out/runpod-8gpu/session_out/train_ext.log,Clean 10000-step trapezoid; the step-8000 checkpoint joins the two logs.
"DDP (8xA100, NVLink)",9720,4.7775744,3.3535,0.000504,311.6,79.4,measured,out/runpod-8gpu/session_out/train.log + out/runpod-8gpu/session_out/train_ext.log,Clean 10000-step trapezoid; the step-8000 checkpoint joins the two logs.
"DDP (8xA100, NVLink)",9730,4.7824896,3.2609,0.000486,311.7,79.4,measured,out/runpod-8gpu/session_out/train.log + out/runpod-8gpu/session_out/train_ext.log,Clean 10000-step trapezoid; the step-8000 checkpoint joins the two logs.
"DDP (8xA100, NVLink)",9740,4.7874048,3.3244,0.000468,311.6,79.4,measured,out/runpod-8gpu/session_out/train.log + out/runpod-8gpu/session_out/train_ext.log,Clean 10000-step trapezoid; the step-8000 checkpoint joins the two logs.
"DDP (8xA100, NVLink)",9750,4.79232,3.3469,0.00045,309.4,79.9,measured,out/runpod-8gpu/session_out/train.log + out/runpod-8gpu/session_out/train_ext.log,Clean 10000-step trapezoid; the step-8000 checkpoint joins the two logs.
"DDP (8xA100, NVLink)",9760,4.7972352,3.1982,0.000432,310.8,79.6,measured,out/runpod-8gpu/session_out/train.log + out/runpod-8gpu/session_out/train_ext.log,Clean 10000-step trapezoid; the step-8000 checkpoint joins the two logs.
"DDP (8xA100, NVLink)",9770,4.8021504,3.2896,0.000414,311.4,79.4,measured,out/runpod-8gpu/session_out/train.log + out/runpod-8gpu/session_out/train_ext.log,Clean 10000-step trapezoid; the step-8000 checkpoint joins the two logs.
"DDP (8xA100, NVLink)",9780,4.8070656,3.1606,0.000396,310.6,79.6,measured,out/runpod-8gpu/session_out/train.log + out/runpod-8gpu/session_out/train_ext.log,Clean 10000-step trapezoid; the step-8000 checkpoint joins the two logs.
"DDP (8xA100, NVLink)",9790,4.8119808,3.2807,0.000378,310.8,79.6,measured,out/runpod-8gpu/session_out/train.log + out/runpod-8gpu/session_out/train_ext.log,Clean 10000-step trapezoid; the step-8000 checkpoint joins the two logs.
"DDP (8xA100, NVLink)",9800,4.816896,3.2774,0.00036,310.7,79.6,measured,out/runpod-8gpu/session_out/train.log + out/runpod-8gpu/session_out/train_ext.log,Clean 10000-step trapezoid; the step-8000 checkpoint joins the two logs.
"DDP (8xA100, NVLink)",9810,4.8218112,3.3127,0.000342,311.0,79.5,measured,out/runpod-8gpu/session_out/train.log + out/runpod-8gpu/session_out/train_ext.log,Clean 10000-step trapezoid; the step-8000 checkpoint joins the two logs.
"DDP (8xA100, NVLink)",9820,4.8267264,3.2907,0.000324,311.1,79.5,measured,out/runpod-8gpu/session_out/train.log + out/runpod-8gpu/session_out/train_ext.log,Clean 10000-step trapezoid; the step-8000 checkpoint joins the two logs.
"DDP (8xA100, NVLink)",9830,4.8316416,3.3543,0.000306,311.3,79.5,measured,out/runpod-8gpu/session_out/train.log + out/runpod-8gpu/session_out/train_ext.log,Clean 10000-step trapezoid; the step-8000 checkpoint joins the two logs.
"DDP (8xA100, NVLink)",9840,4.8365568,3.1174,0.000288,310.8,79.6,measured,out/runpod-8gpu/session_out/train.log + out/runpod-8gpu/session_out/train_ext.log,Clean 10000-step trapezoid; the step-8000 checkpoint joins the two logs.
"DDP (8xA100, NVLink)",9850,4.841472,3.3428,0.00027,311.5,79.4,measured,out/runpod-8gpu/session_out/train.log + out/runpod-8gpu/session_out/train_ext.log,Clean 10000-step trapezoid; the step-8000 checkpoint joins the two logs.
"DDP (8xA100, NVLink)",9860,4.8463872,3.4063,0.000252,311.0,79.5,measured,out/runpod-8gpu/session_out/train.log + out/runpod-8gpu/session_out/train_ext.log,Clean 10000-step trapezoid; the step-8000 checkpoint joins the two logs.
"DDP (8xA100, NVLink)",9870,4.8513024,3.275,0.000234,311.0,79.5,measured,out/runpod-8gpu/session_out/train.log + out/runpod-8gpu/session_out/train_ext.log,Clean 10000-step trapezoid; the step-8000 checkpoint joins the two logs.
"DDP (8xA100, NVLink)",9880,4.8562176,3.307,0.000216,311.5,79.4,measured,out/runpod-8gpu/session_out/train.log + out/runpod-8gpu/session_out/train_ext.log,Clean 10000-step trapezoid; the step-8000 checkpoint joins the two logs.
"DDP (8xA100, NVLink)",9890,4.8611328,3.3352,0.000198,311.4,79.4,measured,out/runpod-8gpu/session_out/train.log + out/runpod-8gpu/session_out/train_ext.log,Clean 10000-step trapezoid; the step-8000 checkpoint joins the two logs.
"DDP (8xA100, NVLink)",9900,4.866048,3.483,0.00018,311.3,79.4,measured,out/runpod-8gpu/session_out/train.log + out/runpod-8gpu/session_out/train_ext.log,Clean 10000-step trapezoid; the step-8000 checkpoint joins the two logs.
"DDP (8xA100, NVLink)",9910,4.8709632,3.3628,0.000162,311.6,79.4,measured,out/runpod-8gpu/session_out/train.log + out/runpod-8gpu/session_out/train_ext.log,Clean 10000-step trapezoid; the step-8000 checkpoint joins the two logs.
"DDP (8xA100, NVLink)",9920,4.8758784,3.2193,0.000144,311.5,79.4,measured,out/runpod-8gpu/session_out/train.log + out/runpod-8gpu/session_out/train_ext.log,Clean 10000-step trapezoid; the step-8000 checkpoint joins the two logs.
"DDP (8xA100, NVLink)",9930,4.8807936,3.1974,0.000126,311.5,79.4,measured,out/runpod-8gpu/session_out/train.log + out/runpod-8gpu/session_out/train_ext.log,Clean 10000-step trapezoid; the step-8000 checkpoint joins the two logs.
"DDP (8xA100, NVLink)",9940,4.8857088,3.2426,0.000108,311.2,79.5,measured,out/runpod-8gpu/session_out/train.log + out/runpod-8gpu/session_out/train_ext.log,Clean 10000-step trapezoid; the step-8000 checkpoint joins the two logs.
"DDP (8xA100, NVLink)",9950,4.890624,3.3309,9e-05,311.6,79.4,measured,out/runpod-8gpu/session_out/train.log + out/runpod-8gpu/session_out/train_ext.log,Clean 10000-step trapezoid; the step-8000 checkpoint joins the two logs.
"DDP (8xA100, NVLink)",9960,4.8955392,3.5889,7.2e-05,311.4,79.4,measured,out/runpod-8gpu/session_out/train.log + out/runpod-8gpu/session_out/train_ext.log,Clean 10000-step trapezoid; the step-8000 checkpoint joins the two logs.
"DDP (8xA100, NVLink)",9970,4.9004544,3.2489,5.4e-05,311.7,79.3,measured,out/runpod-8gpu/session_out/train.log + out/runpod-8gpu/session_out/train_ext.log,Clean 10000-step trapezoid; the step-8000 checkpoint joins the two logs.
"DDP (8xA100, NVLink)",9980,4.9053696,3.2384,3.6e-05,311.5,79.4,measured,out/runpod-8gpu/session_out/train.log + out/runpod-8gpu/session_out/train_ext.log,Clean 10000-step trapezoid; the step-8000 checkpoint joins the two logs.
"DDP (8xA100, NVLink)",9990,4.9102848,3.2322,1.8e-05,311.6,79.4,measured,out/runpod-8gpu/session_out/train.log + out/runpod-8gpu/session_out/train_ext.log,Clean 10000-step trapezoid; the step-8000 checkpoint joins the two logs.
"DDP (8xA100, NVLink)",9999,4.91470848,3.1598,1.8e-06,311.3,79.5,measured,out/runpod-8gpu/session_out/train.log + out/runpod-8gpu/session_out/train_ext.log,Clean 10000-step trapezoid; the step-8000 checkpoint joins the two logs.
"DiLoCo (8xA100, NVLink)",0,0.0,10.8258,7.2e-06,10317.6,2.4,measured,out/prime-diloco/session_out/train.log,"K=8, H=500, outer_lr=0.7, outer_momentum=0.5; rank-0 local loss."
"DiLoCo (8xA100, NVLink)",10,0.0049152,10.4974,7.92e-05,306.4,80.7,measured,out/prime-diloco/session_out/train.log,"K=8, H=500, outer_lr=0.7, outer_momentum=0.5; rank-0 local loss."
"DiLoCo (8xA100, NVLink)",20,0.0098304,9.581,0.000151,307.7,80.4,measured,out/prime-diloco/session_out/train.log,"K=8, H=500, outer_lr=0.7, outer_momentum=0.5; rank-0 local loss."
"DiLoCo (8xA100, NVLink)",30,0.0147456,8.6048,0.000223,310.0,79.8,measured,out/prime-diloco/session_out/train.log,"K=8, H=500, outer_lr=0.7, outer_momentum=0.5; rank-0 local loss."
"DiLoCo (8xA100, NVLink)",40,0.0196608,7.8621,0.000295,309.9,79.8,measured,out/prime-diloco/session_out/train.log,"K=8, H=500, outer_lr=0.7, outer_momentum=0.5; rank-0 local loss."
"DiLoCo (8xA100, NVLink)",50,0.024576,7.7098,0.000367,310.9,79.6,measured,out/prime-diloco/session_out/train.log,"K=8, H=500, outer_lr=0.7, outer_momentum=0.5; rank-0 local loss."
"DiLoCo (8xA100, NVLink)",60,0.0294912,7.4833,0.000439,312.1,79.3,measured,out/prime-diloco/session_out/train.log,"K=8, H=500, outer_lr=0.7, outer_momentum=0.5; rank-0 local loss."
"DiLoCo (8xA100, NVLink)",70,0.0344064,7.1658,0.000511,311.8,79.3,measured,out/prime-diloco/session_out/train.log,"K=8, H=500, outer_lr=0.7, outer_momentum=0.5; rank-0 local loss."
"DiLoCo (8xA100, NVLink)",80,0.0393216,7.043,0.000583,314.9,78.6,measured,out/prime-diloco/session_out/train.log,"K=8, H=500, outer_lr=0.7, outer_momentum=0.5; rank-0 local loss."
"DiLoCo (8xA100, NVLink)",90,0.0442368,6.9462,0.000655,312.9,79.1,measured,out/prime-diloco/session_out/train.log,"K=8, H=500, outer_lr=0.7, outer_momentum=0.5; rank-0 local loss."
"DiLoCo (8xA100, NVLink)",100,0.049152,6.6619,0.000727,313.4,78.9,measured,out/prime-diloco/session_out/train.log,"K=8, H=500, outer_lr=0.7, outer_momentum=0.5; rank-0 local loss."
"DiLoCo (8xA100, NVLink)",110,0.0540672,6.541,0.000799,314.0,78.8,measured,out/prime-diloco/session_out/train.log,"K=8, H=500, outer_lr=0.7, outer_momentum=0.5; rank-0 local loss."
"DiLoCo (8xA100, NVLink)",120,0.0589824,6.3715,0.000871,319.2,77.5,measured,out/prime-diloco/session_out/train.log,"K=8, H=500, outer_lr=0.7, outer_momentum=0.5; rank-0 local loss."
"DiLoCo (8xA100, NVLink)",130,0.0638976,6.4381,0.000943,313.1,79.0,measured,out/prime-diloco/session_out/train.log,"K=8, H=500, outer_lr=0.7, outer_momentum=0.5; rank-0 local loss."
"DiLoCo (8xA100, NVLink)",140,0.0688128,6.4295,0.00102,324.8,76.2,measured,out/prime-diloco/session_out/train.log,"K=8, H=500, outer_lr=0.7, outer_momentum=0.5; rank-0 local loss."
"DiLoCo (8xA100, NVLink)",150,0.073728,6.5676,0.00109,313.7,78.9,measured,out/prime-diloco/session_out/train.log,"K=8, H=500, outer_lr=0.7, outer_momentum=0.5; rank-0 local loss."
"DiLoCo (8xA100, NVLink)",160,0.0786432,6.4212,0.00116,321.1,77.0,measured,out/prime-diloco/session_out/train.log,"K=8, H=500, outer_lr=0.7, outer_momentum=0.5; rank-0 local loss."
"DiLoCo (8xA100, NVLink)",170,0.0835584,6.538,0.00123,315.1,78.5,measured,out/prime-diloco/session_out/train.log,"K=8, H=500, outer_lr=0.7, outer_momentum=0.5; rank-0 local loss."
"DiLoCo (8xA100, NVLink)",180,0.0884736,6.2828,0.0013,317.9,77.8,measured,out/prime-diloco/session_out/train.log,"K=8, H=500, outer_lr=0.7, outer_momentum=0.5; rank-0 local loss."
"DiLoCo (8xA100, NVLink)",190,0.0933888,6.2233,0.00138,315.7,78.4,measured,out/prime-diloco/session_out/train.log,"K=8, H=500, outer_lr=0.7, outer_momentum=0.5; rank-0 local loss."
"DiLoCo (8xA100, NVLink)",200,0.098304,6.2894,0.00145,314.8,78.6,measured,out/prime-diloco/session_out/train.log,"K=8, H=500, outer_lr=0.7, outer_momentum=0.5; rank-0 local loss."
"DiLoCo (8xA100, NVLink)",210,0.1032192,6.1099,0.00152,313.1,79.0,measured,out/prime-diloco/session_out/train.log,"K=8, H=500, outer_lr=0.7, outer_momentum=0.5; rank-0 local loss."
"DiLoCo (8xA100, NVLink)",220,0.1081344,6.2198,0.00159,314.4,78.7,measured,out/prime-diloco/session_out/train.log,"K=8, H=500, outer_lr=0.7, outer_momentum=0.5; rank-0 local loss."
"DiLoCo (8xA100, NVLink)",230,0.1130496,6.4761,0.00166,314.8,78.6,measured,out/prime-diloco/session_out/train.log,"K=8, H=500, outer_lr=0.7, outer_momentum=0.5; rank-0 local loss."
"DiLoCo (8xA100, NVLink)",240,0.1179648,6.0805,0.00174,317.0,78.0,measured,out/prime-diloco/session_out/train.log,"K=8, H=500, outer_lr=0.7, outer_momentum=0.5; rank-0 local loss."
"DiLoCo (8xA100, NVLink)",250,0.12288,6.0747,0.0018,320.4,77.2,measured,out/prime-diloco/session_out/train.log,"K=8, H=500, outer_lr=0.7, outer_momentum=0.5; rank-0 local loss."
"DiLoCo (8xA100, NVLink)",260,0.1277952,5.8723,0.0018,312.1,79.3,measured,out/prime-diloco/session_out/train.log,"K=8, H=500, outer_lr=0.7, outer_momentum=0.5; rank-0 local loss."
"DiLoCo (8xA100, NVLink)",270,0.1327104,5.9531,0.0018,314.9,78.5,measured,out/prime-diloco/session_out/train.log,"K=8, H=500, outer_lr=0.7, outer_momentum=0.5; rank-0 local loss."
"DiLoCo (8xA100, NVLink)",280,0.1376256,6.0056,0.0018,315.0,78.5,measured,out/prime-diloco/session_out/train.log,"K=8, H=500, outer_lr=0.7, outer_momentum=0.5; rank-0 local loss."
"DiLoCo (8xA100, NVLink)",290,0.1425408,5.9667,0.0018,314.1,78.8,measured,out/prime-diloco/session_out/train.log,"K=8, H=500, outer_lr=0.7, outer_momentum=0.5; rank-0 local loss."
"DiLoCo (8xA100, NVLink)",300,0.147456,5.8423,0.0018,316.9,78.0,measured,out/prime-diloco/session_out/train.log,"K=8, H=500, outer_lr=0.7, outer_momentum=0.5; rank-0 local loss."
"DiLoCo (8xA100, NVLink)",310,0.1523712,5.8969,0.0018,321.9,76.8,measured,out/prime-diloco/session_out/train.log,"K=8, H=500, outer_lr=0.7, outer_momentum=0.5; rank-0 local loss."
"DiLoCo (8xA100, NVLink)",320,0.1572864,5.8356,0.0018,313.2,79.0,measured,out/prime-diloco/session_out/train.log,"K=8, H=500, outer_lr=0.7, outer_momentum=0.5; rank-0 local loss."
"DiLoCo (8xA100, NVLink)",330,0.1622016,5.7496,0.0018,312.1,79.3,measured,out/prime-diloco/session_out/train.log,"K=8, H=500, outer_lr=0.7, outer_momentum=0.5; rank-0 local loss."
"DiLoCo (8xA100, NVLink)",340,0.1671168,5.5987,0.0018,325.2,76.1,measured,out/prime-diloco/session_out/train.log,"K=8, H=500, outer_lr=0.7, outer_momentum=0.5; rank-0 local loss."
"DiLoCo (8xA100, NVLink)",350,0.172032,5.4825,0.0018,313.1,79.0,measured,out/prime-diloco/session_out/train.log,"K=8, H=500, outer_lr=0.7, outer_momentum=0.5; rank-0 local loss."
"DiLoCo (8xA100, NVLink)",360,0.1769472,5.8527,0.0018,314.5,78.6,measured,out/prime-diloco/session_out/train.log,"K=8, H=500, outer_lr=0.7, outer_momentum=0.5; rank-0 local loss."
"DiLoCo (8xA100, NVLink)",370,0.1818624,5.6924,0.0018,313.9,78.8,measured,out/prime-diloco/session_out/train.log,"K=8, H=500, outer_lr=0.7, outer_momentum=0.5; rank-0 local loss."
"DiLoCo (8xA100, NVLink)",380,0.1867776,5.6155,0.0018,314.4,78.7,measured,out/prime-diloco/session_out/train.log,"K=8, H=500, outer_lr=0.7, outer_momentum=0.5; rank-0 local loss."
"DiLoCo (8xA100, NVLink)",390,0.1916928,5.9324,0.0018,314.6,78.6,measured,out/prime-diloco/session_out/train.log,"K=8, H=500, outer_lr=0.7, outer_momentum=0.5; rank-0 local loss."
"DiLoCo (8xA100, NVLink)",400,0.196608,5.4453,0.0018,313.7,78.9,measured,out/prime-diloco/session_out/train.log,"K=8, H=500, outer_lr=0.7, outer_momentum=0.5; rank-0 local loss."
"DiLoCo (8xA100, NVLink)",410,0.2015232,5.645,0.0018,312.5,79.2,measured,out/prime-diloco/session_out/train.log,"K=8, H=500, outer_lr=0.7, outer_momentum=0.5; rank-0 local loss."
"DiLoCo (8xA100, NVLink)",420,0.2064384,5.679,0.0018,313.1,79.0,measured,out/prime-diloco/session_out/train.log,"K=8, H=500, outer_lr=0.7, outer_momentum=0.5; rank-0 local loss."
"DiLoCo (8xA100, NVLink)",430,0.2113536,5.627,0.0018,313.4,78.9,measured,out/prime-diloco/session_out/train.log,"K=8, H=500, outer_lr=0.7, outer_momentum=0.5; rank-0 local loss."
"DiLoCo (8xA100, NVLink)",440,0.2162688,5.7218,0.0018,314.2,78.7,measured,out/prime-diloco/session_out/train.log,"K=8, H=500, outer_lr=0.7, outer_momentum=0.5; rank-0 local loss."
"DiLoCo (8xA100, NVLink)",450,0.221184,5.4822,0.0018,313.2,79.0,measured,out/prime-diloco/session_out/train.log,"K=8, H=500, outer_lr=0.7, outer_momentum=0.5; rank-0 local loss."
"DiLoCo (8xA100, NVLink)",460,0.2260992,5.3253,0.0018,316.0,78.3,measured,out/prime-diloco/session_out/train.log,"K=8, H=500, outer_lr=0.7, outer_momentum=0.5; rank-0 local loss."
"DiLoCo (8xA100, NVLink)",470,0.2310144,5.5748,0.0018,317.9,77.8,measured,out/prime-diloco/session_out/train.log,"K=8, H=500, outer_lr=0.7, outer_momentum=0.5; rank-0 local loss."
"DiLoCo (8xA100, NVLink)",480,0.2359296,5.3663,0.0018,313.4,78.9,measured,out/prime-diloco/session_out/train.log,"K=8, H=500, outer_lr=0.7, outer_momentum=0.5; rank-0 local loss."
"DiLoCo (8xA100, NVLink)",490,0.2408448,5.4336,0.0018,312.9,79.1,measured,out/prime-diloco/session_out/train.log,"K=8, H=500, outer_lr=0.7, outer_momentum=0.5; rank-0 local loss."
"DiLoCo (8xA100, NVLink)",500,0.24576,5.5085,0.0018,423.4,58.4,measured,out/prime-diloco/session_out/train.log,"K=8, H=500, outer_lr=0.7, outer_momentum=0.5; rank-0 local loss."
"DiLoCo (8xA100, NVLink)",510,0.2506752,5.9903,0.0018,313.1,79.0,measured,out/prime-diloco/session_out/train.log,"K=8, H=500, outer_lr=0.7, outer_momentum=0.5; rank-0 local loss."
"DiLoCo (8xA100, NVLink)",520,0.2555904,5.6758,0.0018,317.0,78.0,measured,out/prime-diloco/session_out/train.log,"K=8, H=500, outer_lr=0.7, outer_momentum=0.5; rank-0 local loss."
"DiLoCo (8xA100, NVLink)",530,0.2605056,5.7829,0.0018,313.9,78.8,measured,out/prime-diloco/session_out/train.log,"K=8, H=500, outer_lr=0.7, outer_momentum=0.5; rank-0 local loss."
"DiLoCo (8xA100, NVLink)",540,0.2654208,5.5252,0.0018,313.2,79.0,measured,out/prime-diloco/session_out/train.log,"K=8, H=500, outer_lr=0.7, outer_momentum=0.5; rank-0 local loss."
"DiLoCo (8xA100, NVLink)",550,0.270336,5.4393,0.0018,313.1,79.0,measured,out/prime-diloco/session_out/train.log,"K=8, H=500, outer_lr=0.7, outer_momentum=0.5; rank-0 local loss."
"DiLoCo (8xA100, NVLink)",560,0.2752512,5.5944,0.0018,313.1,79.0,measured,out/prime-diloco/session_out/train.log,"K=8, H=500, outer_lr=0.7, outer_momentum=0.5; rank-0 local loss."
"DiLoCo (8xA100, NVLink)",570,0.2801664,5.57,0.0018,313.2,79.0,measured,out/prime-diloco/session_out/train.log,"K=8, H=500, outer_lr=0.7, outer_momentum=0.5; rank-0 local loss."
"DiLoCo (8xA100, NVLink)",580,0.2850816,5.5933,0.0018,313.8,78.8,measured,out/prime-diloco/session_out/train.log,"K=8, H=500, outer_lr=0.7, outer_momentum=0.5; rank-0 local loss."
"DiLoCo (8xA100, NVLink)",590,0.2899968,6.0525,0.0018,313.9,78.8,measured,out/prime-diloco/session_out/train.log,"K=8, H=500, outer_lr=0.7, outer_momentum=0.5; rank-0 local loss."
"DiLoCo (8xA100, NVLink)",600,0.294912,5.316,0.0018,319.0,77.5,measured,out/prime-diloco/session_out/train.log,"K=8, H=500, outer_lr=0.7, outer_momentum=0.5; rank-0 local loss."
"DiLoCo (8xA100, NVLink)",610,0.2998272,5.3964,0.0018,316.6,78.1,measured,out/prime-diloco/session_out/train.log,"K=8, H=500, outer_lr=0.7, outer_momentum=0.5; rank-0 local loss."
"DiLoCo (8xA100, NVLink)",620,0.3047424,5.3517,0.0018,314.0,78.8,measured,out/prime-diloco/session_out/train.log,"K=8, H=500, outer_lr=0.7, outer_momentum=0.5; rank-0 local loss."
"DiLoCo (8xA100, NVLink)",630,0.3096576,5.2659,0.0018,318.0,77.8,measured,out/prime-diloco/session_out/train.log,"K=8, H=500, outer_lr=0.7, outer_momentum=0.5; rank-0 local loss."
"DiLoCo (8xA100, NVLink)",640,0.3145728,5.3178,0.0018,312.7,79.1,measured,out/prime-diloco/session_out/train.log,"K=8, H=500, outer_lr=0.7, outer_momentum=0.5; rank-0 local loss."
"DiLoCo (8xA100, NVLink)",650,0.319488,5.2455,0.0018,313.2,79.0,measured,out/prime-diloco/session_out/train.log,"K=8, H=500, outer_lr=0.7, outer_momentum=0.5; rank-0 local loss."
"DiLoCo (8xA100, NVLink)",660,0.3244032,5.115,0.0018,312.8,79.1,measured,out/prime-diloco/session_out/train.log,"K=8, H=500, outer_lr=0.7, outer_momentum=0.5; rank-0 local loss."
"DiLoCo (8xA100, NVLink)",670,0.3293184,5.2329,0.0018,321.2,77.0,measured,out/prime-diloco/session_out/train.log,"K=8, H=500, outer_lr=0.7, outer_momentum=0.5; rank-0 local loss."
"DiLoCo (8xA100, NVLink)",680,0.3342336,5.1512,0.0018,321.4,76.9,measured,out/prime-diloco/session_out/train.log,"K=8, H=500, outer_lr=0.7, outer_momentum=0.5; rank-0 local loss."
"DiLoCo (8xA100, NVLink)",690,0.3391488,5.134,0.0018,316.8,78.1,measured,out/prime-diloco/session_out/train.log,"K=8, H=500, outer_lr=0.7, outer_momentum=0.5; rank-0 local loss."
"DiLoCo (8xA100, NVLink)",700,0.344064,5.1815,0.0018,314.5,78.7,measured,out/prime-diloco/session_out/train.log,"K=8, H=500, outer_lr=0.7, outer_momentum=0.5; rank-0 local loss."
"DiLoCo (8xA100, NVLink)",710,0.3489792,5.2575,0.0018,313.0,79.0,measured,out/prime-diloco/session_out/train.log,"K=8, H=500, outer_lr=0.7, outer_momentum=0.5; rank-0 local loss."
"DiLoCo (8xA100, NVLink)",720,0.3538944,5.1917,0.0018,313.6,78.9,measured,out/prime-diloco/session_out/train.log,"K=8, H=500, outer_lr=0.7, outer_momentum=0.5; rank-0 local loss."
"DiLoCo (8xA100, NVLink)",730,0.3588096,5.3347,0.0018,316.0,78.3,measured,out/prime-diloco/session_out/train.log,"K=8, H=500, outer_lr=0.7, outer_momentum=0.5; rank-0 local loss."
"DiLoCo (8xA100, NVLink)",740,0.3637248,5.1612,0.0018,318.0,77.8,measured,out/prime-diloco/session_out/train.log,"K=8, H=500, outer_lr=0.7, outer_momentum=0.5; rank-0 local loss."
"DiLoCo (8xA100, NVLink)",750,0.36864,5.0657,0.0018,314.1,78.8,measured,out/prime-diloco/session_out/train.log,"K=8, H=500, outer_lr=0.7, outer_momentum=0.5; rank-0 local loss."
"DiLoCo (8xA100, NVLink)",760,0.3735552,5.1951,0.0018,315.0,78.5,measured,out/prime-diloco/session_out/train.log,"K=8, H=500, outer_lr=0.7, outer_momentum=0.5; rank-0 local loss."
"DiLoCo (8xA100, NVLink)",770,0.3784704,5.0298,0.0018,312.0,79.3,measured,out/prime-diloco/session_out/train.log,"K=8, H=500, outer_lr=0.7, outer_momentum=0.5; rank-0 local loss."
"DiLoCo (8xA100, NVLink)",780,0.3833856,5.1612,0.0018,323.0,76.6,measured,out/prime-diloco/session_out/train.log,"K=8, H=500, outer_lr=0.7, outer_momentum=0.5; rank-0 local loss."
"DiLoCo (8xA100, NVLink)",790,0.3883008,5.1614,0.0018,312.8,79.1,measured,out/prime-diloco/session_out/train.log,"K=8, H=500, outer_lr=0.7, outer_momentum=0.5; rank-0 local loss."
"DiLoCo (8xA100, NVLink)",800,0.393216,5.1434,0.0018,313.6,78.9,measured,out/prime-diloco/session_out/train.log,"K=8, H=500, outer_lr=0.7, outer_momentum=0.5; rank-0 local loss."
"DiLoCo (8xA100, NVLink)",810,0.3981312,5.1649,0.0018,312.9,79.1,measured,out/prime-diloco/session_out/train.log,"K=8, H=500, outer_lr=0.7, outer_momentum=0.5; rank-0 local loss."
"DiLoCo (8xA100, NVLink)",820,0.4030464,5.1364,0.0018,313.5,78.9,measured,out/prime-diloco/session_out/train.log,"K=8, H=500, outer_lr=0.7, outer_momentum=0.5; rank-0 local loss."
"DiLoCo (8xA100, NVLink)",830,0.4079616,5.1245,0.0018,313.3,79.0,measured,out/prime-diloco/session_out/train.log,"K=8, H=500, outer_lr=0.7, outer_momentum=0.5; rank-0 local loss."
"DiLoCo (8xA100, NVLink)",840,0.4128768,4.9924,0.0018,313.7,78.9,measured,out/prime-diloco/session_out/train.log,"K=8, H=500, outer_lr=0.7, outer_momentum=0.5; rank-0 local loss."
"DiLoCo (8xA100, NVLink)",850,0.417792,5.2147,0.0018,313.6,78.9,measured,out/prime-diloco/session_out/train.log,"K=8, H=500, outer_lr=0.7, outer_momentum=0.5; rank-0 local loss."
"DiLoCo (8xA100, NVLink)",860,0.4227072,4.9824,0.0018,313.9,78.8,measured,out/prime-diloco/session_out/train.log,"K=8, H=500, outer_lr=0.7, outer_momentum=0.5; rank-0 local loss."
"DiLoCo (8xA100, NVLink)",870,0.4276224,5.0924,0.0018,313.4,78.9,measured,out/prime-diloco/session_out/train.log,"K=8, H=500, outer_lr=0.7, outer_momentum=0.5; rank-0 local loss."
"DiLoCo (8xA100, NVLink)",880,0.4325376,5.0327,0.0018,313.5,78.9,measured,out/prime-diloco/session_out/train.log,"K=8, H=500, outer_lr=0.7, outer_momentum=0.5; rank-0 local loss."
"DiLoCo (8xA100, NVLink)",890,0.4374528,5.1595,0.0018,313.8,78.8,measured,out/prime-diloco/session_out/train.log,"K=8, H=500, outer_lr=0.7, outer_momentum=0.5; rank-0 local loss."
"DiLoCo (8xA100, NVLink)",900,0.442368,5.1085,0.0018,313.5,78.9,measured,out/prime-diloco/session_out/train.log,"K=8, H=500, outer_lr=0.7, outer_momentum=0.5; rank-0 local loss."
"DiLoCo (8xA100, NVLink)",910,0.4472832,4.9696,0.0018,313.4,78.9,measured,out/prime-diloco/session_out/train.log,"K=8, H=500, outer_lr=0.7, outer_momentum=0.5; rank-0 local loss."
"DiLoCo (8xA100, NVLink)",920,0.4521984,4.9089,0.0018,314.4,78.7,measured,out/prime-diloco/session_out/train.log,"K=8, H=500, outer_lr=0.7, outer_momentum=0.5; rank-0 local loss."
"DiLoCo (8xA100, NVLink)",930,0.4571136,4.8351,0.0018,314.1,78.8,measured,out/prime-diloco/session_out/train.log,"K=8, H=500, outer_lr=0.7, outer_momentum=0.5; rank-0 local loss."
"DiLoCo (8xA100, NVLink)",940,0.4620288,4.8075,0.0018,313.6,78.9,measured,out/prime-diloco/session_out/train.log,"K=8, H=500, outer_lr=0.7, outer_momentum=0.5; rank-0 local loss."
"DiLoCo (8xA100, NVLink)",950,0.466944,4.995,0.0018,313.8,78.8,measured,out/prime-diloco/session_out/train.log,"K=8, H=500, outer_lr=0.7, outer_momentum=0.5; rank-0 local loss."
"DiLoCo (8xA100, NVLink)",960,0.4718592,4.8998,0.0018,313.2,79.0,measured,out/prime-diloco/session_out/train.log,"K=8, H=500, outer_lr=0.7, outer_momentum=0.5; rank-0 local loss."
"DiLoCo (8xA100, NVLink)",970,0.4767744,4.928,0.0018,313.3,79.0,measured,out/prime-diloco/session_out/train.log,"K=8, H=500, outer_lr=0.7, outer_momentum=0.5; rank-0 local loss."
"DiLoCo (8xA100, NVLink)",980,0.4816896,4.7622,0.0018,320.2,77.3,measured,out/prime-diloco/session_out/train.log,"K=8, H=500, outer_lr=0.7, outer_momentum=0.5; rank-0 local loss."
"DiLoCo (8xA100, NVLink)",990,0.4866048,5.0622,0.0018,321.8,76.9,measured,out/prime-diloco/session_out/train.log,"K=8, H=500, outer_lr=0.7, outer_momentum=0.5; rank-0 local loss."
"DiLoCo (8xA100, NVLink)",1000,0.49152,4.9628,0.0018,787.4,31.4,measured,out/prime-diloco/session_out/train.log,"K=8, H=500, outer_lr=0.7, outer_momentum=0.5; rank-0 local loss."
"DiLoCo (8xA100, NVLink)",1010,0.4964352,4.9959,0.0018,312.8,79.1,measured,out/prime-diloco/session_out/train.log,"K=8, H=500, outer_lr=0.7, outer_momentum=0.5; rank-0 local loss."
"DiLoCo (8xA100, NVLink)",1020,0.5013504,4.9971,0.0018,313.8,78.8,measured,out/prime-diloco/session_out/train.log,"K=8, H=500, outer_lr=0.7, outer_momentum=0.5; rank-0 local loss."
"DiLoCo (8xA100, NVLink)",1030,0.5062656,4.7603,0.0018,313.5,78.9,measured,out/prime-diloco/session_out/train.log,"K=8, H=500, outer_lr=0.7, outer_momentum=0.5; rank-0 local loss."
"DiLoCo (8xA100, NVLink)",1040,0.5111808,4.8535,0.0018,313.5,78.9,measured,out/prime-diloco/session_out/train.log,"K=8, H=500, outer_lr=0.7, outer_momentum=0.5; rank-0 local loss."
"DiLoCo (8xA100, NVLink)",1050,0.516096,4.9177,0.0018,313.5,78.9,measured,out/prime-diloco/session_out/train.log,"K=8, H=500, outer_lr=0.7, outer_momentum=0.5; rank-0 local loss."
"DiLoCo (8xA100, NVLink)",1060,0.5210112,4.836,0.0018,313.6,78.9,measured,out/prime-diloco/session_out/train.log,"K=8, H=500, outer_lr=0.7, outer_momentum=0.5; rank-0 local loss."
"DiLoCo (8xA100, NVLink)",1070,0.5259264,4.9348,0.0018,314.0,78.8,measured,out/prime-diloco/session_out/train.log,"K=8, H=500, outer_lr=0.7, outer_momentum=0.5; rank-0 local loss."
"DiLoCo (8xA100, NVLink)",1080,0.5308416,4.9526,0.0018,314.2,78.7,measured,out/prime-diloco/session_out/train.log,"K=8, H=500, outer_lr=0.7, outer_momentum=0.5; rank-0 local loss."
"DiLoCo (8xA100, NVLink)",1090,0.5357568,5.2936,0.0018,313.5,78.9,measured,out/prime-diloco/session_out/train.log,"K=8, H=500, outer_lr=0.7, outer_momentum=0.5; rank-0 local loss."
"DiLoCo (8xA100, NVLink)",1100,0.540672,4.7037,0.0018,312.7,79.1,measured,out/prime-diloco/session_out/train.log,"K=8, H=500, outer_lr=0.7, outer_momentum=0.5; rank-0 local loss."
"DiLoCo (8xA100, NVLink)",1110,0.5455872,4.9396,0.0018,312.6,79.1,measured,out/prime-diloco/session_out/train.log,"K=8, H=500, outer_lr=0.7, outer_momentum=0.5; rank-0 local loss."
"DiLoCo (8xA100, NVLink)",1120,0.5505024,4.8401,0.0018,313.2,79.0,measured,out/prime-diloco/session_out/train.log,"K=8, H=500, outer_lr=0.7, outer_momentum=0.5; rank-0 local loss."
"DiLoCo (8xA100, NVLink)",1130,0.5554176,4.7971,0.0018,313.1,79.0,measured,out/prime-diloco/session_out/train.log,"K=8, H=500, outer_lr=0.7, outer_momentum=0.5; rank-0 local loss."
"DiLoCo (8xA100, NVLink)",1140,0.5603328,4.8228,0.0018,312.9,79.1,measured,out/prime-diloco/session_out/train.log,"K=8, H=500, outer_lr=0.7, outer_momentum=0.5; rank-0 local loss."
"DiLoCo (8xA100, NVLink)",1150,0.565248,4.754,0.0018,314.1,78.8,measured,out/prime-diloco/session_out/train.log,"K=8, H=500, outer_lr=0.7, outer_momentum=0.5; rank-0 local loss."
"DiLoCo (8xA100, NVLink)",1160,0.5701632,4.6869,0.0018,313.5,78.9,measured,out/prime-diloco/session_out/train.log,"K=8, H=500, outer_lr=0.7, outer_momentum=0.5; rank-0 local loss."
"DiLoCo (8xA100, NVLink)",1170,0.5750784,4.9923,0.0018,313.4,78.9,measured,out/prime-diloco/session_out/train.log,"K=8, H=500, outer_lr=0.7, outer_momentum=0.5; rank-0 local loss."
"DiLoCo (8xA100, NVLink)",1180,0.5799936,4.6885,0.0018,312.5,79.1,measured,out/prime-diloco/session_out/train.log,"K=8, H=500, outer_lr=0.7, outer_momentum=0.5; rank-0 local loss."
"DiLoCo (8xA100, NVLink)",1190,0.5849088,4.817,0.0018,312.3,79.2,measured,out/prime-diloco/session_out/train.log,"K=8, H=500, outer_lr=0.7, outer_momentum=0.5; rank-0 local loss."
"DiLoCo (8xA100, NVLink)",1200,0.589824,4.6834,0.0018,313.0,79.0,measured,out/prime-diloco/session_out/train.log,"K=8, H=500, outer_lr=0.7, outer_momentum=0.5; rank-0 local loss."
"DiLoCo (8xA100, NVLink)",1210,0.5947392,4.6571,0.0018,313.4,78.9,measured,out/prime-diloco/session_out/train.log,"K=8, H=500, outer_lr=0.7, outer_momentum=0.5; rank-0 local loss."
"DiLoCo (8xA100, NVLink)",1220,0.5996544,4.8313,0.0018,312.6,79.1,measured,out/prime-diloco/session_out/train.log,"K=8, H=500, outer_lr=0.7, outer_momentum=0.5; rank-0 local loss."
"DiLoCo (8xA100, NVLink)",1230,0.6045696,4.5802,0.0018,312.7,79.1,measured,out/prime-diloco/session_out/train.log,"K=8, H=500, outer_lr=0.7, outer_momentum=0.5; rank-0 local loss."
"DiLoCo (8xA100, NVLink)",1240,0.6094848,4.6461,0.0018,312.7,79.1,measured,out/prime-diloco/session_out/train.log,"K=8, H=500, outer_lr=0.7, outer_momentum=0.5; rank-0 local loss."
"DiLoCo (8xA100, NVLink)",1250,0.6144,4.6815,0.0018,313.5,78.9,measured,out/prime-diloco/session_out/train.log,"K=8, H=500, outer_lr=0.7, outer_momentum=0.5; rank-0 local loss."
"DiLoCo (8xA100, NVLink)",1260,0.6193152,4.7201,0.0018,312.1,79.3,measured,out/prime-diloco/session_out/train.log,"K=8, H=500, outer_lr=0.7, outer_momentum=0.5; rank-0 local loss."
"DiLoCo (8xA100, NVLink)",1270,0.6242304,4.6404,0.0018,312.9,79.1,measured,out/prime-diloco/session_out/train.log,"K=8, H=500, outer_lr=0.7, outer_momentum=0.5; rank-0 local loss."
"DiLoCo (8xA100, NVLink)",1280,0.6291456,4.7055,0.0018,312.4,79.2,measured,out/prime-diloco/session_out/train.log,"K=8, H=500, outer_lr=0.7, outer_momentum=0.5; rank-0 local loss."
"DiLoCo (8xA100, NVLink)",1290,0.6340608,4.6675,0.0018,312.5,79.2,measured,out/prime-diloco/session_out/train.log,"K=8, H=500, outer_lr=0.7, outer_momentum=0.5; rank-0 local loss."
"DiLoCo (8xA100, NVLink)",1300,0.638976,4.6704,0.0018,313.6,78.9,measured,out/prime-diloco/session_out/train.log,"K=8, H=500, outer_lr=0.7, outer_momentum=0.5; rank-0 local loss."
"DiLoCo (8xA100, NVLink)",1310,0.6438912,4.874,0.0018,311.7,79.3,measured,out/prime-diloco/session_out/train.log,"K=8, H=500, outer_lr=0.7, outer_momentum=0.5; rank-0 local loss."
"DiLoCo (8xA100, NVLink)",1320,0.6488064,4.9957,0.0018,313.5,78.9,measured,out/prime-diloco/session_out/train.log,"K=8, H=500, outer_lr=0.7, outer_momentum=0.5; rank-0 local loss."
"DiLoCo (8xA100, NVLink)",1330,0.6537216,4.7102,0.0018,312.9,79.1,measured,out/prime-diloco/session_out/train.log,"K=8, H=500, outer_lr=0.7, outer_momentum=0.5; rank-0 local loss."
"DiLoCo (8xA100, NVLink)",1340,0.6586368,4.6728,0.0018,312.3,79.2,measured,out/prime-diloco/session_out/train.log,"K=8, H=500, outer_lr=0.7, outer_momentum=0.5; rank-0 local loss."
"DiLoCo (8xA100, NVLink)",1350,0.663552,4.6341,0.0018,311.9,79.3,measured,out/prime-diloco/session_out/train.log,"K=8, H=500, outer_lr=0.7, outer_momentum=0.5; rank-0 local loss."
"DiLoCo (8xA100, NVLink)",1360,0.6684672,4.653,0.0018,313.0,79.0,measured,out/prime-diloco/session_out/train.log,"K=8, H=500, outer_lr=0.7, outer_momentum=0.5; rank-0 local loss."
"DiLoCo (8xA100, NVLink)",1370,0.6733824,4.6335,0.0018,313.2,79.0,measured,out/prime-diloco/session_out/train.log,"K=8, H=500, outer_lr=0.7, outer_momentum=0.5; rank-0 local loss."
"DiLoCo (8xA100, NVLink)",1380,0.6782976,4.636,0.0018,312.9,79.0,measured,out/prime-diloco/session_out/train.log,"K=8, H=500, outer_lr=0.7, outer_momentum=0.5; rank-0 local loss."
"DiLoCo (8xA100, NVLink)",1390,0.6832128,4.5232,0.0018,312.1,79.2,measured,out/prime-diloco/session_out/train.log,"K=8, H=500, outer_lr=0.7, outer_momentum=0.5; rank-0 local loss."
"DiLoCo (8xA100, NVLink)",1400,0.688128,4.5957,0.0018,312.7,79.1,measured,out/prime-diloco/session_out/train.log,"K=8, H=500, outer_lr=0.7, outer_momentum=0.5; rank-0 local loss."
"DiLoCo (8xA100, NVLink)",1410,0.6930432,4.6936,0.0018,312.2,79.2,measured,out/prime-diloco/session_out/train.log,"K=8, H=500, outer_lr=0.7, outer_momentum=0.5; rank-0 local loss."
"DiLoCo (8xA100, NVLink)",1420,0.6979584,4.5558,0.0018,314.4,78.7,measured,out/prime-diloco/session_out/train.log,"K=8, H=500, outer_lr=0.7, outer_momentum=0.5; rank-0 local loss."
"DiLoCo (8xA100, NVLink)",1430,0.7028736,4.6333,0.0018,313.3,78.9,measured,out/prime-diloco/session_out/train.log,"K=8, H=500, outer_lr=0.7, outer_momentum=0.5; rank-0 local loss."
"DiLoCo (8xA100, NVLink)",1440,0.7077888,4.6502,0.0018,313.8,78.8,measured,out/prime-diloco/session_out/train.log,"K=8, H=500, outer_lr=0.7, outer_momentum=0.5; rank-0 local loss."
"DiLoCo (8xA100, NVLink)",1450,0.712704,4.5543,0.0018,313.5,78.9,measured,out/prime-diloco/session_out/train.log,"K=8, H=500, outer_lr=0.7, outer_momentum=0.5; rank-0 local loss."
"DiLoCo (8xA100, NVLink)",1460,0.7176192,4.4297,0.0018,311.8,79.3,measured,out/prime-diloco/session_out/train.log,"K=8, H=500, outer_lr=0.7, outer_momentum=0.5; rank-0 local loss."
"DiLoCo (8xA100, NVLink)",1470,0.7225344,4.5472,0.0018,312.4,79.2,measured,out/prime-diloco/session_out/train.log,"K=8, H=500, outer_lr=0.7, outer_momentum=0.5; rank-0 local loss."
"DiLoCo (8xA100, NVLink)",1480,0.7274496,4.3792,0.0018,312.6,79.1,measured,out/prime-diloco/session_out/train.log,"K=8, H=500, outer_lr=0.7, outer_momentum=0.5; rank-0 local loss."
"DiLoCo (8xA100, NVLink)",1490,0.7323648,4.6386,0.0018,313.5,78.9,measured,out/prime-diloco/session_out/train.log,"K=8, H=500, outer_lr=0.7, outer_momentum=0.5; rank-0 local loss."
"DiLoCo (8xA100, NVLink)",1500,0.73728,4.7386,0.0018,792.8,31.2,measured,out/prime-diloco/session_out/train.log,"K=8, H=500, outer_lr=0.7, outer_momentum=0.5; rank-0 local loss."
"DiLoCo (8xA100, NVLink)",1510,0.7421952,4.4395,0.0018,314.4,78.7,measured,out/prime-diloco/session_out/train.log,"K=8, H=500, outer_lr=0.7, outer_momentum=0.5; rank-0 local loss."
"DiLoCo (8xA100, NVLink)",1520,0.7471104,4.3847,0.0018,312.8,79.1,measured,out/prime-diloco/session_out/train.log,"K=8, H=500, outer_lr=0.7, outer_momentum=0.5; rank-0 local loss."
"DiLoCo (8xA100, NVLink)",1530,0.7520256,4.422,0.0018,313.5,78.9,measured,out/prime-diloco/session_out/train.log,"K=8, H=500, outer_lr=0.7, outer_momentum=0.5; rank-0 local loss."
"DiLoCo (8xA100, NVLink)",1540,0.7569408,4.483,0.0018,313.2,79.0,measured,out/prime-diloco/session_out/train.log,"K=8, H=500, outer_lr=0.7, outer_momentum=0.5; rank-0 local loss."
"DiLoCo (8xA100, NVLink)",1550,0.761856,4.6479,0.0018,312.4,79.2,measured,out/prime-diloco/session_out/train.log,"K=8, H=500, outer_lr=0.7, outer_momentum=0.5; rank-0 local loss."
"DiLoCo (8xA100, NVLink)",1560,0.7667712,4.458,0.0018,313.2,79.0,measured,out/prime-diloco/session_out/train.log,"K=8, H=500, outer_lr=0.7, outer_momentum=0.5; rank-0 local loss."
"DiLoCo (8xA100, NVLink)",1570,0.7716864,4.4996,0.0018,313.9,78.8,measured,out/prime-diloco/session_out/train.log,"K=8, H=500, outer_lr=0.7, outer_momentum=0.5; rank-0 local loss."
"DiLoCo (8xA100, NVLink)",1580,0.7766016,4.2713,0.0018,313.7,78.8,measured,out/prime-diloco/session_out/train.log,"K=8, H=500, outer_lr=0.7, outer_momentum=0.5; rank-0 local loss."
"DiLoCo (8xA100, NVLink)",1590,0.7815168,4.5031,0.0018,313.7,78.9,measured,out/prime-diloco/session_out/train.log,"K=8, H=500, outer_lr=0.7, outer_momentum=0.5; rank-0 local loss."
"DiLoCo (8xA100, NVLink)",1600,0.786432,4.4861,0.0018,313.8,78.8,measured,out/prime-diloco/session_out/train.log,"K=8, H=500, outer_lr=0.7, outer_momentum=0.5; rank-0 local loss."
"DiLoCo (8xA100, NVLink)",1610,0.7913472,4.415,0.0018,312.9,79.1,measured,out/prime-diloco/session_out/train.log,"K=8, H=500, outer_lr=0.7, outer_momentum=0.5; rank-0 local loss."
"DiLoCo (8xA100, NVLink)",1620,0.7962624,4.4385,0.0018,313.1,79.0,measured,out/prime-diloco/session_out/train.log,"K=8, H=500, outer_lr=0.7, outer_momentum=0.5; rank-0 local loss."
"DiLoCo (8xA100, NVLink)",1630,0.8011776,4.4654,0.0018,314.3,78.7,measured,out/prime-diloco/session_out/train.log,"K=8, H=500, outer_lr=0.7, outer_momentum=0.5; rank-0 local loss."
"DiLoCo (8xA100, NVLink)",1640,0.8060928,4.459,0.0018,314.1,78.7,measured,out/prime-diloco/session_out/train.log,"K=8, H=500, outer_lr=0.7, outer_momentum=0.5; rank-0 local loss."
"DiLoCo (8xA100, NVLink)",1650,0.811008,4.4447,0.0018,313.7,78.8,measured,out/prime-diloco/session_out/train.log,"K=8, H=500, outer_lr=0.7, outer_momentum=0.5; rank-0 local loss."
"DiLoCo (8xA100, NVLink)",1660,0.8159232,4.4802,0.0018,313.9,78.8,measured,out/prime-diloco/session_out/train.log,"K=8, H=500, outer_lr=0.7, outer_momentum=0.5; rank-0 local loss."
"DiLoCo (8xA100, NVLink)",1670,0.8208384,4.3948,0.0018,314.6,78.6,measured,out/prime-diloco/session_out/train.log,"K=8, H=500, outer_lr=0.7, outer_momentum=0.5; rank-0 local loss."
"DiLoCo (8xA100, NVLink)",1680,0.8257536,4.4584,0.0018,313.8,78.8,measured,out/prime-diloco/session_out/train.log,"K=8, H=500, outer_lr=0.7, outer_momentum=0.5; rank-0 local loss."
"DiLoCo (8xA100, NVLink)",1690,0.8306688,4.5705,0.0018,313.1,79.0,measured,out/prime-diloco/session_out/train.log,"K=8, H=500, outer_lr=0.7, outer_momentum=0.5; rank-0 local loss."
"DiLoCo (8xA100, NVLink)",1700,0.835584,4.5326,0.0018,314.4,78.7,measured,out/prime-diloco/session_out/train.log,"K=8, H=500, outer_lr=0.7, outer_momentum=0.5; rank-0 local loss."
"DiLoCo (8xA100, NVLink)",1710,0.8404992,4.8468,0.0018,314.8,78.6,measured,out/prime-diloco/session_out/train.log,"K=8, H=500, outer_lr=0.7, outer_momentum=0.5; rank-0 local loss."
"DiLoCo (8xA100, NVLink)",1720,0.8454144,4.4614,0.0018,315.1,78.5,measured,out/prime-diloco/session_out/train.log,"K=8, H=500, outer_lr=0.7, outer_momentum=0.5; rank-0 local loss."
"DiLoCo (8xA100, NVLink)",1730,0.8503296,4.4653,0.0018,314.2,78.7,measured,out/prime-diloco/session_out/train.log,"K=8, H=500, outer_lr=0.7, outer_momentum=0.5; rank-0 local loss."
"DiLoCo (8xA100, NVLink)",1740,0.8552448,4.7423,0.0018,313.6,78.9,measured,out/prime-diloco/session_out/train.log,"K=8, H=500, outer_lr=0.7, outer_momentum=0.5; rank-0 local loss."
"DiLoCo (8xA100, NVLink)",1750,0.86016,4.6182,0.0018,313.2,79.0,measured,out/prime-diloco/session_out/train.log,"K=8, H=500, outer_lr=0.7, outer_momentum=0.5; rank-0 local loss."
"DiLoCo (8xA100, NVLink)",1760,0.8650752,4.4424,0.0018,312.4,79.2,measured,out/prime-diloco/session_out/train.log,"K=8, H=500, outer_lr=0.7, outer_momentum=0.5; rank-0 local loss."
"DiLoCo (8xA100, NVLink)",1770,0.8699904,4.4981,0.0018,311.4,79.4,measured,out/prime-diloco/session_out/train.log,"K=8, H=500, outer_lr=0.7, outer_momentum=0.5; rank-0 local loss."
"DiLoCo (8xA100, NVLink)",1780,0.8749056,4.4963,0.0018,312.8,79.1,measured,out/prime-diloco/session_out/train.log,"K=8, H=500, outer_lr=0.7, outer_momentum=0.5; rank-0 local loss."
"DiLoCo (8xA100, NVLink)",1790,0.8798208,4.5285,0.0018,313.3,79.0,measured,out/prime-diloco/session_out/train.log,"K=8, H=500, outer_lr=0.7, outer_momentum=0.5; rank-0 local loss."
"DiLoCo (8xA100, NVLink)",1800,0.884736,4.4437,0.0018,313.1,79.0,measured,out/prime-diloco/session_out/train.log,"K=8, H=500, outer_lr=0.7, outer_momentum=0.5; rank-0 local loss."
"DiLoCo (8xA100, NVLink)",1810,0.8896512,4.3882,0.0018,313.8,78.8,measured,out/prime-diloco/session_out/train.log,"K=8, H=500, outer_lr=0.7, outer_momentum=0.5; rank-0 local loss."
"DiLoCo (8xA100, NVLink)",1820,0.8945664,4.3663,0.0018,314.5,78.6,measured,out/prime-diloco/session_out/train.log,"K=8, H=500, outer_lr=0.7, outer_momentum=0.5; rank-0 local loss."
"DiLoCo (8xA100, NVLink)",1830,0.8994816,4.2895,0.0018,313.8,78.8,measured,out/prime-diloco/session_out/train.log,"K=8, H=500, outer_lr=0.7, outer_momentum=0.5; rank-0 local loss."
"DiLoCo (8xA100, NVLink)",1840,0.9043968,4.3627,0.0018,312.8,79.1,measured,out/prime-diloco/session_out/train.log,"K=8, H=500, outer_lr=0.7, outer_momentum=0.5; rank-0 local loss."
"DiLoCo (8xA100, NVLink)",1850,0.909312,4.4636,0.0018,312.4,79.2,measured,out/prime-diloco/session_out/train.log,"K=8, H=500, outer_lr=0.7, outer_momentum=0.5; rank-0 local loss."
"DiLoCo (8xA100, NVLink)",1860,0.9142272,4.4186,0.0018,311.9,79.3,measured,out/prime-diloco/session_out/train.log,"K=8, H=500, outer_lr=0.7, outer_momentum=0.5; rank-0 local loss."
"DiLoCo (8xA100, NVLink)",1870,0.9191424,4.3973,0.0018,314.0,78.8,measured,out/prime-diloco/session_out/train.log,"K=8, H=500, outer_lr=0.7, outer_momentum=0.5; rank-0 local loss."
"DiLoCo (8xA100, NVLink)",1880,0.9240576,4.4134,0.0018,312.9,79.0,measured,out/prime-diloco/session_out/train.log,"K=8, H=500, outer_lr=0.7, outer_momentum=0.5; rank-0 local loss."
"DiLoCo (8xA100, NVLink)",1890,0.9289728,4.357,0.0018,312.6,79.1,measured,out/prime-diloco/session_out/train.log,"K=8, H=500, outer_lr=0.7, outer_momentum=0.5; rank-0 local loss."
"DiLoCo (8xA100, NVLink)",1900,0.933888,4.3052,0.0018,312.8,79.1,measured,out/prime-diloco/session_out/train.log,"K=8, H=500, outer_lr=0.7, outer_momentum=0.5; rank-0 local loss."
"DiLoCo (8xA100, NVLink)",1910,0.9388032,4.3835,0.0018,311.8,79.3,measured,out/prime-diloco/session_out/train.log,"K=8, H=500, outer_lr=0.7, outer_momentum=0.5; rank-0 local loss."
"DiLoCo (8xA100, NVLink)",1920,0.9437184,4.5348,0.0018,312.9,79.1,measured,out/prime-diloco/session_out/train.log,"K=8, H=500, outer_lr=0.7, outer_momentum=0.5; rank-0 local loss."
"DiLoCo (8xA100, NVLink)",1930,0.9486336,4.5815,0.0018,313.1,79.0,measured,out/prime-diloco/session_out/train.log,"K=8, H=500, outer_lr=0.7, outer_momentum=0.5; rank-0 local loss."
"DiLoCo (8xA100, NVLink)",1940,0.9535488,4.4451,0.0018,312.3,79.2,measured,out/prime-diloco/session_out/train.log,"K=8, H=500, outer_lr=0.7, outer_momentum=0.5; rank-0 local loss."
"DiLoCo (8xA100, NVLink)",1950,0.958464,4.3387,0.0018,314.2,78.7,measured,out/prime-diloco/session_out/train.log,"K=8, H=500, outer_lr=0.7, outer_momentum=0.5; rank-0 local loss."
"DiLoCo (8xA100, NVLink)",1960,0.9633792,4.2139,0.0018,311.9,79.3,measured,out/prime-diloco/session_out/train.log,"K=8, H=500, outer_lr=0.7, outer_momentum=0.5; rank-0 local loss."
"DiLoCo (8xA100, NVLink)",1970,0.9682944,4.349,0.0018,313.2,79.0,measured,out/prime-diloco/session_out/train.log,"K=8, H=500, outer_lr=0.7, outer_momentum=0.5; rank-0 local loss."
"DiLoCo (8xA100, NVLink)",1980,0.9732096,4.3702,0.0018,311.8,79.3,measured,out/prime-diloco/session_out/train.log,"K=8, H=500, outer_lr=0.7, outer_momentum=0.5; rank-0 local loss."
"DiLoCo (8xA100, NVLink)",1990,0.9781248,4.4143,0.0018,312.7,79.1,measured,out/prime-diloco/session_out/train.log,"K=8, H=500, outer_lr=0.7, outer_momentum=0.5; rank-0 local loss."
"DiLoCo (8xA100, NVLink)",2000,0.98304,4.3004,0.0018,1159.4,21.3,measured,out/prime-diloco/session_out/train.log,"K=8, H=500, outer_lr=0.7, outer_momentum=0.5; rank-0 local loss."
"DiLoCo (8xA100, NVLink)",2010,0.9879552,4.3131,0.0018,313.0,79.0,measured,out/prime-diloco/session_out/train.log,"K=8, H=500, outer_lr=0.7, outer_momentum=0.5; rank-0 local loss."
"DiLoCo (8xA100, NVLink)",2020,0.9928704,4.1923,0.0018,312.7,79.1,measured,out/prime-diloco/session_out/train.log,"K=8, H=500, outer_lr=0.7, outer_momentum=0.5; rank-0 local loss."
"DiLoCo (8xA100, NVLink)",2030,0.9977856,4.2418,0.0018,315.2,78.5,measured,out/prime-diloco/session_out/train.log,"K=8, H=500, outer_lr=0.7, outer_momentum=0.5; rank-0 local loss."
"DiLoCo (8xA100, NVLink)",2040,1.0027008,4.2023,0.0018,313.8,78.8,measured,out/prime-diloco/session_out/train.log,"K=8, H=500, outer_lr=0.7, outer_momentum=0.5; rank-0 local loss."
"DiLoCo (8xA100, NVLink)",2050,1.007616,4.2541,0.0018,313.5,78.9,measured,out/prime-diloco/session_out/train.log,"K=8, H=500, outer_lr=0.7, outer_momentum=0.5; rank-0 local loss."
"DiLoCo (8xA100, NVLink)",2060,1.0125312,4.3593,0.0018,314.7,78.6,measured,out/prime-diloco/session_out/train.log,"K=8, H=500, outer_lr=0.7, outer_momentum=0.5; rank-0 local loss."
"DiLoCo (8xA100, NVLink)",2070,1.0174464,4.2188,0.0018,313.9,78.8,measured,out/prime-diloco/session_out/train.log,"K=8, H=500, outer_lr=0.7, outer_momentum=0.5; rank-0 local loss."
"DiLoCo (8xA100, NVLink)",2080,1.0223616,4.4216,0.0018,315.0,78.5,measured,out/prime-diloco/session_out/train.log,"K=8, H=500, outer_lr=0.7, outer_momentum=0.5; rank-0 local loss."
"DiLoCo (8xA100, NVLink)",2090,1.0272768,4.3383,0.0018,313.9,78.8,measured,out/prime-diloco/session_out/train.log,"K=8, H=500, outer_lr=0.7, outer_momentum=0.5; rank-0 local loss."
"DiLoCo (8xA100, NVLink)",2100,1.032192,4.3019,0.0018,314.3,78.7,measured,out/prime-diloco/session_out/train.log,"K=8, H=500, outer_lr=0.7, outer_momentum=0.5; rank-0 local loss."
"DiLoCo (8xA100, NVLink)",2110,1.0371072,4.3639,0.0018,314.0,78.8,measured,out/prime-diloco/session_out/train.log,"K=8, H=500, outer_lr=0.7, outer_momentum=0.5; rank-0 local loss."
"DiLoCo (8xA100, NVLink)",2120,1.0420224,4.3266,0.0018,313.4,78.9,measured,out/prime-diloco/session_out/train.log,"K=8, H=500, outer_lr=0.7, outer_momentum=0.5; rank-0 local loss."
"DiLoCo (8xA100, NVLink)",2130,1.0469376,4.1631,0.0018,314.5,78.6,measured,out/prime-diloco/session_out/train.log,"K=8, H=500, outer_lr=0.7, outer_momentum=0.5; rank-0 local loss."
"DiLoCo (8xA100, NVLink)",2140,1.0518528,4.3834,0.0018,314.2,78.7,measured,out/prime-diloco/session_out/train.log,"K=8, H=500, outer_lr=0.7, outer_momentum=0.5; rank-0 local loss."
"DiLoCo (8xA100, NVLink)",2150,1.056768,4.3047,0.0018,313.8,78.8,measured,out/prime-diloco/session_out/train.log,"K=8, H=500, outer_lr=0.7, outer_momentum=0.5; rank-0 local loss."
"DiLoCo (8xA100, NVLink)",2160,1.0616832,4.1199,0.0018,313.1,79.0,measured,out/prime-diloco/session_out/train.log,"K=8, H=500, outer_lr=0.7, outer_momentum=0.5; rank-0 local loss."
"DiLoCo (8xA100, NVLink)",2170,1.0665984,4.5139,0.0018,313.5,78.9,measured,out/prime-diloco/session_out/train.log,"K=8, H=500, outer_lr=0.7, outer_momentum=0.5; rank-0 local loss."
"DiLoCo (8xA100, NVLink)",2180,1.0715136,4.6722,0.0018,314.1,78.8,measured,out/prime-diloco/session_out/train.log,"K=8, H=500, outer_lr=0.7, outer_momentum=0.5; rank-0 local loss."
"DiLoCo (8xA100, NVLink)",2190,1.0764288,4.354,0.0018,313.3,79.0,measured,out/prime-diloco/session_out/train.log,"K=8, H=500, outer_lr=0.7, outer_momentum=0.5; rank-0 local loss."
"DiLoCo (8xA100, NVLink)",2200,1.081344,4.6224,0.0018,313.6,78.9,measured,out/prime-diloco/session_out/train.log,"K=8, H=500, outer_lr=0.7, outer_momentum=0.5; rank-0 local loss."
"DiLoCo (8xA100, NVLink)",2210,1.0862592,4.2306,0.0018,314.2,78.7,measured,out/prime-diloco/session_out/train.log,"K=8, H=500, outer_lr=0.7, outer_momentum=0.5; rank-0 local loss."
"DiLoCo (8xA100, NVLink)",2220,1.0911744,4.4081,0.0018,313.2,79.0,measured,out/prime-diloco/session_out/train.log,"K=8, H=500, outer_lr=0.7, outer_momentum=0.5; rank-0 local loss."
"DiLoCo (8xA100, NVLink)",2230,1.0960896,4.2076,0.0018,313.3,78.9,measured,out/prime-diloco/session_out/train.log,"K=8, H=500, outer_lr=0.7, outer_momentum=0.5; rank-0 local loss."
"DiLoCo (8xA100, NVLink)",2240,1.1010048,4.1992,0.0018,312.4,79.2,measured,out/prime-diloco/session_out/train.log,"K=8, H=500, outer_lr=0.7, outer_momentum=0.5; rank-0 local loss."
"DiLoCo (8xA100, NVLink)",2250,1.10592,4.3727,0.0018,313.5,78.9,measured,out/prime-diloco/session_out/train.log,"K=8, H=500, outer_lr=0.7, outer_momentum=0.5; rank-0 local loss."
"DiLoCo (8xA100, NVLink)",2260,1.1108352,4.3698,0.0018,312.9,79.0,measured,out/prime-diloco/session_out/train.log,"K=8, H=500, outer_lr=0.7, outer_momentum=0.5; rank-0 local loss."
"DiLoCo (8xA100, NVLink)",2270,1.1157504,4.2316,0.0018,312.8,79.1,measured,out/prime-diloco/session_out/train.log,"K=8, H=500, outer_lr=0.7, outer_momentum=0.5; rank-0 local loss."
"DiLoCo (8xA100, NVLink)",2280,1.1206656,4.2446,0.0018,313.6,78.9,measured,out/prime-diloco/session_out/train.log,"K=8, H=500, outer_lr=0.7, outer_momentum=0.5; rank-0 local loss."
"DiLoCo (8xA100, NVLink)",2290,1.1255808,4.3596,0.0018,313.9,78.8,measured,out/prime-diloco/session_out/train.log,"K=8, H=500, outer_lr=0.7, outer_momentum=0.5; rank-0 local loss."
"DiLoCo (8xA100, NVLink)",2300,1.130496,4.3036,0.0018,313.6,78.9,measured,out/prime-diloco/session_out/train.log,"K=8, H=500, outer_lr=0.7, outer_momentum=0.5; rank-0 local loss."
"DiLoCo (8xA100, NVLink)",2310,1.1354112,4.2767,0.0018,314.4,78.7,measured,out/prime-diloco/session_out/train.log,"K=8, H=500, outer_lr=0.7, outer_momentum=0.5; rank-0 local loss."
"DiLoCo (8xA100, NVLink)",2320,1.1403264,4.2941,0.0018,313.2,79.0,measured,out/prime-diloco/session_out/train.log,"K=8, H=500, outer_lr=0.7, outer_momentum=0.5; rank-0 local loss."
"DiLoCo (8xA100, NVLink)",2330,1.1452416,4.2275,0.0018,313.0,79.0,measured,out/prime-diloco/session_out/train.log,"K=8, H=500, outer_lr=0.7, outer_momentum=0.5; rank-0 local loss."
"DiLoCo (8xA100, NVLink)",2340,1.1501568,4.1833,0.0018,313.0,79.0,measured,out/prime-diloco/session_out/train.log,"K=8, H=500, outer_lr=0.7, outer_momentum=0.5; rank-0 local loss."
"DiLoCo (8xA100, NVLink)",2350,1.155072,4.1503,0.0018,312.8,79.1,measured,out/prime-diloco/session_out/train.log,"K=8, H=500, outer_lr=0.7, outer_momentum=0.5; rank-0 local loss."
"DiLoCo (8xA100, NVLink)",2360,1.1599872,4.3348,0.0018,313.5,78.9,measured,out/prime-diloco/session_out/train.log,"K=8, H=500, outer_lr=0.7, outer_momentum=0.5; rank-0 local loss."
"DiLoCo (8xA100, NVLink)",2370,1.1649024,4.3654,0.0018,313.9,78.8,measured,out/prime-diloco/session_out/train.log,"K=8, H=500, outer_lr=0.7, outer_momentum=0.5; rank-0 local loss."
"DiLoCo (8xA100, NVLink)",2380,1.1698176,4.3681,0.0018,313.8,78.8,measured,out/prime-diloco/session_out/train.log,"K=8, H=500, outer_lr=0.7, outer_momentum=0.5; rank-0 local loss."
"DiLoCo (8xA100, NVLink)",2390,1.1747328,4.2622,0.0018,313.8,78.8,measured,out/prime-diloco/session_out/train.log,"K=8, H=500, outer_lr=0.7, outer_momentum=0.5; rank-0 local loss."
"DiLoCo (8xA100, NVLink)",2400,1.179648,4.2629,0.0018,313.3,78.9,measured,out/prime-diloco/session_out/train.log,"K=8, H=500, outer_lr=0.7, outer_momentum=0.5; rank-0 local loss."
"DiLoCo (8xA100, NVLink)",2410,1.1845632,4.4978,0.0018,313.5,78.9,measured,out/prime-diloco/session_out/train.log,"K=8, H=500, outer_lr=0.7, outer_momentum=0.5; rank-0 local loss."
"DiLoCo (8xA100, NVLink)",2420,1.1894784,4.401,0.0018,313.8,78.8,measured,out/prime-diloco/session_out/train.log,"K=8, H=500, outer_lr=0.7, outer_momentum=0.5; rank-0 local loss."
"DiLoCo (8xA100, NVLink)",2430,1.1943936,4.2128,0.0018,313.3,79.0,measured,out/prime-diloco/session_out/train.log,"K=8, H=500, outer_lr=0.7, outer_momentum=0.5; rank-0 local loss."
"DiLoCo (8xA100, NVLink)",2440,1.1993088,4.2257,0.0018,313.3,78.9,measured,out/prime-diloco/session_out/train.log,"K=8, H=500, outer_lr=0.7, outer_momentum=0.5; rank-0 local loss."
"DiLoCo (8xA100, NVLink)",2450,1.204224,4.2837,0.0018,314.7,78.6,measured,out/prime-diloco/session_out/train.log,"K=8, H=500, outer_lr=0.7, outer_momentum=0.5; rank-0 local loss."
"DiLoCo (8xA100, NVLink)",2460,1.2091392,4.146,0.0018,313.0,79.0,measured,out/prime-diloco/session_out/train.log,"K=8, H=500, outer_lr=0.7, outer_momentum=0.5; rank-0 local loss."
"DiLoCo (8xA100, NVLink)",2470,1.2140544,4.2282,0.0018,314.2,78.7,measured,out/prime-diloco/session_out/train.log,"K=8, H=500, outer_lr=0.7, outer_momentum=0.5; rank-0 local loss."
"DiLoCo (8xA100, NVLink)",2480,1.2189696,4.3286,0.0018,313.8,78.8,measured,out/prime-diloco/session_out/train.log,"K=8, H=500, outer_lr=0.7, outer_momentum=0.5; rank-0 local loss."
"DiLoCo (8xA100, NVLink)",2490,1.2238848,4.2208,0.0018,314.6,78.6,measured,out/prime-diloco/session_out/train.log,"K=8, H=500, outer_lr=0.7, outer_momentum=0.5; rank-0 local loss."
"DiLoCo (8xA100, NVLink)",2500,1.2288,4.3054,0.0018,706.3,35.0,measured,out/prime-diloco/session_out/train.log,"K=8, H=500, outer_lr=0.7, outer_momentum=0.5; rank-0 local loss."
"DiLoCo (8xA100, NVLink)",2510,1.2337152,4.2657,0.0018,313.3,78.9,measured,out/prime-diloco/session_out/train.log,"K=8, H=500, outer_lr=0.7, outer_momentum=0.5; rank-0 local loss."
"DiLoCo (8xA100, NVLink)",2520,1.2386304,4.1222,0.0018,313.7,78.8,measured,out/prime-diloco/session_out/train.log,"K=8, H=500, outer_lr=0.7, outer_momentum=0.5; rank-0 local loss."
"DiLoCo (8xA100, NVLink)",2530,1.2435456,4.6078,0.0018,313.8,78.8,measured,out/prime-diloco/session_out/train.log,"K=8, H=500, outer_lr=0.7, outer_momentum=0.5; rank-0 local loss."
"DiLoCo (8xA100, NVLink)",2540,1.2484608,4.1373,0.0018,314.6,78.6,measured,out/prime-diloco/session_out/train.log,"K=8, H=500, outer_lr=0.7, outer_momentum=0.5; rank-0 local loss."
"DiLoCo (8xA100, NVLink)",2550,1.253376,4.1087,0.0018,313.5,78.9,measured,out/prime-diloco/session_out/train.log,"K=8, H=500, outer_lr=0.7, outer_momentum=0.5; rank-0 local loss."
"DiLoCo (8xA100, NVLink)",2560,1.2582912,4.1246,0.0018,313.6,78.9,measured,out/prime-diloco/session_out/train.log,"K=8, H=500, outer_lr=0.7, outer_momentum=0.5; rank-0 local loss."
"DiLoCo (8xA100, NVLink)",2570,1.2632064,4.3011,0.0018,314.5,78.6,measured,out/prime-diloco/session_out/train.log,"K=8, H=500, outer_lr=0.7, outer_momentum=0.5; rank-0 local loss."
"DiLoCo (8xA100, NVLink)",2580,1.2681216,4.2264,0.0018,314.5,78.6,measured,out/prime-diloco/session_out/train.log,"K=8, H=500, outer_lr=0.7, outer_momentum=0.5; rank-0 local loss."
"DiLoCo (8xA100, NVLink)",2590,1.2730368,4.1565,0.0018,315.0,78.5,measured,out/prime-diloco/session_out/train.log,"K=8, H=500, outer_lr=0.7, outer_momentum=0.5; rank-0 local loss."
"DiLoCo (8xA100, NVLink)",2600,1.277952,4.1219,0.0018,312.9,79.1,measured,out/prime-diloco/session_out/train.log,"K=8, H=500, outer_lr=0.7, outer_momentum=0.5; rank-0 local loss."
"DiLoCo (8xA100, NVLink)",2610,1.2828672,4.0573,0.0018,313.3,79.0,measured,out/prime-diloco/session_out/train.log,"K=8, H=500, outer_lr=0.7, outer_momentum=0.5; rank-0 local loss."
"DiLoCo (8xA100, NVLink)",2620,1.2877824,4.1909,0.0018,314.4,78.7,measured,out/prime-diloco/session_out/train.log,"K=8, H=500, outer_lr=0.7, outer_momentum=0.5; rank-0 local loss."
"DiLoCo (8xA100, NVLink)",2630,1.2926976,4.2692,0.0018,314.4,78.7,measured,out/prime-diloco/session_out/train.log,"K=8, H=500, outer_lr=0.7, outer_momentum=0.5; rank-0 local loss."
"DiLoCo (8xA100, NVLink)",2640,1.2976128,4.14,0.0018,313.8,78.8,measured,out/prime-diloco/session_out/train.log,"K=8, H=500, outer_lr=0.7, outer_momentum=0.5; rank-0 local loss."
"DiLoCo (8xA100, NVLink)",2650,1.302528,4.0927,0.0018,313.7,78.9,measured,out/prime-diloco/session_out/train.log,"K=8, H=500, outer_lr=0.7, outer_momentum=0.5; rank-0 local loss."
"DiLoCo (8xA100, NVLink)",2660,1.3074432,4.4013,0.0018,313.5,78.9,measured,out/prime-diloco/session_out/train.log,"K=8, H=500, outer_lr=0.7, outer_momentum=0.5; rank-0 local loss."
"DiLoCo (8xA100, NVLink)",2670,1.3123584,4.3578,0.0018,312.7,79.1,measured,out/prime-diloco/session_out/train.log,"K=8, H=500, outer_lr=0.7, outer_momentum=0.5; rank-0 local loss."
"DiLoCo (8xA100, NVLink)",2680,1.3172736,4.1729,0.0018,312.6,79.1,measured,out/prime-diloco/session_out/train.log,"K=8, H=500, outer_lr=0.7, outer_momentum=0.5; rank-0 local loss."
"DiLoCo (8xA100, NVLink)",2690,1.3221888,3.8692,0.0018,312.9,79.1,measured,out/prime-diloco/session_out/train.log,"K=8, H=500, outer_lr=0.7, outer_momentum=0.5; rank-0 local loss."
"DiLoCo (8xA100, NVLink)",2700,1.327104,4.1515,0.0018,312.6,79.1,measured,out/prime-diloco/session_out/train.log,"K=8, H=500, outer_lr=0.7, outer_momentum=0.5; rank-0 local loss."
"DiLoCo (8xA100, NVLink)",2710,1.3320192,4.2498,0.0018,312.9,79.1,measured,out/prime-diloco/session_out/train.log,"K=8, H=500, outer_lr=0.7, outer_momentum=0.5; rank-0 local loss."
"DiLoCo (8xA100, NVLink)",2720,1.3369344,4.1954,0.0018,313.2,79.0,measured,out/prime-diloco/session_out/train.log,"K=8, H=500, outer_lr=0.7, outer_momentum=0.5; rank-0 local loss."
"DiLoCo (8xA100, NVLink)",2730,1.3418496,4.1689,0.0018,313.8,78.8,measured,out/prime-diloco/session_out/train.log,"K=8, H=500, outer_lr=0.7, outer_momentum=0.5; rank-0 local loss."
"DiLoCo (8xA100, NVLink)",2740,1.3467648,4.2275,0.0018,312.8,79.1,measured,out/prime-diloco/session_out/train.log,"K=8, H=500, outer_lr=0.7, outer_momentum=0.5; rank-0 local loss."
"DiLoCo (8xA100, NVLink)",2750,1.35168,4.1022,0.0018,313.3,79.0,measured,out/prime-diloco/session_out/train.log,"K=8, H=500, outer_lr=0.7, outer_momentum=0.5; rank-0 local loss."
"DiLoCo (8xA100, NVLink)",2760,1.3565952,4.1538,0.0018,312.3,79.2,measured,out/prime-diloco/session_out/train.log,"K=8, H=500, outer_lr=0.7, outer_momentum=0.5; rank-0 local loss."
"DiLoCo (8xA100, NVLink)",2770,1.3615104,4.1585,0.0018,313.1,79.0,measured,out/prime-diloco/session_out/train.log,"K=8, H=500, outer_lr=0.7, outer_momentum=0.5; rank-0 local loss."
"DiLoCo (8xA100, NVLink)",2780,1.3664256,4.0667,0.0018,314.6,78.6,measured,out/prime-diloco/session_out/train.log,"K=8, H=500, outer_lr=0.7, outer_momentum=0.5; rank-0 local loss."
"DiLoCo (8xA100, NVLink)",2790,1.3713408,3.9599,0.0018,313.1,79.0,measured,out/prime-diloco/session_out/train.log,"K=8, H=500, outer_lr=0.7, outer_momentum=0.5; rank-0 local loss."
"DiLoCo (8xA100, NVLink)",2800,1.376256,4.117,0.0018,313.0,79.0,measured,out/prime-diloco/session_out/train.log,"K=8, H=500, outer_lr=0.7, outer_momentum=0.5; rank-0 local loss."
"DiLoCo (8xA100, NVLink)",2810,1.3811712,4.2463,0.0018,312.1,79.2,measured,out/prime-diloco/session_out/train.log,"K=8, H=500, outer_lr=0.7, outer_momentum=0.5; rank-0 local loss."
"DiLoCo (8xA100, NVLink)",2820,1.3860864,4.1956,0.0018,313.1,79.0,measured,out/prime-diloco/session_out/train.log,"K=8, H=500, outer_lr=0.7, outer_momentum=0.5; rank-0 local loss."
"DiLoCo (8xA100, NVLink)",2830,1.3910016,4.1651,0.0018,312.8,79.1,measured,out/prime-diloco/session_out/train.log,"K=8, H=500, outer_lr=0.7, outer_momentum=0.5; rank-0 local loss."
"DiLoCo (8xA100, NVLink)",2840,1.3959168,4.1419,0.0018,313.3,78.9,measured,out/prime-diloco/session_out/train.log,"K=8, H=500, outer_lr=0.7, outer_momentum=0.5; rank-0 local loss."
"DiLoCo (8xA100, NVLink)",2850,1.400832,4.1299,0.0018,314.1,78.8,measured,out/prime-diloco/session_out/train.log,"K=8, H=500, outer_lr=0.7, outer_momentum=0.5; rank-0 local loss."
"DiLoCo (8xA100, NVLink)",2860,1.4057472,4.123,0.0018,312.8,79.1,measured,out/prime-diloco/session_out/train.log,"K=8, H=500, outer_lr=0.7, outer_momentum=0.5; rank-0 local loss."
"DiLoCo (8xA100, NVLink)",2870,1.4106624,4.1764,0.0018,312.6,79.1,measured,out/prime-diloco/session_out/train.log,"K=8, H=500, outer_lr=0.7, outer_momentum=0.5; rank-0 local loss."
"DiLoCo (8xA100, NVLink)",2880,1.4155776,4.2439,0.0018,313.8,78.8,measured,out/prime-diloco/session_out/train.log,"K=8, H=500, outer_lr=0.7, outer_momentum=0.5; rank-0 local loss."
"DiLoCo (8xA100, NVLink)",2890,1.4204928,4.2177,0.0018,312.5,79.2,measured,out/prime-diloco/session_out/train.log,"K=8, H=500, outer_lr=0.7, outer_momentum=0.5; rank-0 local loss."
"DiLoCo (8xA100, NVLink)",2900,1.425408,4.2885,0.0018,312.5,79.2,measured,out/prime-diloco/session_out/train.log,"K=8, H=500, outer_lr=0.7, outer_momentum=0.5; rank-0 local loss."
"DiLoCo (8xA100, NVLink)",2910,1.4303232,4.0754,0.0018,314.3,78.7,measured,out/prime-diloco/session_out/train.log,"K=8, H=500, outer_lr=0.7, outer_momentum=0.5; rank-0 local loss."
"DiLoCo (8xA100, NVLink)",2920,1.4352384,4.1018,0.0018,313.6,78.9,measured,out/prime-diloco/session_out/train.log,"K=8, H=500, outer_lr=0.7, outer_momentum=0.5; rank-0 local loss."
"DiLoCo (8xA100, NVLink)",2930,1.4401536,4.1738,0.0018,313.7,78.9,measured,out/prime-diloco/session_out/train.log,"K=8, H=500, outer_lr=0.7, outer_momentum=0.5; rank-0 local loss."
"DiLoCo (8xA100, NVLink)",2940,1.4450688,4.1691,0.0018,312.5,79.2,measured,out/prime-diloco/session_out/train.log,"K=8, H=500, outer_lr=0.7, outer_momentum=0.5; rank-0 local loss."
"DiLoCo (8xA100, NVLink)",2950,1.449984,4.1138,0.0018,313.5,78.9,measured,out/prime-diloco/session_out/train.log,"K=8, H=500, outer_lr=0.7, outer_momentum=0.5; rank-0 local loss."
"DiLoCo (8xA100, NVLink)",2960,1.4548992,4.2116,0.0018,312.7,79.1,measured,out/prime-diloco/session_out/train.log,"K=8, H=500, outer_lr=0.7, outer_momentum=0.5; rank-0 local loss."
"DiLoCo (8xA100, NVLink)",2970,1.4598144,4.2425,0.0018,312.9,79.1,measured,out/prime-diloco/session_out/train.log,"K=8, H=500, outer_lr=0.7, outer_momentum=0.5; rank-0 local loss."
"DiLoCo (8xA100, NVLink)",2980,1.4647296,4.0987,0.0018,313.1,79.0,measured,out/prime-diloco/session_out/train.log,"K=8, H=500, outer_lr=0.7, outer_momentum=0.5; rank-0 local loss."
"DiLoCo (8xA100, NVLink)",2990,1.4696448,4.2332,0.0018,313.6,78.9,measured,out/prime-diloco/session_out/train.log,"K=8, H=500, outer_lr=0.7, outer_momentum=0.5; rank-0 local loss."
"DiLoCo (8xA100, NVLink)",3000,1.47456,4.3025,0.0018,385.2,64.2,measured,out/prime-diloco/session_out/train.log,"K=8, H=500, outer_lr=0.7, outer_momentum=0.5; rank-0 local loss."
"DiLoCo (8xA100, NVLink)",3010,1.4794752,4.0716,0.0018,312.8,79.1,measured,out/prime-diloco/session_out/train.log,"K=8, H=500, outer_lr=0.7, outer_momentum=0.5; rank-0 local loss."
"DiLoCo (8xA100, NVLink)",3020,1.4843904,4.116,0.0018,313.0,79.0,measured,out/prime-diloco/session_out/train.log,"K=8, H=500, outer_lr=0.7, outer_momentum=0.5; rank-0 local loss."
"DiLoCo (8xA100, NVLink)",3030,1.4893056,4.0581,0.0018,313.2,79.0,measured,out/prime-diloco/session_out/train.log,"K=8, H=500, outer_lr=0.7, outer_momentum=0.5; rank-0 local loss."
"DiLoCo (8xA100, NVLink)",3040,1.4942208,4.0494,0.0018,313.2,79.0,measured,out/prime-diloco/session_out/train.log,"K=8, H=500, outer_lr=0.7, outer_momentum=0.5; rank-0 local loss."
"DiLoCo (8xA100, NVLink)",3050,1.499136,4.0302,0.0018,313.9,78.8,measured,out/prime-diloco/session_out/train.log,"K=8, H=500, outer_lr=0.7, outer_momentum=0.5; rank-0 local loss."
"DiLoCo (8xA100, NVLink)",3060,1.5040512,4.2163,0.0018,315.4,78.4,measured,out/prime-diloco/session_out/train.log,"K=8, H=500, outer_lr=0.7, outer_momentum=0.5; rank-0 local loss."
"DiLoCo (8xA100, NVLink)",3070,1.5089664,4.0694,0.0018,313.6,78.9,measured,out/prime-diloco/session_out/train.log,"K=8, H=500, outer_lr=0.7, outer_momentum=0.5; rank-0 local loss."
"DiLoCo (8xA100, NVLink)",3080,1.5138816,3.9986,0.0018,314.3,78.7,measured,out/prime-diloco/session_out/train.log,"K=8, H=500, outer_lr=0.7, outer_momentum=0.5; rank-0 local loss."
"DiLoCo (8xA100, NVLink)",3090,1.5187968,4.1042,0.0018,315.1,78.5,measured,out/prime-diloco/session_out/train.log,"K=8, H=500, outer_lr=0.7, outer_momentum=0.5; rank-0 local loss."
"DiLoCo (8xA100, NVLink)",3100,1.523712,4.0624,0.0018,314.9,78.5,measured,out/prime-diloco/session_out/train.log,"K=8, H=500, outer_lr=0.7, outer_momentum=0.5; rank-0 local loss."
"DiLoCo (8xA100, NVLink)",3110,1.5286272,4.1503,0.0018,314.8,78.6,measured,out/prime-diloco/session_out/train.log,"K=8, H=500, outer_lr=0.7, outer_momentum=0.5; rank-0 local loss."
"DiLoCo (8xA100, NVLink)",3120,1.5335424,3.9905,0.0018,312.7,79.1,measured,out/prime-diloco/session_out/train.log,"K=8, H=500, outer_lr=0.7, outer_momentum=0.5; rank-0 local loss."
"DiLoCo (8xA100, NVLink)",3130,1.5384576,4.0957,0.0018,313.2,79.0,measured,out/prime-diloco/session_out/train.log,"K=8, H=500, outer_lr=0.7, outer_momentum=0.5; rank-0 local loss."
"DiLoCo (8xA100, NVLink)",3140,1.5433728,6.3604,0.0018,312.7,79.1,measured,out/prime-diloco/session_out/train.log,"K=8, H=500, outer_lr=0.7, outer_momentum=0.5; rank-0 local loss."
"DiLoCo (8xA100, NVLink)",3150,1.548288,4.0412,0.0018,312.9,79.0,measured,out/prime-diloco/session_out/train.log,"K=8, H=500, outer_lr=0.7, outer_momentum=0.5; rank-0 local loss."
"DiLoCo (8xA100, NVLink)",3160,1.5532032,4.0412,0.0018,313.7,78.9,measured,out/prime-diloco/session_out/train.log,"K=8, H=500, outer_lr=0.7, outer_momentum=0.5; rank-0 local loss."
"DiLoCo (8xA100, NVLink)",3170,1.5581184,3.9692,0.0018,314.0,78.8,measured,out/prime-diloco/session_out/train.log,"K=8, H=500, outer_lr=0.7, outer_momentum=0.5; rank-0 local loss."
"DiLoCo (8xA100, NVLink)",3180,1.5630336,4.0524,0.0018,314.0,78.8,measured,out/prime-diloco/session_out/train.log,"K=8, H=500, outer_lr=0.7, outer_momentum=0.5; rank-0 local loss."
"DiLoCo (8xA100, NVLink)",3190,1.5679488,4.0644,0.0018,314.1,78.8,measured,out/prime-diloco/session_out/train.log,"K=8, H=500, outer_lr=0.7, outer_momentum=0.5; rank-0 local loss."
"DiLoCo (8xA100, NVLink)",3200,1.572864,4.1332,0.0018,314.8,78.6,measured,out/prime-diloco/session_out/train.log,"K=8, H=500, outer_lr=0.7, outer_momentum=0.5; rank-0 local loss."
"DiLoCo (8xA100, NVLink)",3210,1.5777792,4.1002,0.0018,314.1,78.7,measured,out/prime-diloco/session_out/train.log,"K=8, H=500, outer_lr=0.7, outer_momentum=0.5; rank-0 local loss."
"DiLoCo (8xA100, NVLink)",3220,1.5826944,4.095,0.0018,313.6,78.9,measured,out/prime-diloco/session_out/train.log,"K=8, H=500, outer_lr=0.7, outer_momentum=0.5; rank-0 local loss."
"DiLoCo (8xA100, NVLink)",3230,1.5876096,4.081,0.0018,313.0,79.0,measured,out/prime-diloco/session_out/train.log,"K=8, H=500, outer_lr=0.7, outer_momentum=0.5; rank-0 local loss."
"DiLoCo (8xA100, NVLink)",3240,1.5925248,4.0717,0.0018,313.0,79.0,measured,out/prime-diloco/session_out/train.log,"K=8, H=500, outer_lr=0.7, outer_momentum=0.5; rank-0 local loss."
"DiLoCo (8xA100, NVLink)",3250,1.59744,3.953,0.0018,313.3,79.0,measured,out/prime-diloco/session_out/train.log,"K=8, H=500, outer_lr=0.7, outer_momentum=0.5; rank-0 local loss."
"DiLoCo (8xA100, NVLink)",3260,1.6023552,4.0314,0.0018,312.5,79.2,measured,out/prime-diloco/session_out/train.log,"K=8, H=500, outer_lr=0.7, outer_momentum=0.5; rank-0 local loss."
"DiLoCo (8xA100, NVLink)",3270,1.6072704,4.0338,0.0018,312.0,79.3,measured,out/prime-diloco/session_out/train.log,"K=8, H=500, outer_lr=0.7, outer_momentum=0.5; rank-0 local loss."
"DiLoCo (8xA100, NVLink)",3280,1.6121856,4.0983,0.0018,313.3,79.0,measured,out/prime-diloco/session_out/train.log,"K=8, H=500, outer_lr=0.7, outer_momentum=0.5; rank-0 local loss."
"DiLoCo (8xA100, NVLink)",3290,1.6171008,4.1578,0.0018,313.5,78.9,measured,out/prime-diloco/session_out/train.log,"K=8, H=500, outer_lr=0.7, outer_momentum=0.5; rank-0 local loss."
"DiLoCo (8xA100, NVLink)",3300,1.622016,4.0522,0.0018,314.3,78.7,measured,out/prime-diloco/session_out/train.log,"K=8, H=500, outer_lr=0.7, outer_momentum=0.5; rank-0 local loss."
"DiLoCo (8xA100, NVLink)",3310,1.6269312,4.2223,0.0018,314.2,78.7,measured,out/prime-diloco/session_out/train.log,"K=8, H=500, outer_lr=0.7, outer_momentum=0.5; rank-0 local loss."
"DiLoCo (8xA100, NVLink)",3320,1.6318464,3.9388,0.0018,313.1,79.0,measured,out/prime-diloco/session_out/train.log,"K=8, H=500, outer_lr=0.7, outer_momentum=0.5; rank-0 local loss."
"DiLoCo (8xA100, NVLink)",3330,1.6367616,4.0095,0.0018,312.4,79.2,measured,out/prime-diloco/session_out/train.log,"K=8, H=500, outer_lr=0.7, outer_momentum=0.5; rank-0 local loss."
"DiLoCo (8xA100, NVLink)",3340,1.6416768,3.965,0.0018,313.2,79.0,measured,out/prime-diloco/session_out/train.log,"K=8, H=500, outer_lr=0.7, outer_momentum=0.5; rank-0 local loss."
"DiLoCo (8xA100, NVLink)",3350,1.646592,4.0367,0.0018,313.3,78.9,measured,out/prime-diloco/session_out/train.log,"K=8, H=500, outer_lr=0.7, outer_momentum=0.5; rank-0 local loss."
"DiLoCo (8xA100, NVLink)",3360,1.6515072,4.1543,0.0018,313.6,78.9,measured,out/prime-diloco/session_out/train.log,"K=8, H=500, outer_lr=0.7, outer_momentum=0.5; rank-0 local loss."
"DiLoCo (8xA100, NVLink)",3370,1.6564224,4.1366,0.0018,314.4,78.7,measured,out/prime-diloco/session_out/train.log,"K=8, H=500, outer_lr=0.7, outer_momentum=0.5; rank-0 local loss."
"DiLoCo (8xA100, NVLink)",3380,1.6613376,4.3417,0.0018,313.7,78.8,measured,out/prime-diloco/session_out/train.log,"K=8, H=500, outer_lr=0.7, outer_momentum=0.5; rank-0 local loss."
"DiLoCo (8xA100, NVLink)",3390,1.6662528,3.9759,0.0018,314.1,78.7,measured,out/prime-diloco/session_out/train.log,"K=8, H=500, outer_lr=0.7, outer_momentum=0.5; rank-0 local loss."
"DiLoCo (8xA100, NVLink)",3400,1.671168,4.139,0.0018,312.7,79.1,measured,out/prime-diloco/session_out/train.log,"K=8, H=500, outer_lr=0.7, outer_momentum=0.5; rank-0 local loss."
"DiLoCo (8xA100, NVLink)",3410,1.6760832,4.0958,0.0018,313.4,78.9,measured,out/prime-diloco/session_out/train.log,"K=8, H=500, outer_lr=0.7, outer_momentum=0.5; rank-0 local loss."
"DiLoCo (8xA100, NVLink)",3420,1.6809984,4.0736,0.0018,312.8,79.1,measured,out/prime-diloco/session_out/train.log,"K=8, H=500, outer_lr=0.7, outer_momentum=0.5; rank-0 local loss."
"DiLoCo (8xA100, NVLink)",3430,1.6859136,4.3583,0.0018,314.0,78.8,measured,out/prime-diloco/session_out/train.log,"K=8, H=500, outer_lr=0.7, outer_momentum=0.5; rank-0 local loss."
"DiLoCo (8xA100, NVLink)",3440,1.6908288,4.1481,0.0018,312.7,79.1,measured,out/prime-diloco/session_out/train.log,"K=8, H=500, outer_lr=0.7, outer_momentum=0.5; rank-0 local loss."
"DiLoCo (8xA100, NVLink)",3450,1.695744,3.963,0.0018,314.1,78.7,measured,out/prime-diloco/session_out/train.log,"K=8, H=500, outer_lr=0.7, outer_momentum=0.5; rank-0 local loss."
"DiLoCo (8xA100, NVLink)",3460,1.7006592,4.0233,0.0018,314.2,78.7,measured,out/prime-diloco/session_out/train.log,"K=8, H=500, outer_lr=0.7, outer_momentum=0.5; rank-0 local loss."
"DiLoCo (8xA100, NVLink)",3470,1.7055744,4.2758,0.0018,314.0,78.8,measured,out/prime-diloco/session_out/train.log,"K=8, H=500, outer_lr=0.7, outer_momentum=0.5; rank-0 local loss."
"DiLoCo (8xA100, NVLink)",3480,1.7104896,4.1181,0.0018,313.6,78.9,measured,out/prime-diloco/session_out/train.log,"K=8, H=500, outer_lr=0.7, outer_momentum=0.5; rank-0 local loss."
"DiLoCo (8xA100, NVLink)",3490,1.7154048,4.1673,0.0018,314.3,78.7,measured,out/prime-diloco/session_out/train.log,"K=8, H=500, outer_lr=0.7, outer_momentum=0.5; rank-0 local loss."
"DiLoCo (8xA100, NVLink)",3500,1.72032,4.0561,0.0018,829.5,29.8,measured,out/prime-diloco/session_out/train.log,"K=8, H=500, outer_lr=0.7, outer_momentum=0.5; rank-0 local loss."
"DiLoCo (8xA100, NVLink)",3510,1.7252352,3.8247,0.0018,312.4,79.2,measured,out/prime-diloco/session_out/train.log,"K=8, H=500, outer_lr=0.7, outer_momentum=0.5; rank-0 local loss."
"DiLoCo (8xA100, NVLink)",3520,1.7301504,4.1866,0.0018,313.4,78.9,measured,out/prime-diloco/session_out/train.log,"K=8, H=500, outer_lr=0.7, outer_momentum=0.5; rank-0 local loss."
"DiLoCo (8xA100, NVLink)",3530,1.7350656,3.8759,0.0018,313.5,78.9,measured,out/prime-diloco/session_out/train.log,"K=8, H=500, outer_lr=0.7, outer_momentum=0.5; rank-0 local loss."
"DiLoCo (8xA100, NVLink)",3540,1.7399808,3.9831,0.0018,314.0,78.8,measured,out/prime-diloco/session_out/train.log,"K=8, H=500, outer_lr=0.7, outer_momentum=0.5; rank-0 local loss."
"DiLoCo (8xA100, NVLink)",3550,1.744896,4.1374,0.0018,313.6,78.9,measured,out/prime-diloco/session_out/train.log,"K=8, H=500, outer_lr=0.7, outer_momentum=0.5; rank-0 local loss."
"DiLoCo (8xA100, NVLink)",3560,1.7498112,4.006,0.0018,313.7,78.9,measured,out/prime-diloco/session_out/train.log,"K=8, H=500, outer_lr=0.7, outer_momentum=0.5; rank-0 local loss."
"DiLoCo (8xA100, NVLink)",3570,1.7547264,4.0043,0.0018,314.1,78.7,measured,out/prime-diloco/session_out/train.log,"K=8, H=500, outer_lr=0.7, outer_momentum=0.5; rank-0 local loss."
"DiLoCo (8xA100, NVLink)",3580,1.7596416,4.2022,0.0018,313.0,79.0,measured,out/prime-diloco/session_out/train.log,"K=8, H=500, outer_lr=0.7, outer_momentum=0.5; rank-0 local loss."
"DiLoCo (8xA100, NVLink)",3590,1.7645568,4.0499,0.0018,315.2,78.5,measured,out/prime-diloco/session_out/train.log,"K=8, H=500, outer_lr=0.7, outer_momentum=0.5; rank-0 local loss."
"DiLoCo (8xA100, NVLink)",3600,1.769472,4.3071,0.0018,313.8,78.8,measured,out/prime-diloco/session_out/train.log,"K=8, H=500, outer_lr=0.7, outer_momentum=0.5; rank-0 local loss."
"DiLoCo (8xA100, NVLink)",3610,1.7743872,4.1322,0.0018,314.3,78.7,measured,out/prime-diloco/session_out/train.log,"K=8, H=500, outer_lr=0.7, outer_momentum=0.5; rank-0 local loss."
"DiLoCo (8xA100, NVLink)",3620,1.7793024,4.0825,0.0018,314.6,78.6,measured,out/prime-diloco/session_out/train.log,"K=8, H=500, outer_lr=0.7, outer_momentum=0.5; rank-0 local loss."
"DiLoCo (8xA100, NVLink)",3630,1.7842176,4.1924,0.0018,313.8,78.8,measured,out/prime-diloco/session_out/train.log,"K=8, H=500, outer_lr=0.7, outer_momentum=0.5; rank-0 local loss."
"DiLoCo (8xA100, NVLink)",3640,1.7891328,4.0111,0.0018,314.2,78.7,measured,out/prime-diloco/session_out/train.log,"K=8, H=500, outer_lr=0.7, outer_momentum=0.5; rank-0 local loss."
"DiLoCo (8xA100, NVLink)",3650,1.794048,4.0739,0.0018,313.3,78.9,measured,out/prime-diloco/session_out/train.log,"K=8, H=500, outer_lr=0.7, outer_momentum=0.5; rank-0 local loss."
"DiLoCo (8xA100, NVLink)",3660,1.7989632,4.0301,0.0018,313.8,78.8,measured,out/prime-diloco/session_out/train.log,"K=8, H=500, outer_lr=0.7, outer_momentum=0.5; rank-0 local loss."
"DiLoCo (8xA100, NVLink)",3670,1.8038784,3.8269,0.0018,313.0,79.0,measured,out/prime-diloco/session_out/train.log,"K=8, H=500, outer_lr=0.7, outer_momentum=0.5; rank-0 local loss."
"DiLoCo (8xA100, NVLink)",3680,1.8087936,3.9306,0.0018,313.7,78.9,measured,out/prime-diloco/session_out/train.log,"K=8, H=500, outer_lr=0.7, outer_momentum=0.5; rank-0 local loss."
"DiLoCo (8xA100, NVLink)",3690,1.8137088,4.1891,0.0018,312.8,79.1,measured,out/prime-diloco/session_out/train.log,"K=8, H=500, outer_lr=0.7, outer_momentum=0.5; rank-0 local loss."
"DiLoCo (8xA100, NVLink)",3700,1.818624,4.0836,0.0018,312.9,79.1,measured,out/prime-diloco/session_out/train.log,"K=8, H=500, outer_lr=0.7, outer_momentum=0.5; rank-0 local loss."
"DiLoCo (8xA100, NVLink)",3710,1.8235392,4.0334,0.0018,313.5,78.9,measured,out/prime-diloco/session_out/train.log,"K=8, H=500, outer_lr=0.7, outer_momentum=0.5; rank-0 local loss."
"DiLoCo (8xA100, NVLink)",3720,1.8284544,4.1955,0.0018,312.1,79.3,measured,out/prime-diloco/session_out/train.log,"K=8, H=500, outer_lr=0.7, outer_momentum=0.5; rank-0 local loss."
"DiLoCo (8xA100, NVLink)",3730,1.8333696,3.9919,0.0018,313.6,78.9,measured,out/prime-diloco/session_out/train.log,"K=8, H=500, outer_lr=0.7, outer_momentum=0.5; rank-0 local loss."
"DiLoCo (8xA100, NVLink)",3740,1.8382848,4.024,0.0018,313.2,79.0,measured,out/prime-diloco/session_out/train.log,"K=8, H=500, outer_lr=0.7, outer_momentum=0.5; rank-0 local loss."
"DiLoCo (8xA100, NVLink)",3750,1.8432,3.95,0.0018,312.3,79.2,measured,out/prime-diloco/session_out/train.log,"K=8, H=500, outer_lr=0.7, outer_momentum=0.5; rank-0 local loss."
"DiLoCo (8xA100, NVLink)",3760,1.8481152,3.9901,0.0018,311.9,79.3,measured,out/prime-diloco/session_out/train.log,"K=8, H=500, outer_lr=0.7, outer_momentum=0.5; rank-0 local loss."
"DiLoCo (8xA100, NVLink)",3770,1.8530304,4.0889,0.0018,313.5,78.9,measured,out/prime-diloco/session_out/train.log,"K=8, H=500, outer_lr=0.7, outer_momentum=0.5; rank-0 local loss."
"DiLoCo (8xA100, NVLink)",3780,1.8579456,4.3162,0.0018,313.8,78.8,measured,out/prime-diloco/session_out/train.log,"K=8, H=500, outer_lr=0.7, outer_momentum=0.5; rank-0 local loss."
"DiLoCo (8xA100, NVLink)",3790,1.8628608,4.0511,0.0018,312.8,79.1,measured,out/prime-diloco/session_out/train.log,"K=8, H=500, outer_lr=0.7, outer_momentum=0.5; rank-0 local loss."
"DiLoCo (8xA100, NVLink)",3800,1.867776,4.1673,0.0018,312.8,79.1,measured,out/prime-diloco/session_out/train.log,"K=8, H=500, outer_lr=0.7, outer_momentum=0.5; rank-0 local loss."
"DiLoCo (8xA100, NVLink)",3810,1.8726912,4.0378,0.0018,314.6,78.6,measured,out/prime-diloco/session_out/train.log,"K=8, H=500, outer_lr=0.7, outer_momentum=0.5; rank-0 local loss."
"DiLoCo (8xA100, NVLink)",3820,1.8776064,4.0931,0.0018,313.2,79.0,measured,out/prime-diloco/session_out/train.log,"K=8, H=500, outer_lr=0.7, outer_momentum=0.5; rank-0 local loss."
"DiLoCo (8xA100, NVLink)",3830,1.8825216,4.0107,0.0018,312.7,79.1,measured,out/prime-diloco/session_out/train.log,"K=8, H=500, outer_lr=0.7, outer_momentum=0.5; rank-0 local loss."
"DiLoCo (8xA100, NVLink)",3840,1.8874368,3.9941,0.0018,312.7,79.1,measured,out/prime-diloco/session_out/train.log,"K=8, H=500, outer_lr=0.7, outer_momentum=0.5; rank-0 local loss."
"DiLoCo (8xA100, NVLink)",3850,1.892352,4.1582,0.0018,312.9,79.0,measured,out/prime-diloco/session_out/train.log,"K=8, H=500, outer_lr=0.7, outer_momentum=0.5; rank-0 local loss."
"DiLoCo (8xA100, NVLink)",3860,1.8972672,3.9519,0.0018,314.0,78.8,measured,out/prime-diloco/session_out/train.log,"K=8, H=500, outer_lr=0.7, outer_momentum=0.5; rank-0 local loss."
"DiLoCo (8xA100, NVLink)",3870,1.9021824,4.1729,0.0018,314.5,78.6,measured,out/prime-diloco/session_out/train.log,"K=8, H=500, outer_lr=0.7, outer_momentum=0.5; rank-0 local loss."
"DiLoCo (8xA100, NVLink)",3880,1.9070976,4.0271,0.0018,313.3,78.9,measured,out/prime-diloco/session_out/train.log,"K=8, H=500, outer_lr=0.7, outer_momentum=0.5; rank-0 local loss."
"DiLoCo (8xA100, NVLink)",3890,1.9120128,5.4481,0.0018,314.3,78.7,measured,out/prime-diloco/session_out/train.log,"K=8, H=500, outer_lr=0.7, outer_momentum=0.5; rank-0 local loss."
"DiLoCo (8xA100, NVLink)",3900,1.916928,4.0973,0.0018,314.5,78.6,measured,out/prime-diloco/session_out/train.log,"K=8, H=500, outer_lr=0.7, outer_momentum=0.5; rank-0 local loss."
"DiLoCo (8xA100, NVLink)",3910,1.9218432,3.9957,0.0018,314.1,78.7,measured,out/prime-diloco/session_out/train.log,"K=8, H=500, outer_lr=0.7, outer_momentum=0.5; rank-0 local loss."
"DiLoCo (8xA100, NVLink)",3920,1.9267584,4.0138,0.0018,313.8,78.8,measured,out/prime-diloco/session_out/train.log,"K=8, H=500, outer_lr=0.7, outer_momentum=0.5; rank-0 local loss."
"DiLoCo (8xA100, NVLink)",3930,1.9316736,4.3567,0.0018,313.4,78.9,measured,out/prime-diloco/session_out/train.log,"K=8, H=500, outer_lr=0.7, outer_momentum=0.5; rank-0 local loss."
"DiLoCo (8xA100, NVLink)",3940,1.9365888,4.074,0.0018,313.1,79.0,measured,out/prime-diloco/session_out/train.log,"K=8, H=500, outer_lr=0.7, outer_momentum=0.5; rank-0 local loss."
"DiLoCo (8xA100, NVLink)",3950,1.941504,4.0075,0.0018,313.0,79.0,measured,out/prime-diloco/session_out/train.log,"K=8, H=500, outer_lr=0.7, outer_momentum=0.5; rank-0 local loss."
"DiLoCo (8xA100, NVLink)",3960,1.9464192,4.0688,0.0018,312.9,79.1,measured,out/prime-diloco/session_out/train.log,"K=8, H=500, outer_lr=0.7, outer_momentum=0.5; rank-0 local loss."
"DiLoCo (8xA100, NVLink)",3970,1.9513344,4.3013,0.0018,312.6,79.1,measured,out/prime-diloco/session_out/train.log,"K=8, H=500, outer_lr=0.7, outer_momentum=0.5; rank-0 local loss."
"DiLoCo (8xA100, NVLink)",3980,1.9562496,4.0569,0.0018,313.1,79.0,measured,out/prime-diloco/session_out/train.log,"K=8, H=500, outer_lr=0.7, outer_momentum=0.5; rank-0 local loss."
"DiLoCo (8xA100, NVLink)",3990,1.9611648,4.0873,0.0018,313.1,79.0,measured,out/prime-diloco/session_out/train.log,"K=8, H=500, outer_lr=0.7, outer_momentum=0.5; rank-0 local loss."
"DiLoCo (8xA100, NVLink)",4000,1.96608,4.1333,0.0018,926.7,26.7,measured,out/prime-diloco/session_out/train.log,"K=8, H=500, outer_lr=0.7, outer_momentum=0.5; rank-0 local loss."
"DiLoCo (8xA100, NVLink)",4010,1.9709952,3.8617,0.0018,313.1,79.0,measured,out/prime-diloco/session_out/train.log,"K=8, H=500, outer_lr=0.7, outer_momentum=0.5; rank-0 local loss."
"DiLoCo (8xA100, NVLink)",4020,1.9759104,3.8392,0.0018,314.1,78.7,measured,out/prime-diloco/session_out/train.log,"K=8, H=500, outer_lr=0.7, outer_momentum=0.5; rank-0 local loss."
"DiLoCo (8xA100, NVLink)",4030,1.9808256,3.9729,0.0018,312.7,79.1,measured,out/prime-diloco/session_out/train.log,"K=8, H=500, outer_lr=0.7, outer_momentum=0.5; rank-0 local loss."
"DiLoCo (8xA100, NVLink)",4040,1.9857408,3.9388,0.0018,314.2,78.7,measured,out/prime-diloco/session_out/train.log,"K=8, H=500, outer_lr=0.7, outer_momentum=0.5; rank-0 local loss."
"DiLoCo (8xA100, NVLink)",4050,1.990656,3.9421,0.0018,313.7,78.8,measured,out/prime-diloco/session_out/train.log,"K=8, H=500, outer_lr=0.7, outer_momentum=0.5; rank-0 local loss."
"DiLoCo (8xA100, NVLink)",4060,1.9955712,3.9146,0.0018,313.5,78.9,measured,out/prime-diloco/session_out/train.log,"K=8, H=500, outer_lr=0.7, outer_momentum=0.5; rank-0 local loss."
"DiLoCo (8xA100, NVLink)",4070,2.0004864,4.0678,0.0018,314.8,78.6,measured,out/prime-diloco/session_out/train.log,"K=8, H=500, outer_lr=0.7, outer_momentum=0.5; rank-0 local loss."
"DiLoCo (8xA100, NVLink)",4080,2.0054016,4.0556,0.0018,313.8,78.8,measured,out/prime-diloco/session_out/train.log,"K=8, H=500, outer_lr=0.7, outer_momentum=0.5; rank-0 local loss."
"DiLoCo (8xA100, NVLink)",4090,2.0103168,3.9514,0.0018,313.2,79.0,measured,out/prime-diloco/session_out/train.log,"K=8, H=500, outer_lr=0.7, outer_momentum=0.5; rank-0 local loss."
"DiLoCo (8xA100, NVLink)",4100,2.015232,3.9525,0.0018,313.5,78.9,measured,out/prime-diloco/session_out/train.log,"K=8, H=500, outer_lr=0.7, outer_momentum=0.5; rank-0 local loss."
"DiLoCo (8xA100, NVLink)",4110,2.0201472,3.9416,0.0018,314.7,78.6,measured,out/prime-diloco/session_out/train.log,"K=8, H=500, outer_lr=0.7, outer_momentum=0.5; rank-0 local loss."
"DiLoCo (8xA100, NVLink)",4120,2.0250624,4.2306,0.0018,313.9,78.8,measured,out/prime-diloco/session_out/train.log,"K=8, H=500, outer_lr=0.7, outer_momentum=0.5; rank-0 local loss."
"DiLoCo (8xA100, NVLink)",4130,2.0299776,4.1407,0.0018,314.0,78.8,measured,out/prime-diloco/session_out/train.log,"K=8, H=500, outer_lr=0.7, outer_momentum=0.5; rank-0 local loss."
"DiLoCo (8xA100, NVLink)",4140,2.0348928,3.9702,0.0018,314.2,78.7,measured,out/prime-diloco/session_out/train.log,"K=8, H=500, outer_lr=0.7, outer_momentum=0.5; rank-0 local loss."
"DiLoCo (8xA100, NVLink)",4150,2.039808,3.8975,0.0018,314.5,78.7,measured,out/prime-diloco/session_out/train.log,"K=8, H=500, outer_lr=0.7, outer_momentum=0.5; rank-0 local loss."
"DiLoCo (8xA100, NVLink)",4160,2.0447232,4.0808,0.0018,313.1,79.0,measured,out/prime-diloco/session_out/train.log,"K=8, H=500, outer_lr=0.7, outer_momentum=0.5; rank-0 local loss."
"DiLoCo (8xA100, NVLink)",4170,2.0496384,4.0868,0.0018,313.7,78.9,measured,out/prime-diloco/session_out/train.log,"K=8, H=500, outer_lr=0.7, outer_momentum=0.5; rank-0 local loss."
"DiLoCo (8xA100, NVLink)",4180,2.0545536,3.9395,0.0018,315.3,78.5,measured,out/prime-diloco/session_out/train.log,"K=8, H=500, outer_lr=0.7, outer_momentum=0.5; rank-0 local loss."
"DiLoCo (8xA100, NVLink)",4190,2.0594688,3.957,0.0018,314.1,78.7,measured,out/prime-diloco/session_out/train.log,"K=8, H=500, outer_lr=0.7, outer_momentum=0.5; rank-0 local loss."
"DiLoCo (8xA100, NVLink)",4200,2.064384,4.026,0.0018,314.2,78.7,measured,out/prime-diloco/session_out/train.log,"K=8, H=500, outer_lr=0.7, outer_momentum=0.5; rank-0 local loss."
"DiLoCo (8xA100, NVLink)",4210,2.0692992,3.9676,0.0018,313.7,78.8,measured,out/prime-diloco/session_out/train.log,"K=8, H=500, outer_lr=0.7, outer_momentum=0.5; rank-0 local loss."
"DiLoCo (8xA100, NVLink)",4220,2.0742144,4.211,0.0018,314.1,78.7,measured,out/prime-diloco/session_out/train.log,"K=8, H=500, outer_lr=0.7, outer_momentum=0.5; rank-0 local loss."
"DiLoCo (8xA100, NVLink)",4230,2.0791296,3.9331,0.0018,314.4,78.7,measured,out/prime-diloco/session_out/train.log,"K=8, H=500, outer_lr=0.7, outer_momentum=0.5; rank-0 local loss."
"DiLoCo (8xA100, NVLink)",4240,2.0840448,4.0847,0.0018,314.2,78.7,measured,out/prime-diloco/session_out/train.log,"K=8, H=500, outer_lr=0.7, outer_momentum=0.5; rank-0 local loss."
"DiLoCo (8xA100, NVLink)",4250,2.08896,4.037,0.0018,314.6,78.6,measured,out/prime-diloco/session_out/train.log,"K=8, H=500, outer_lr=0.7, outer_momentum=0.5; rank-0 local loss."
"DiLoCo (8xA100, NVLink)",4260,2.0938752,4.0062,0.0018,315.1,78.5,measured,out/prime-diloco/session_out/train.log,"K=8, H=500, outer_lr=0.7, outer_momentum=0.5; rank-0 local loss."
"DiLoCo (8xA100, NVLink)",4270,2.0987904,4.0387,0.0018,313.2,79.0,measured,out/prime-diloco/session_out/train.log,"K=8, H=500, outer_lr=0.7, outer_momentum=0.5; rank-0 local loss."
"DiLoCo (8xA100, NVLink)",4280,2.1037056,3.9428,0.0018,314.5,78.7,measured,out/prime-diloco/session_out/train.log,"K=8, H=500, outer_lr=0.7, outer_momentum=0.5; rank-0 local loss."
"DiLoCo (8xA100, NVLink)",4290,2.1086208,4.1273,0.0018,313.0,79.0,measured,out/prime-diloco/session_out/train.log,"K=8, H=500, outer_lr=0.7, outer_momentum=0.5; rank-0 local loss."
"DiLoCo (8xA100, NVLink)",4300,2.113536,4.1873,0.0018,313.1,79.0,measured,out/prime-diloco/session_out/train.log,"K=8, H=500, outer_lr=0.7, outer_momentum=0.5; rank-0 local loss."
"DiLoCo (8xA100, NVLink)",4310,2.1184512,4.0085,0.0018,312.5,79.2,measured,out/prime-diloco/session_out/train.log,"K=8, H=500, outer_lr=0.7, outer_momentum=0.5; rank-0 local loss."
"DiLoCo (8xA100, NVLink)",4320,2.1233664,3.9044,0.0018,314.6,78.6,measured,out/prime-diloco/session_out/train.log,"K=8, H=500, outer_lr=0.7, outer_momentum=0.5; rank-0 local loss."
"DiLoCo (8xA100, NVLink)",4330,2.1282816,3.908,0.0018,313.1,79.0,measured,out/prime-diloco/session_out/train.log,"K=8, H=500, outer_lr=0.7, outer_momentum=0.5; rank-0 local loss."
"DiLoCo (8xA100, NVLink)",4340,2.1331968,3.9901,0.0018,313.0,79.0,measured,out/prime-diloco/session_out/train.log,"K=8, H=500, outer_lr=0.7, outer_momentum=0.5; rank-0 local loss."
"DiLoCo (8xA100, NVLink)",4350,2.138112,4.0861,0.0018,313.5,78.9,measured,out/prime-diloco/session_out/train.log,"K=8, H=500, outer_lr=0.7, outer_momentum=0.5; rank-0 local loss."
"DiLoCo (8xA100, NVLink)",4360,2.1430272,4.0603,0.0018,313.5,78.9,measured,out/prime-diloco/session_out/train.log,"K=8, H=500, outer_lr=0.7, outer_momentum=0.5; rank-0 local loss."
"DiLoCo (8xA100, NVLink)",4370,2.1479424,3.9231,0.0018,313.4,78.9,measured,out/prime-diloco/session_out/train.log,"K=8, H=500, outer_lr=0.7, outer_momentum=0.5; rank-0 local loss."
"DiLoCo (8xA100, NVLink)",4380,2.1528576,4.1095,0.0018,313.3,78.9,measured,out/prime-diloco/session_out/train.log,"K=8, H=500, outer_lr=0.7, outer_momentum=0.5; rank-0 local loss."
"DiLoCo (8xA100, NVLink)",4390,2.1577728,3.9636,0.0018,313.9,78.8,measured,out/prime-diloco/session_out/train.log,"K=8, H=500, outer_lr=0.7, outer_momentum=0.5; rank-0 local loss."
"DiLoCo (8xA100, NVLink)",4400,2.162688,4.1049,0.0018,314.3,78.7,measured,out/prime-diloco/session_out/train.log,"K=8, H=500, outer_lr=0.7, outer_momentum=0.5; rank-0 local loss."
"DiLoCo (8xA100, NVLink)",4410,2.1676032,3.965,0.0018,313.2,79.0,measured,out/prime-diloco/session_out/train.log,"K=8, H=500, outer_lr=0.7, outer_momentum=0.5; rank-0 local loss."
"DiLoCo (8xA100, NVLink)",4420,2.1725184,4.1575,0.0018,314.4,78.7,measured,out/prime-diloco/session_out/train.log,"K=8, H=500, outer_lr=0.7, outer_momentum=0.5; rank-0 local loss."
"DiLoCo (8xA100, NVLink)",4430,2.1774336,4.1958,0.0018,314.4,78.7,measured,out/prime-diloco/session_out/train.log,"K=8, H=500, outer_lr=0.7, outer_momentum=0.5; rank-0 local loss."
"DiLoCo (8xA100, NVLink)",4440,2.1823488,4.0498,0.0018,314.1,78.8,measured,out/prime-diloco/session_out/train.log,"K=8, H=500, outer_lr=0.7, outer_momentum=0.5; rank-0 local loss."
"DiLoCo (8xA100, NVLink)",4450,2.187264,4.1469,0.0018,313.8,78.8,measured,out/prime-diloco/session_out/train.log,"K=8, H=500, outer_lr=0.7, outer_momentum=0.5; rank-0 local loss."
"DiLoCo (8xA100, NVLink)",4460,2.1921792,3.9668,0.0018,313.7,78.8,measured,out/prime-diloco/session_out/train.log,"K=8, H=500, outer_lr=0.7, outer_momentum=0.5; rank-0 local loss."
"DiLoCo (8xA100, NVLink)",4470,2.1970944,4.1149,0.0018,312.6,79.1,measured,out/prime-diloco/session_out/train.log,"K=8, H=500, outer_lr=0.7, outer_momentum=0.5; rank-0 local loss."
"DiLoCo (8xA100, NVLink)",4480,2.2020096,3.9929,0.0018,313.4,78.9,measured,out/prime-diloco/session_out/train.log,"K=8, H=500, outer_lr=0.7, outer_momentum=0.5; rank-0 local loss."
"DiLoCo (8xA100, NVLink)",4490,2.2069248,4.0249,0.0018,315.1,78.5,measured,out/prime-diloco/session_out/train.log,"K=8, H=500, outer_lr=0.7, outer_momentum=0.5; rank-0 local loss."
"DiLoCo (8xA100, NVLink)",4500,2.21184,3.8988,0.0018,401.9,61.6,measured,out/prime-diloco/session_out/train.log,"K=8, H=500, outer_lr=0.7, outer_momentum=0.5; rank-0 local loss."
"DiLoCo (8xA100, NVLink)",4510,2.2167552,3.7176,0.0018,312.9,79.0,measured,out/prime-diloco/session_out/train.log,"K=8, H=500, outer_lr=0.7, outer_momentum=0.5; rank-0 local loss."
"DiLoCo (8xA100, NVLink)",4520,2.2216704,3.9034,0.0018,312.6,79.1,measured,out/prime-diloco/session_out/train.log,"K=8, H=500, outer_lr=0.7, outer_momentum=0.5; rank-0 local loss."
"DiLoCo (8xA100, NVLink)",4530,2.2265856,4.2902,0.0018,314.9,78.6,measured,out/prime-diloco/session_out/train.log,"K=8, H=500, outer_lr=0.7, outer_momentum=0.5; rank-0 local loss."
"DiLoCo (8xA100, NVLink)",4540,2.2315008,3.8391,0.0018,315.0,78.5,measured,out/prime-diloco/session_out/train.log,"K=8, H=500, outer_lr=0.7, outer_momentum=0.5; rank-0 local loss."
"DiLoCo (8xA100, NVLink)",4550,2.236416,3.9686,0.0018,313.6,78.9,measured,out/prime-diloco/session_out/train.log,"K=8, H=500, outer_lr=0.7, outer_momentum=0.5; rank-0 local loss."
"DiLoCo (8xA100, NVLink)",4560,2.2413312,3.9507,0.0018,315.2,78.5,measured,out/prime-diloco/session_out/train.log,"K=8, H=500, outer_lr=0.7, outer_momentum=0.5; rank-0 local loss."
"DiLoCo (8xA100, NVLink)",4570,2.2462464,4.0367,0.0018,314.1,78.7,measured,out/prime-diloco/session_out/train.log,"K=8, H=500, outer_lr=0.7, outer_momentum=0.5; rank-0 local loss."
"DiLoCo (8xA100, NVLink)",4580,2.2511616,3.8751,0.0018,314.5,78.7,measured,out/prime-diloco/session_out/train.log,"K=8, H=500, outer_lr=0.7, outer_momentum=0.5; rank-0 local loss."
"DiLoCo (8xA100, NVLink)",4590,2.2560768,3.9779,0.0018,314.4,78.7,measured,out/prime-diloco/session_out/train.log,"K=8, H=500, outer_lr=0.7, outer_momentum=0.5; rank-0 local loss."
"DiLoCo (8xA100, NVLink)",4600,2.260992,3.9256,0.0018,314.2,78.7,measured,out/prime-diloco/session_out/train.log,"K=8, H=500, outer_lr=0.7, outer_momentum=0.5; rank-0 local loss."
"DiLoCo (8xA100, NVLink)",4610,2.2659072,4.0313,0.0018,313.3,78.9,measured,out/prime-diloco/session_out/train.log,"K=8, H=500, outer_lr=0.7, outer_momentum=0.5; rank-0 local loss."
"DiLoCo (8xA100, NVLink)",4620,2.2708224,3.9642,0.0018,313.5,78.9,measured,out/prime-diloco/session_out/train.log,"K=8, H=500, outer_lr=0.7, outer_momentum=0.5; rank-0 local loss."
"DiLoCo (8xA100, NVLink)",4630,2.2757376,4.0709,0.0018,314.1,78.8,measured,out/prime-diloco/session_out/train.log,"K=8, H=500, outer_lr=0.7, outer_momentum=0.5; rank-0 local loss."
"DiLoCo (8xA100, NVLink)",4640,2.2806528,4.0302,0.0018,313.8,78.8,measured,out/prime-diloco/session_out/train.log,"K=8, H=500, outer_lr=0.7, outer_momentum=0.5; rank-0 local loss."
"DiLoCo (8xA100, NVLink)",4650,2.285568,4.0348,0.0018,314.3,78.7,measured,out/prime-diloco/session_out/train.log,"K=8, H=500, outer_lr=0.7, outer_momentum=0.5; rank-0 local loss."
"DiLoCo (8xA100, NVLink)",4660,2.2904832,4.0113,0.0018,314.2,78.7,measured,out/prime-diloco/session_out/train.log,"K=8, H=500, outer_lr=0.7, outer_momentum=0.5; rank-0 local loss."
"DiLoCo (8xA100, NVLink)",4670,2.2953984,4.023,0.0018,313.4,78.9,measured,out/prime-diloco/session_out/train.log,"K=8, H=500, outer_lr=0.7, outer_momentum=0.5; rank-0 local loss."
"DiLoCo (8xA100, NVLink)",4680,2.3003136,3.9006,0.0018,314.0,78.8,measured,out/prime-diloco/session_out/train.log,"K=8, H=500, outer_lr=0.7, outer_momentum=0.5; rank-0 local loss."
"DiLoCo (8xA100, NVLink)",4690,2.3052288,4.1886,0.0018,314.2,78.7,measured,out/prime-diloco/session_out/train.log,"K=8, H=500, outer_lr=0.7, outer_momentum=0.5; rank-0 local loss."
"DiLoCo (8xA100, NVLink)",4700,2.310144,3.9565,0.0018,313.6,78.9,measured,out/prime-diloco/session_out/train.log,"K=8, H=500, outer_lr=0.7, outer_momentum=0.5; rank-0 local loss."
"DiLoCo (8xA100, NVLink)",4710,2.3150592,4.0475,0.0018,313.6,78.9,measured,out/prime-diloco/session_out/train.log,"K=8, H=500, outer_lr=0.7, outer_momentum=0.5; rank-0 local loss."
"DiLoCo (8xA100, NVLink)",4720,2.3199744,3.9315,0.0018,314.0,78.8,measured,out/prime-diloco/session_out/train.log,"K=8, H=500, outer_lr=0.7, outer_momentum=0.5; rank-0 local loss."
"DiLoCo (8xA100, NVLink)",4730,2.3248896,3.9314,0.0018,314.6,78.6,measured,out/prime-diloco/session_out/train.log,"K=8, H=500, outer_lr=0.7, outer_momentum=0.5; rank-0 local loss."
"DiLoCo (8xA100, NVLink)",4740,2.3298048,4.1909,0.0018,314.3,78.7,measured,out/prime-diloco/session_out/train.log,"K=8, H=500, outer_lr=0.7, outer_momentum=0.5; rank-0 local loss."
"DiLoCo (8xA100, NVLink)",4750,2.33472,4.0678,0.0018,314.2,78.7,measured,out/prime-diloco/session_out/train.log,"K=8, H=500, outer_lr=0.7, outer_momentum=0.5; rank-0 local loss."
"DiLoCo (8xA100, NVLink)",4760,2.3396352,3.9211,0.0018,313.8,78.8,measured,out/prime-diloco/session_out/train.log,"K=8, H=500, outer_lr=0.7, outer_momentum=0.5; rank-0 local loss."
"DiLoCo (8xA100, NVLink)",4770,2.3445504,4.0368,0.0018,312.7,79.1,measured,out/prime-diloco/session_out/train.log,"K=8, H=500, outer_lr=0.7, outer_momentum=0.5; rank-0 local loss."
"DiLoCo (8xA100, NVLink)",4780,2.3494656,4.1101,0.0018,312.6,79.1,measured,out/prime-diloco/session_out/train.log,"K=8, H=500, outer_lr=0.7, outer_momentum=0.5; rank-0 local loss."
"DiLoCo (8xA100, NVLink)",4790,2.3543808,3.9699,0.0018,312.6,79.1,measured,out/prime-diloco/session_out/train.log,"K=8, H=500, outer_lr=0.7, outer_momentum=0.5; rank-0 local loss."
"DiLoCo (8xA100, NVLink)",4800,2.359296,4.0106,0.0018,313.5,78.9,measured,out/prime-diloco/session_out/train.log,"K=8, H=500, outer_lr=0.7, outer_momentum=0.5; rank-0 local loss."
"DiLoCo (8xA100, NVLink)",4810,2.3642112,4.0494,0.0018,313.3,78.9,measured,out/prime-diloco/session_out/train.log,"K=8, H=500, outer_lr=0.7, outer_momentum=0.5; rank-0 local loss."
"DiLoCo (8xA100, NVLink)",4820,2.3691264,3.7504,0.0018,314.3,78.7,measured,out/prime-diloco/session_out/train.log,"K=8, H=500, outer_lr=0.7, outer_momentum=0.5; rank-0 local loss."
"DiLoCo (8xA100, NVLink)",4830,2.3740416,3.996,0.0018,313.6,78.9,measured,out/prime-diloco/session_out/train.log,"K=8, H=500, outer_lr=0.7, outer_momentum=0.5; rank-0 local loss."
"DiLoCo (8xA100, NVLink)",4840,2.3789568,3.9641,0.0018,314.3,78.7,measured,out/prime-diloco/session_out/train.log,"K=8, H=500, outer_lr=0.7, outer_momentum=0.5; rank-0 local loss."
"DiLoCo (8xA100, NVLink)",4850,2.383872,3.8787,0.0018,314.3,78.7,measured,out/prime-diloco/session_out/train.log,"K=8, H=500, outer_lr=0.7, outer_momentum=0.5; rank-0 local loss."
"DiLoCo (8xA100, NVLink)",4860,2.3887872,3.9694,0.0018,314.4,78.7,measured,out/prime-diloco/session_out/train.log,"K=8, H=500, outer_lr=0.7, outer_momentum=0.5; rank-0 local loss."
"DiLoCo (8xA100, NVLink)",4870,2.3937024,3.8693,0.0018,314.3,78.7,measured,out/prime-diloco/session_out/train.log,"K=8, H=500, outer_lr=0.7, outer_momentum=0.5; rank-0 local loss."
"DiLoCo (8xA100, NVLink)",4880,2.3986176,4.1171,0.0018,313.1,79.0,measured,out/prime-diloco/session_out/train.log,"K=8, H=500, outer_lr=0.7, outer_momentum=0.5; rank-0 local loss."
"DiLoCo (8xA100, NVLink)",4890,2.4035328,4.1926,0.0018,313.4,78.9,measured,out/prime-diloco/session_out/train.log,"K=8, H=500, outer_lr=0.7, outer_momentum=0.5; rank-0 local loss."
"DiLoCo (8xA100, NVLink)",4900,2.408448,3.8579,0.0018,313.2,79.0,measured,out/prime-diloco/session_out/train.log,"K=8, H=500, outer_lr=0.7, outer_momentum=0.5; rank-0 local loss."
"DiLoCo (8xA100, NVLink)",4910,2.4133632,3.9055,0.0018,313.5,78.9,measured,out/prime-diloco/session_out/train.log,"K=8, H=500, outer_lr=0.7, outer_momentum=0.5; rank-0 local loss."
"DiLoCo (8xA100, NVLink)",4920,2.4182784,4.3128,0.0018,314.4,78.7,measured,out/prime-diloco/session_out/train.log,"K=8, H=500, outer_lr=0.7, outer_momentum=0.5; rank-0 local loss."
"DiLoCo (8xA100, NVLink)",4930,2.4231936,4.0725,0.0018,314.3,78.7,measured,out/prime-diloco/session_out/train.log,"K=8, H=500, outer_lr=0.7, outer_momentum=0.5; rank-0 local loss."
"DiLoCo (8xA100, NVLink)",4940,2.4281088,3.9755,0.0018,313.4,78.9,measured,out/prime-diloco/session_out/train.log,"K=8, H=500, outer_lr=0.7, outer_momentum=0.5; rank-0 local loss."
"DiLoCo (8xA100, NVLink)",4950,2.433024,3.8848,0.0018,314.0,78.8,measured,out/prime-diloco/session_out/train.log,"K=8, H=500, outer_lr=0.7, outer_momentum=0.5; rank-0 local loss."
"DiLoCo (8xA100, NVLink)",4960,2.4379392,4.1047,0.0018,313.7,78.8,measured,out/prime-diloco/session_out/train.log,"K=8, H=500, outer_lr=0.7, outer_momentum=0.5; rank-0 local loss."
"DiLoCo (8xA100, NVLink)",4970,2.4428544,4.0232,0.0018,312.9,79.0,measured,out/prime-diloco/session_out/train.log,"K=8, H=500, outer_lr=0.7, outer_momentum=0.5; rank-0 local loss."
"DiLoCo (8xA100, NVLink)",4980,2.4477696,4.0945,0.0018,315.6,78.4,measured,out/prime-diloco/session_out/train.log,"K=8, H=500, outer_lr=0.7, outer_momentum=0.5; rank-0 local loss."
"DiLoCo (8xA100, NVLink)",4990,2.4526848,3.9555,0.0018,314.1,78.7,measured,out/prime-diloco/session_out/train.log,"K=8, H=500, outer_lr=0.7, outer_momentum=0.5; rank-0 local loss."
"DiLoCo (8xA100, NVLink)",5000,2.4576,4.0133,0.0018,531.4,46.5,measured,out/prime-diloco/session_out/train.log,"K=8, H=500, outer_lr=0.7, outer_momentum=0.5; rank-0 local loss."
"DiLoCo (8xA100, NVLink)",5010,2.4625152,3.9781,0.0018,312.9,79.0,measured,out/prime-diloco/session_out/train.log,"K=8, H=500, outer_lr=0.7, outer_momentum=0.5; rank-0 local loss."
"DiLoCo (8xA100, NVLink)",5020,2.4674304,3.8421,0.0018,314.7,78.6,measured,out/prime-diloco/session_out/train.log,"K=8, H=500, outer_lr=0.7, outer_momentum=0.5; rank-0 local loss."
"DiLoCo (8xA100, NVLink)",5030,2.4723456,3.9334,0.0018,314.8,78.6,measured,out/prime-diloco/session_out/train.log,"K=8, H=500, outer_lr=0.7, outer_momentum=0.5; rank-0 local loss."
"DiLoCo (8xA100, NVLink)",5040,2.4772608,3.9914,0.0018,313.6,78.9,measured,out/prime-diloco/session_out/train.log,"K=8, H=500, outer_lr=0.7, outer_momentum=0.5; rank-0 local loss."
"DiLoCo (8xA100, NVLink)",5050,2.482176,3.8667,0.0018,314.1,78.7,measured,out/prime-diloco/session_out/train.log,"K=8, H=500, outer_lr=0.7, outer_momentum=0.5; rank-0 local loss."
"DiLoCo (8xA100, NVLink)",5060,2.4870912,3.8603,0.0018,313.8,78.8,measured,out/prime-diloco/session_out/train.log,"K=8, H=500, outer_lr=0.7, outer_momentum=0.5; rank-0 local loss."
"DiLoCo (8xA100, NVLink)",5070,2.4920064,4.025,0.0018,314.4,78.7,measured,out/prime-diloco/session_out/train.log,"K=8, H=500, outer_lr=0.7, outer_momentum=0.5; rank-0 local loss."
"DiLoCo (8xA100, NVLink)",5080,2.4969216,3.8126,0.0018,314.3,78.7,measured,out/prime-diloco/session_out/train.log,"K=8, H=500, outer_lr=0.7, outer_momentum=0.5; rank-0 local loss."
"DiLoCo (8xA100, NVLink)",5090,2.5018368,3.9607,0.0018,313.2,79.0,measured,out/prime-diloco/session_out/train.log,"K=8, H=500, outer_lr=0.7, outer_momentum=0.5; rank-0 local loss."
"DiLoCo (8xA100, NVLink)",5100,2.506752,3.8742,0.0018,313.3,79.0,measured,out/prime-diloco/session_out/train.log,"K=8, H=500, outer_lr=0.7, outer_momentum=0.5; rank-0 local loss."
"DiLoCo (8xA100, NVLink)",5110,2.5116672,3.8739,0.0018,313.9,78.8,measured,out/prime-diloco/session_out/train.log,"K=8, H=500, outer_lr=0.7, outer_momentum=0.5; rank-0 local loss."
"DiLoCo (8xA100, NVLink)",5120,2.5165824,4.0297,0.0018,313.2,79.0,measured,out/prime-diloco/session_out/train.log,"K=8, H=500, outer_lr=0.7, outer_momentum=0.5; rank-0 local loss."
"DiLoCo (8xA100, NVLink)",5130,2.5214976,3.9017,0.0018,314.4,78.7,measured,out/prime-diloco/session_out/train.log,"K=8, H=500, outer_lr=0.7, outer_momentum=0.5; rank-0 local loss."
"DiLoCo (8xA100, NVLink)",5140,2.5264128,3.8781,0.0018,313.3,79.0,measured,out/prime-diloco/session_out/train.log,"K=8, H=500, outer_lr=0.7, outer_momentum=0.5; rank-0 local loss."
"DiLoCo (8xA100, NVLink)",5150,2.531328,4.1271,0.0018,313.3,78.9,measured,out/prime-diloco/session_out/train.log,"K=8, H=500, outer_lr=0.7, outer_momentum=0.5; rank-0 local loss."
"DiLoCo (8xA100, NVLink)",5160,2.5362432,3.8082,0.0018,313.0,79.0,measured,out/prime-diloco/session_out/train.log,"K=8, H=500, outer_lr=0.7, outer_momentum=0.5; rank-0 local loss."
"DiLoCo (8xA100, NVLink)",5170,2.5411584,3.8312,0.0018,314.0,78.8,measured,out/prime-diloco/session_out/train.log,"K=8, H=500, outer_lr=0.7, outer_momentum=0.5; rank-0 local loss."
"DiLoCo (8xA100, NVLink)",5180,2.5460736,4.3592,0.0018,313.7,78.9,measured,out/prime-diloco/session_out/train.log,"K=8, H=500, outer_lr=0.7, outer_momentum=0.5; rank-0 local loss."
"DiLoCo (8xA100, NVLink)",5190,2.5509888,3.8271,0.0018,314.5,78.6,measured,out/prime-diloco/session_out/train.log,"K=8, H=500, outer_lr=0.7, outer_momentum=0.5; rank-0 local loss."
"DiLoCo (8xA100, NVLink)",5200,2.555904,3.9058,0.0018,313.7,78.9,measured,out/prime-diloco/session_out/train.log,"K=8, H=500, outer_lr=0.7, outer_momentum=0.5; rank-0 local loss."
"DiLoCo (8xA100, NVLink)",5210,2.5608192,3.8728,0.0018,313.2,79.0,measured,out/prime-diloco/session_out/train.log,"K=8, H=500, outer_lr=0.7, outer_momentum=0.5; rank-0 local loss."
"DiLoCo (8xA100, NVLink)",5220,2.5657344,3.952,0.0018,314.4,78.7,measured,out/prime-diloco/session_out/train.log,"K=8, H=500, outer_lr=0.7, outer_momentum=0.5; rank-0 local loss."
"DiLoCo (8xA100, NVLink)",5230,2.5706496,3.8608,0.0018,313.3,79.0,measured,out/prime-diloco/session_out/train.log,"K=8, H=500, outer_lr=0.7, outer_momentum=0.5; rank-0 local loss."
"DiLoCo (8xA100, NVLink)",5240,2.5755648,3.8718,0.0018,313.1,79.0,measured,out/prime-diloco/session_out/train.log,"K=8, H=500, outer_lr=0.7, outer_momentum=0.5; rank-0 local loss."
"DiLoCo (8xA100, NVLink)",5250,2.58048,4.0011,0.0018,312.8,79.1,measured,out/prime-diloco/session_out/train.log,"K=8, H=500, outer_lr=0.7, outer_momentum=0.5; rank-0 local loss."
"DiLoCo (8xA100, NVLink)",5260,2.5853952,3.8131,0.0018,314.2,78.7,measured,out/prime-diloco/session_out/train.log,"K=8, H=500, outer_lr=0.7, outer_momentum=0.5; rank-0 local loss."
"DiLoCo (8xA100, NVLink)",5270,2.5903104,4.0058,0.0018,312.9,79.1,measured,out/prime-diloco/session_out/train.log,"K=8, H=500, outer_lr=0.7, outer_momentum=0.5; rank-0 local loss."
"DiLoCo (8xA100, NVLink)",5280,2.5952256,3.95,0.0018,313.1,79.0,measured,out/prime-diloco/session_out/train.log,"K=8, H=500, outer_lr=0.7, outer_momentum=0.5; rank-0 local loss."
"DiLoCo (8xA100, NVLink)",5290,2.6001408,3.8672,0.0018,312.6,79.1,measured,out/prime-diloco/session_out/train.log,"K=8, H=500, outer_lr=0.7, outer_momentum=0.5; rank-0 local loss."
"DiLoCo (8xA100, NVLink)",5300,2.605056,4.2199,0.0018,313.1,79.0,measured,out/prime-diloco/session_out/train.log,"K=8, H=500, outer_lr=0.7, outer_momentum=0.5; rank-0 local loss."
"DiLoCo (8xA100, NVLink)",5310,2.6099712,4.1084,0.0018,314.8,78.6,measured,out/prime-diloco/session_out/train.log,"K=8, H=500, outer_lr=0.7, outer_momentum=0.5; rank-0 local loss."
"DiLoCo (8xA100, NVLink)",5320,2.6148864,3.9734,0.0018,314.9,78.5,measured,out/prime-diloco/session_out/train.log,"K=8, H=500, outer_lr=0.7, outer_momentum=0.5; rank-0 local loss."
"DiLoCo (8xA100, NVLink)",5330,2.6198016,4.0498,0.0018,315.7,78.3,measured,out/prime-diloco/session_out/train.log,"K=8, H=500, outer_lr=0.7, outer_momentum=0.5; rank-0 local loss."
"DiLoCo (8xA100, NVLink)",5340,2.6247168,4.0455,0.0018,313.9,78.8,measured,out/prime-diloco/session_out/train.log,"K=8, H=500, outer_lr=0.7, outer_momentum=0.5; rank-0 local loss."
"DiLoCo (8xA100, NVLink)",5350,2.629632,3.8612,0.0018,313.8,78.8,measured,out/prime-diloco/session_out/train.log,"K=8, H=500, outer_lr=0.7, outer_momentum=0.5; rank-0 local loss."
"DiLoCo (8xA100, NVLink)",5360,2.6345472,3.8893,0.0018,312.9,79.0,measured,out/prime-diloco/session_out/train.log,"K=8, H=500, outer_lr=0.7, outer_momentum=0.5; rank-0 local loss."
"DiLoCo (8xA100, NVLink)",5370,2.6394624,4.1964,0.0018,313.6,78.9,measured,out/prime-diloco/session_out/train.log,"K=8, H=500, outer_lr=0.7, outer_momentum=0.5; rank-0 local loss."
"DiLoCo (8xA100, NVLink)",5380,2.6443776,3.7864,0.0018,313.2,79.0,measured,out/prime-diloco/session_out/train.log,"K=8, H=500, outer_lr=0.7, outer_momentum=0.5; rank-0 local loss."
"DiLoCo (8xA100, NVLink)",5390,2.6492928,3.854,0.0018,314.1,78.7,measured,out/prime-diloco/session_out/train.log,"K=8, H=500, outer_lr=0.7, outer_momentum=0.5; rank-0 local loss."
"DiLoCo (8xA100, NVLink)",5400,2.654208,3.875,0.0018,314.3,78.7,measured,out/prime-diloco/session_out/train.log,"K=8, H=500, outer_lr=0.7, outer_momentum=0.5; rank-0 local loss."
"DiLoCo (8xA100, NVLink)",5410,2.6591232,4.0408,0.0018,314.2,78.7,measured,out/prime-diloco/session_out/train.log,"K=8, H=500, outer_lr=0.7, outer_momentum=0.5; rank-0 local loss."
"DiLoCo (8xA100, NVLink)",5420,2.6640384,3.7765,0.0018,313.4,78.9,measured,out/prime-diloco/session_out/train.log,"K=8, H=500, outer_lr=0.7, outer_momentum=0.5; rank-0 local loss."
"DiLoCo (8xA100, NVLink)",5430,2.6689536,3.991,0.0018,313.1,79.0,measured,out/prime-diloco/session_out/train.log,"K=8, H=500, outer_lr=0.7, outer_momentum=0.5; rank-0 local loss."
"DiLoCo (8xA100, NVLink)",5440,2.6738688,3.9205,0.0018,313.5,78.9,measured,out/prime-diloco/session_out/train.log,"K=8, H=500, outer_lr=0.7, outer_momentum=0.5; rank-0 local loss."
"DiLoCo (8xA100, NVLink)",5450,2.678784,3.798,0.0018,312.7,79.1,measured,out/prime-diloco/session_out/train.log,"K=8, H=500, outer_lr=0.7, outer_momentum=0.5; rank-0 local loss."
"DiLoCo (8xA100, NVLink)",5460,2.6836992,3.9895,0.0018,313.3,78.9,measured,out/prime-diloco/session_out/train.log,"K=8, H=500, outer_lr=0.7, outer_momentum=0.5; rank-0 local loss."
"DiLoCo (8xA100, NVLink)",5470,2.6886144,4.016,0.0018,314.8,78.6,measured,out/prime-diloco/session_out/train.log,"K=8, H=500, outer_lr=0.7, outer_momentum=0.5; rank-0 local loss."
"DiLoCo (8xA100, NVLink)",5480,2.6935296,3.8455,0.0018,314.3,78.7,measured,out/prime-diloco/session_out/train.log,"K=8, H=500, outer_lr=0.7, outer_momentum=0.5; rank-0 local loss."
"DiLoCo (8xA100, NVLink)",5490,2.6984448,3.8989,0.0018,314.4,78.7,measured,out/prime-diloco/session_out/train.log,"K=8, H=500, outer_lr=0.7, outer_momentum=0.5; rank-0 local loss."
"DiLoCo (8xA100, NVLink)",5500,2.70336,4.0715,0.0018,506.4,48.8,measured,out/prime-diloco/session_out/train.log,"K=8, H=500, outer_lr=0.7, outer_momentum=0.5; rank-0 local loss."
"DiLoCo (8xA100, NVLink)",5510,2.7082752,3.7774,0.0018,315.0,78.5,measured,out/prime-diloco/session_out/train.log,"K=8, H=500, outer_lr=0.7, outer_momentum=0.5; rank-0 local loss."
"DiLoCo (8xA100, NVLink)",5520,2.7131904,3.7825,0.0018,313.4,78.9,measured,out/prime-diloco/session_out/train.log,"K=8, H=500, outer_lr=0.7, outer_momentum=0.5; rank-0 local loss."
"DiLoCo (8xA100, NVLink)",5530,2.7181056,3.7994,0.0018,313.9,78.8,measured,out/prime-diloco/session_out/train.log,"K=8, H=500, outer_lr=0.7, outer_momentum=0.5; rank-0 local loss."
"DiLoCo (8xA100, NVLink)",5540,2.7230208,3.6121,0.0018,313.9,78.8,measured,out/prime-diloco/session_out/train.log,"K=8, H=500, outer_lr=0.7, outer_momentum=0.5; rank-0 local loss."
"DiLoCo (8xA100, NVLink)",5550,2.727936,3.9703,0.0018,314.1,78.7,measured,out/prime-diloco/session_out/train.log,"K=8, H=500, outer_lr=0.7, outer_momentum=0.5; rank-0 local loss."
"DiLoCo (8xA100, NVLink)",5560,2.7328512,3.8766,0.0018,313.6,78.9,measured,out/prime-diloco/session_out/train.log,"K=8, H=500, outer_lr=0.7, outer_momentum=0.5; rank-0 local loss."
"DiLoCo (8xA100, NVLink)",5570,2.7377664,3.9502,0.0018,313.6,78.9,measured,out/prime-diloco/session_out/train.log,"K=8, H=500, outer_lr=0.7, outer_momentum=0.5; rank-0 local loss."
"DiLoCo (8xA100, NVLink)",5580,2.7426816,3.9166,0.0018,313.8,78.8,measured,out/prime-diloco/session_out/train.log,"K=8, H=500, outer_lr=0.7, outer_momentum=0.5; rank-0 local loss."
"DiLoCo (8xA100, NVLink)",5590,2.7475968,3.8837,0.0018,313.8,78.8,measured,out/prime-diloco/session_out/train.log,"K=8, H=500, outer_lr=0.7, outer_momentum=0.5; rank-0 local loss."
"DiLoCo (8xA100, NVLink)",5600,2.752512,3.9079,0.0018,314.6,78.6,measured,out/prime-diloco/session_out/train.log,"K=8, H=500, outer_lr=0.7, outer_momentum=0.5; rank-0 local loss."
"DiLoCo (8xA100, NVLink)",5610,2.7574272,3.8974,0.0018,313.8,78.8,measured,out/prime-diloco/session_out/train.log,"K=8, H=500, outer_lr=0.7, outer_momentum=0.5; rank-0 local loss."
"DiLoCo (8xA100, NVLink)",5620,2.7623424,3.8625,0.0018,313.4,78.9,measured,out/prime-diloco/session_out/train.log,"K=8, H=500, outer_lr=0.7, outer_momentum=0.5; rank-0 local loss."
"DiLoCo (8xA100, NVLink)",5630,2.7672576,4.6084,0.0018,313.6,78.9,measured,out/prime-diloco/session_out/train.log,"K=8, H=500, outer_lr=0.7, outer_momentum=0.5; rank-0 local loss."
"DiLoCo (8xA100, NVLink)",5640,2.7721728,3.7931,0.0018,314.8,78.6,measured,out/prime-diloco/session_out/train.log,"K=8, H=500, outer_lr=0.7, outer_momentum=0.5; rank-0 local loss."
"DiLoCo (8xA100, NVLink)",5650,2.777088,4.0928,0.0018,313.7,78.9,measured,out/prime-diloco/session_out/train.log,"K=8, H=500, outer_lr=0.7, outer_momentum=0.5; rank-0 local loss."
"DiLoCo (8xA100, NVLink)",5660,2.7820032,3.6677,0.0018,312.7,79.1,measured,out/prime-diloco/session_out/train.log,"K=8, H=500, outer_lr=0.7, outer_momentum=0.5; rank-0 local loss."
"DiLoCo (8xA100, NVLink)",5670,2.7869184,3.9642,0.0018,313.0,79.0,measured,out/prime-diloco/session_out/train.log,"K=8, H=500, outer_lr=0.7, outer_momentum=0.5; rank-0 local loss."
"DiLoCo (8xA100, NVLink)",5680,2.7918336,3.9339,0.0018,312.9,79.0,measured,out/prime-diloco/session_out/train.log,"K=8, H=500, outer_lr=0.7, outer_momentum=0.5; rank-0 local loss."
"DiLoCo (8xA100, NVLink)",5690,2.7967488,3.8581,0.0018,314.0,78.8,measured,out/prime-diloco/session_out/train.log,"K=8, H=500, outer_lr=0.7, outer_momentum=0.5; rank-0 local loss."
"DiLoCo (8xA100, NVLink)",5700,2.801664,3.7496,0.0018,313.6,78.9,measured,out/prime-diloco/session_out/train.log,"K=8, H=500, outer_lr=0.7, outer_momentum=0.5; rank-0 local loss."
"DiLoCo (8xA100, NVLink)",5710,2.8065792,4.11,0.0018,314.2,78.7,measured,out/prime-diloco/session_out/train.log,"K=8, H=500, outer_lr=0.7, outer_momentum=0.5; rank-0 local loss."
"DiLoCo (8xA100, NVLink)",5720,2.8114944,3.8984,0.0018,313.8,78.8,measured,out/prime-diloco/session_out/train.log,"K=8, H=500, outer_lr=0.7, outer_momentum=0.5; rank-0 local loss."
"DiLoCo (8xA100, NVLink)",5730,2.8164096,3.8161,0.0018,313.3,78.9,measured,out/prime-diloco/session_out/train.log,"K=8, H=500, outer_lr=0.7, outer_momentum=0.5; rank-0 local loss."
"DiLoCo (8xA100, NVLink)",5740,2.8213248,3.8266,0.0018,313.3,79.0,measured,out/prime-diloco/session_out/train.log,"K=8, H=500, outer_lr=0.7, outer_momentum=0.5; rank-0 local loss."
"DiLoCo (8xA100, NVLink)",5750,2.82624,3.8992,0.0018,314.2,78.7,measured,out/prime-diloco/session_out/train.log,"K=8, H=500, outer_lr=0.7, outer_momentum=0.5; rank-0 local loss."
"DiLoCo (8xA100, NVLink)",5760,2.8311552,3.9407,0.0018,312.5,79.2,measured,out/prime-diloco/session_out/train.log,"K=8, H=500, outer_lr=0.7, outer_momentum=0.5; rank-0 local loss."
"DiLoCo (8xA100, NVLink)",5770,2.8360704,4.2296,0.0018,313.0,79.0,measured,out/prime-diloco/session_out/train.log,"K=8, H=500, outer_lr=0.7, outer_momentum=0.5; rank-0 local loss."
"DiLoCo (8xA100, NVLink)",5780,2.8409856,3.8921,0.0018,312.4,79.2,measured,out/prime-diloco/session_out/train.log,"K=8, H=500, outer_lr=0.7, outer_momentum=0.5; rank-0 local loss."
"DiLoCo (8xA100, NVLink)",5790,2.8459008,4.0686,0.0018,312.6,79.1,measured,out/prime-diloco/session_out/train.log,"K=8, H=500, outer_lr=0.7, outer_momentum=0.5; rank-0 local loss."
"DiLoCo (8xA100, NVLink)",5800,2.850816,3.9112,0.0018,313.2,79.0,measured,out/prime-diloco/session_out/train.log,"K=8, H=500, outer_lr=0.7, outer_momentum=0.5; rank-0 local loss."
"DiLoCo (8xA100, NVLink)",5810,2.8557312,3.8907,0.0018,313.7,78.8,measured,out/prime-diloco/session_out/train.log,"K=8, H=500, outer_lr=0.7, outer_momentum=0.5; rank-0 local loss."
"DiLoCo (8xA100, NVLink)",5820,2.8606464,3.9594,0.0018,312.7,79.1,measured,out/prime-diloco/session_out/train.log,"K=8, H=500, outer_lr=0.7, outer_momentum=0.5; rank-0 local loss."
"DiLoCo (8xA100, NVLink)",5830,2.8655616,3.8065,0.0018,313.7,78.9,measured,out/prime-diloco/session_out/train.log,"K=8, H=500, outer_lr=0.7, outer_momentum=0.5; rank-0 local loss."
"DiLoCo (8xA100, NVLink)",5840,2.8704768,3.8166,0.0018,314.4,78.7,measured,out/prime-diloco/session_out/train.log,"K=8, H=500, outer_lr=0.7, outer_momentum=0.5; rank-0 local loss."
"DiLoCo (8xA100, NVLink)",5850,2.875392,3.9604,0.0018,312.8,79.1,measured,out/prime-diloco/session_out/train.log,"K=8, H=500, outer_lr=0.7, outer_momentum=0.5; rank-0 local loss."
"DiLoCo (8xA100, NVLink)",5860,2.8803072,3.953,0.0018,312.6,79.1,measured,out/prime-diloco/session_out/train.log,"K=8, H=500, outer_lr=0.7, outer_momentum=0.5; rank-0 local loss."
"DiLoCo (8xA100, NVLink)",5870,2.8852224,3.807,0.0018,313.0,79.0,measured,out/prime-diloco/session_out/train.log,"K=8, H=500, outer_lr=0.7, outer_momentum=0.5; rank-0 local loss."
"DiLoCo (8xA100, NVLink)",5880,2.8901376,3.8992,0.0018,313.9,78.8,measured,out/prime-diloco/session_out/train.log,"K=8, H=500, outer_lr=0.7, outer_momentum=0.5; rank-0 local loss."
"DiLoCo (8xA100, NVLink)",5890,2.8950528,3.9631,0.0018,312.6,79.1,measured,out/prime-diloco/session_out/train.log,"K=8, H=500, outer_lr=0.7, outer_momentum=0.5; rank-0 local loss."
"DiLoCo (8xA100, NVLink)",5900,2.899968,3.9237,0.0018,313.4,78.9,measured,out/prime-diloco/session_out/train.log,"K=8, H=500, outer_lr=0.7, outer_momentum=0.5; rank-0 local loss."
"DiLoCo (8xA100, NVLink)",5910,2.9048832,3.8811,0.0018,313.7,78.8,measured,out/prime-diloco/session_out/train.log,"K=8, H=500, outer_lr=0.7, outer_momentum=0.5; rank-0 local loss."
"DiLoCo (8xA100, NVLink)",5920,2.9097984,4.0495,0.0018,312.8,79.1,measured,out/prime-diloco/session_out/train.log,"K=8, H=500, outer_lr=0.7, outer_momentum=0.5; rank-0 local loss."
"DiLoCo (8xA100, NVLink)",5930,2.9147136,4.0506,0.0018,312.8,79.1,measured,out/prime-diloco/session_out/train.log,"K=8, H=500, outer_lr=0.7, outer_momentum=0.5; rank-0 local loss."
"DiLoCo (8xA100, NVLink)",5940,2.9196288,4.1448,0.0018,313.2,79.0,measured,out/prime-diloco/session_out/train.log,"K=8, H=500, outer_lr=0.7, outer_momentum=0.5; rank-0 local loss."
"DiLoCo (8xA100, NVLink)",5950,2.924544,3.8819,0.0018,314.3,78.7,measured,out/prime-diloco/session_out/train.log,"K=8, H=500, outer_lr=0.7, outer_momentum=0.5; rank-0 local loss."
"DiLoCo (8xA100, NVLink)",5960,2.9294592,3.9837,0.0018,313.8,78.8,measured,out/prime-diloco/session_out/train.log,"K=8, H=500, outer_lr=0.7, outer_momentum=0.5; rank-0 local loss."
"DiLoCo (8xA100, NVLink)",5970,2.9343744,3.8259,0.0018,313.8,78.8,measured,out/prime-diloco/session_out/train.log,"K=8, H=500, outer_lr=0.7, outer_momentum=0.5; rank-0 local loss."
"DiLoCo (8xA100, NVLink)",5980,2.9392896,3.9024,0.0018,312.3,79.2,measured,out/prime-diloco/session_out/train.log,"K=8, H=500, outer_lr=0.7, outer_momentum=0.5; rank-0 local loss."
"DiLoCo (8xA100, NVLink)",5990,2.9442048,4.0479,0.0018,313.9,78.8,measured,out/prime-diloco/session_out/train.log,"K=8, H=500, outer_lr=0.7, outer_momentum=0.5; rank-0 local loss."
"DiLoCo (8xA100, NVLink)",6000,2.94912,3.8456,0.0018,586.1,42.2,measured,out/prime-diloco/session_out/train.log,"K=8, H=500, outer_lr=0.7, outer_momentum=0.5; rank-0 local loss."
"DiLoCo (8xA100, NVLink)",6010,2.9540352,3.7401,0.0018,313.1,79.0,measured,out/prime-diloco/session_out/train.log,"K=8, H=500, outer_lr=0.7, outer_momentum=0.5; rank-0 local loss."
"DiLoCo (8xA100, NVLink)",6020,2.9589504,3.8548,0.0018,313.7,78.9,measured,out/prime-diloco/session_out/train.log,"K=8, H=500, outer_lr=0.7, outer_momentum=0.5; rank-0 local loss."
"DiLoCo (8xA100, NVLink)",6030,2.9638656,3.8802,0.0018,313.7,78.9,measured,out/prime-diloco/session_out/train.log,"K=8, H=500, outer_lr=0.7, outer_momentum=0.5; rank-0 local loss."
"DiLoCo (8xA100, NVLink)",6040,2.9687808,3.8993,0.0018,313.9,78.8,measured,out/prime-diloco/session_out/train.log,"K=8, H=500, outer_lr=0.7, outer_momentum=0.5; rank-0 local loss."
"DiLoCo (8xA100, NVLink)",6050,2.973696,3.8255,0.0018,314.2,78.7,measured,out/prime-diloco/session_out/train.log,"K=8, H=500, outer_lr=0.7, outer_momentum=0.5; rank-0 local loss."
"DiLoCo (8xA100, NVLink)",6060,2.9786112,3.826,0.0018,314.5,78.7,measured,out/prime-diloco/session_out/train.log,"K=8, H=500, outer_lr=0.7, outer_momentum=0.5; rank-0 local loss."
"DiLoCo (8xA100, NVLink)",6070,2.9835264,3.7883,0.0018,314.3,78.7,measured,out/prime-diloco/session_out/train.log,"K=8, H=500, outer_lr=0.7, outer_momentum=0.5; rank-0 local loss."
"DiLoCo (8xA100, NVLink)",6080,2.9884416,3.8001,0.0018,314.2,78.7,measured,out/prime-diloco/session_out/train.log,"K=8, H=500, outer_lr=0.7, outer_momentum=0.5; rank-0 local loss."
"DiLoCo (8xA100, NVLink)",6090,2.9933568,3.7951,0.0018,313.9,78.8,measured,out/prime-diloco/session_out/train.log,"K=8, H=500, outer_lr=0.7, outer_momentum=0.5; rank-0 local loss."
"DiLoCo (8xA100, NVLink)",6100,2.998272,3.9638,0.0018,314.5,78.6,measured,out/prime-diloco/session_out/train.log,"K=8, H=500, outer_lr=0.7, outer_momentum=0.5; rank-0 local loss."
"DiLoCo (8xA100, NVLink)",6110,3.0031872,4.0035,0.0018,313.8,78.8,measured,out/prime-diloco/session_out/train.log,"K=8, H=500, outer_lr=0.7, outer_momentum=0.5; rank-0 local loss."
"DiLoCo (8xA100, NVLink)",6120,3.0081024,4.0769,0.0018,314.0,78.8,measured,out/prime-diloco/session_out/train.log,"K=8, H=500, outer_lr=0.7, outer_momentum=0.5; rank-0 local loss."
"DiLoCo (8xA100, NVLink)",6130,3.0130176,3.8858,0.0018,313.6,78.9,measured,out/prime-diloco/session_out/train.log,"K=8, H=500, outer_lr=0.7, outer_momentum=0.5; rank-0 local loss."
"DiLoCo (8xA100, NVLink)",6140,3.0179328,3.8781,0.0018,313.3,78.9,measured,out/prime-diloco/session_out/train.log,"K=8, H=500, outer_lr=0.7, outer_momentum=0.5; rank-0 local loss."
"DiLoCo (8xA100, NVLink)",6150,3.022848,3.8679,0.0018,313.9,78.8,measured,out/prime-diloco/session_out/train.log,"K=8, H=500, outer_lr=0.7, outer_momentum=0.5; rank-0 local loss."
"DiLoCo (8xA100, NVLink)",6160,3.0277632,3.8145,0.0018,313.7,78.9,measured,out/prime-diloco/session_out/train.log,"K=8, H=500, outer_lr=0.7, outer_momentum=0.5; rank-0 local loss."
"DiLoCo (8xA100, NVLink)",6170,3.0326784,3.8229,0.0018,314.1,78.8,measured,out/prime-diloco/session_out/train.log,"K=8, H=500, outer_lr=0.7, outer_momentum=0.5; rank-0 local loss."
"DiLoCo (8xA100, NVLink)",6180,3.0375936,3.8695,0.0018,314.1,78.7,measured,out/prime-diloco/session_out/train.log,"K=8, H=500, outer_lr=0.7, outer_momentum=0.5; rank-0 local loss."
"DiLoCo (8xA100, NVLink)",6190,3.0425088,3.9283,0.0018,313.0,79.0,measured,out/prime-diloco/session_out/train.log,"K=8, H=500, outer_lr=0.7, outer_momentum=0.5; rank-0 local loss."
"DiLoCo (8xA100, NVLink)",6200,3.047424,3.9478,0.0018,313.9,78.8,measured,out/prime-diloco/session_out/train.log,"K=8, H=500, outer_lr=0.7, outer_momentum=0.5; rank-0 local loss."
"DiLoCo (8xA100, NVLink)",6210,3.0523392,3.8932,0.0018,314.9,78.5,measured,out/prime-diloco/session_out/train.log,"K=8, H=500, outer_lr=0.7, outer_momentum=0.5; rank-0 local loss."
"DiLoCo (8xA100, NVLink)",6220,3.0572544,3.9703,0.0018,313.3,79.0,measured,out/prime-diloco/session_out/train.log,"K=8, H=500, outer_lr=0.7, outer_momentum=0.5; rank-0 local loss."
"DiLoCo (8xA100, NVLink)",6230,3.0621696,3.7837,0.0018,313.9,78.8,measured,out/prime-diloco/session_out/train.log,"K=8, H=500, outer_lr=0.7, outer_momentum=0.5; rank-0 local loss."
"DiLoCo (8xA100, NVLink)",6240,3.0670848,3.8824,0.0018,314.4,78.7,measured,out/prime-diloco/session_out/train.log,"K=8, H=500, outer_lr=0.7, outer_momentum=0.5; rank-0 local loss."
"DiLoCo (8xA100, NVLink)",6250,3.072,3.879,0.0018,314.5,78.6,measured,out/prime-diloco/session_out/train.log,"K=8, H=500, outer_lr=0.7, outer_momentum=0.5; rank-0 local loss."
"DiLoCo (8xA100, NVLink)",6260,3.0769152,4.0415,0.0018,312.4,79.2,measured,out/prime-diloco/session_out/train.log,"K=8, H=500, outer_lr=0.7, outer_momentum=0.5; rank-0 local loss."
"DiLoCo (8xA100, NVLink)",6270,3.0818304,3.9599,0.0018,313.0,79.0,measured,out/prime-diloco/session_out/train.log,"K=8, H=500, outer_lr=0.7, outer_momentum=0.5; rank-0 local loss."
"DiLoCo (8xA100, NVLink)",6280,3.0867456,3.9432,0.0018,311.9,79.3,measured,out/prime-diloco/session_out/train.log,"K=8, H=500, outer_lr=0.7, outer_momentum=0.5; rank-0 local loss."
"DiLoCo (8xA100, NVLink)",6290,3.0916608,3.7843,0.0018,312.5,79.2,measured,out/prime-diloco/session_out/train.log,"K=8, H=500, outer_lr=0.7, outer_momentum=0.5; rank-0 local loss."
"DiLoCo (8xA100, NVLink)",6300,3.096576,3.833,0.0018,312.9,79.0,measured,out/prime-diloco/session_out/train.log,"K=8, H=500, outer_lr=0.7, outer_momentum=0.5; rank-0 local loss."
"DiLoCo (8xA100, NVLink)",6310,3.1014912,3.9456,0.0018,313.1,79.0,measured,out/prime-diloco/session_out/train.log,"K=8, H=500, outer_lr=0.7, outer_momentum=0.5; rank-0 local loss."
"DiLoCo (8xA100, NVLink)",6320,3.1064064,3.8055,0.0018,313.4,78.9,measured,out/prime-diloco/session_out/train.log,"K=8, H=500, outer_lr=0.7, outer_momentum=0.5; rank-0 local loss."
"DiLoCo (8xA100, NVLink)",6330,3.1113216,3.9592,0.0018,313.2,79.0,measured,out/prime-diloco/session_out/train.log,"K=8, H=500, outer_lr=0.7, outer_momentum=0.5; rank-0 local loss."
"DiLoCo (8xA100, NVLink)",6340,3.1162368,3.9237,0.0018,312.1,79.2,measured,out/prime-diloco/session_out/train.log,"K=8, H=500, outer_lr=0.7, outer_momentum=0.5; rank-0 local loss."
"DiLoCo (8xA100, NVLink)",6350,3.121152,3.7609,0.0018,313.8,78.8,measured,out/prime-diloco/session_out/train.log,"K=8, H=500, outer_lr=0.7, outer_momentum=0.5; rank-0 local loss."
"DiLoCo (8xA100, NVLink)",6360,3.1260672,3.8066,0.0018,312.7,79.1,measured,out/prime-diloco/session_out/train.log,"K=8, H=500, outer_lr=0.7, outer_momentum=0.5; rank-0 local loss."
"DiLoCo (8xA100, NVLink)",6370,3.1309824,3.9557,0.0018,312.7,79.1,measured,out/prime-diloco/session_out/train.log,"K=8, H=500, outer_lr=0.7, outer_momentum=0.5; rank-0 local loss."
"DiLoCo (8xA100, NVLink)",6380,3.1358976,3.9539,0.0018,312.4,79.2,measured,out/prime-diloco/session_out/train.log,"K=8, H=500, outer_lr=0.7, outer_momentum=0.5; rank-0 local loss."
"DiLoCo (8xA100, NVLink)",6390,3.1408128,4.0497,0.0018,314.1,78.8,measured,out/prime-diloco/session_out/train.log,"K=8, H=500, outer_lr=0.7, outer_momentum=0.5; rank-0 local loss."
"DiLoCo (8xA100, NVLink)",6400,3.145728,3.9325,0.0018,312.6,79.1,measured,out/prime-diloco/session_out/train.log,"K=8, H=500, outer_lr=0.7, outer_momentum=0.5; rank-0 local loss."
"DiLoCo (8xA100, NVLink)",6410,3.1506432,3.9957,0.0018,314.0,78.8,measured,out/prime-diloco/session_out/train.log,"K=8, H=500, outer_lr=0.7, outer_momentum=0.5; rank-0 local loss."
"DiLoCo (8xA100, NVLink)",6420,3.1555584,3.956,0.0018,314.1,78.7,measured,out/prime-diloco/session_out/train.log,"K=8, H=500, outer_lr=0.7, outer_momentum=0.5; rank-0 local loss."
"DiLoCo (8xA100, NVLink)",6430,3.1604736,4.0824,0.0018,313.0,79.0,measured,out/prime-diloco/session_out/train.log,"K=8, H=500, outer_lr=0.7, outer_momentum=0.5; rank-0 local loss."
"DiLoCo (8xA100, NVLink)",6440,3.1653888,3.921,0.0018,313.0,79.0,measured,out/prime-diloco/session_out/train.log,"K=8, H=500, outer_lr=0.7, outer_momentum=0.5; rank-0 local loss."
"DiLoCo (8xA100, NVLink)",6450,3.170304,3.8837,0.0018,313.0,79.0,measured,out/prime-diloco/session_out/train.log,"K=8, H=500, outer_lr=0.7, outer_momentum=0.5; rank-0 local loss."
"DiLoCo (8xA100, NVLink)",6460,3.1752192,4.0211,0.0018,313.0,79.0,measured,out/prime-diloco/session_out/train.log,"K=8, H=500, outer_lr=0.7, outer_momentum=0.5; rank-0 local loss."
"DiLoCo (8xA100, NVLink)",6470,3.1801344,3.8845,0.0018,312.7,79.1,measured,out/prime-diloco/session_out/train.log,"K=8, H=500, outer_lr=0.7, outer_momentum=0.5; rank-0 local loss."
"DiLoCo (8xA100, NVLink)",6480,3.1850496,4.0933,0.0018,312.9,79.0,measured,out/prime-diloco/session_out/train.log,"K=8, H=500, outer_lr=0.7, outer_momentum=0.5; rank-0 local loss."
"DiLoCo (8xA100, NVLink)",6490,3.1899648,3.9005,0.0018,314.1,78.8,measured,out/prime-diloco/session_out/train.log,"K=8, H=500, outer_lr=0.7, outer_momentum=0.5; rank-0 local loss."
"DiLoCo (8xA100, NVLink)",6500,3.19488,3.8987,0.0018,637.4,38.8,measured,out/prime-diloco/session_out/train.log,"K=8, H=500, outer_lr=0.7, outer_momentum=0.5; rank-0 local loss."
"DiLoCo (8xA100, NVLink)",6510,3.1997952,3.8233,0.0018,312.8,79.1,measured,out/prime-diloco/session_out/train.log,"K=8, H=500, outer_lr=0.7, outer_momentum=0.5; rank-0 local loss."
"DiLoCo (8xA100, NVLink)",6520,3.2047104,3.851,0.0018,315.1,78.5,measured,out/prime-diloco/session_out/train.log,"K=8, H=500, outer_lr=0.7, outer_momentum=0.5; rank-0 local loss."
"DiLoCo (8xA100, NVLink)",6530,3.2096256,3.7302,0.0018,314.6,78.6,measured,out/prime-diloco/session_out/train.log,"K=8, H=500, outer_lr=0.7, outer_momentum=0.5; rank-0 local loss."
"DiLoCo (8xA100, NVLink)",6540,3.2145408,3.903,0.0018,313.7,78.9,measured,out/prime-diloco/session_out/train.log,"K=8, H=500, outer_lr=0.7, outer_momentum=0.5; rank-0 local loss."
"DiLoCo (8xA100, NVLink)",6550,3.219456,3.921,0.0018,313.1,79.0,measured,out/prime-diloco/session_out/train.log,"K=8, H=500, outer_lr=0.7, outer_momentum=0.5; rank-0 local loss."
"DiLoCo (8xA100, NVLink)",6560,3.2243712,3.8874,0.0018,314.0,78.8,measured,out/prime-diloco/session_out/train.log,"K=8, H=500, outer_lr=0.7, outer_momentum=0.5; rank-0 local loss."
"DiLoCo (8xA100, NVLink)",6570,3.2292864,4.1574,0.0018,314.3,78.7,measured,out/prime-diloco/session_out/train.log,"K=8, H=500, outer_lr=0.7, outer_momentum=0.5; rank-0 local loss."
"DiLoCo (8xA100, NVLink)",6580,3.2342016,3.906,0.0018,313.8,78.8,measured,out/prime-diloco/session_out/train.log,"K=8, H=500, outer_lr=0.7, outer_momentum=0.5; rank-0 local loss."
"DiLoCo (8xA100, NVLink)",6590,3.2391168,3.777,0.0018,314.5,78.6,measured,out/prime-diloco/session_out/train.log,"K=8, H=500, outer_lr=0.7, outer_momentum=0.5; rank-0 local loss."
"DiLoCo (8xA100, NVLink)",6600,3.244032,3.8032,0.0018,312.8,79.1,measured,out/prime-diloco/session_out/train.log,"K=8, H=500, outer_lr=0.7, outer_momentum=0.5; rank-0 local loss."
"DiLoCo (8xA100, NVLink)",6610,3.2489472,3.9428,0.0018,313.8,78.8,measured,out/prime-diloco/session_out/train.log,"K=8, H=500, outer_lr=0.7, outer_momentum=0.5; rank-0 local loss."
"DiLoCo (8xA100, NVLink)",6620,3.2538624,3.8715,0.0018,313.4,78.9,measured,out/prime-diloco/session_out/train.log,"K=8, H=500, outer_lr=0.7, outer_momentum=0.5; rank-0 local loss."
"DiLoCo (8xA100, NVLink)",6630,3.2587776,3.7875,0.0018,313.9,78.8,measured,out/prime-diloco/session_out/train.log,"K=8, H=500, outer_lr=0.7, outer_momentum=0.5; rank-0 local loss."
"DiLoCo (8xA100, NVLink)",6640,3.2636928,3.7566,0.0018,313.9,78.8,measured,out/prime-diloco/session_out/train.log,"K=8, H=500, outer_lr=0.7, outer_momentum=0.5; rank-0 local loss."
"DiLoCo (8xA100, NVLink)",6650,3.268608,3.7225,0.0018,313.8,78.8,measured,out/prime-diloco/session_out/train.log,"K=8, H=500, outer_lr=0.7, outer_momentum=0.5; rank-0 local loss."
"DiLoCo (8xA100, NVLink)",6660,3.2735232,3.7941,0.0018,315.2,78.5,measured,out/prime-diloco/session_out/train.log,"K=8, H=500, outer_lr=0.7, outer_momentum=0.5; rank-0 local loss."
"DiLoCo (8xA100, NVLink)",6670,3.2784384,3.7761,0.0018,314.2,78.7,measured,out/prime-diloco/session_out/train.log,"K=8, H=500, outer_lr=0.7, outer_momentum=0.5; rank-0 local loss."
"DiLoCo (8xA100, NVLink)",6680,3.2833536,4.0554,0.0018,314.6,78.6,measured,out/prime-diloco/session_out/train.log,"K=8, H=500, outer_lr=0.7, outer_momentum=0.5; rank-0 local loss."
"DiLoCo (8xA100, NVLink)",6690,3.2882688,3.8182,0.0018,313.9,78.8,measured,out/prime-diloco/session_out/train.log,"K=8, H=500, outer_lr=0.7, outer_momentum=0.5; rank-0 local loss."
"DiLoCo (8xA100, NVLink)",6700,3.293184,3.7981,0.0018,315.6,78.4,measured,out/prime-diloco/session_out/train.log,"K=8, H=500, outer_lr=0.7, outer_momentum=0.5; rank-0 local loss."
"DiLoCo (8xA100, NVLink)",6710,3.2980992,3.7587,0.0018,313.4,78.9,measured,out/prime-diloco/session_out/train.log,"K=8, H=500, outer_lr=0.7, outer_momentum=0.5; rank-0 local loss."
"DiLoCo (8xA100, NVLink)",6720,3.3030144,4.3802,0.0018,314.5,78.7,measured,out/prime-diloco/session_out/train.log,"K=8, H=500, outer_lr=0.7, outer_momentum=0.5; rank-0 local loss."
"DiLoCo (8xA100, NVLink)",6730,3.3079296,3.9049,0.0018,314.2,78.7,measured,out/prime-diloco/session_out/train.log,"K=8, H=500, outer_lr=0.7, outer_momentum=0.5; rank-0 local loss."
"DiLoCo (8xA100, NVLink)",6740,3.3128448,3.797,0.0018,314.2,78.7,measured,out/prime-diloco/session_out/train.log,"K=8, H=500, outer_lr=0.7, outer_momentum=0.5; rank-0 local loss."
"DiLoCo (8xA100, NVLink)",6750,3.31776,3.8402,0.0018,313.4,78.9,measured,out/prime-diloco/session_out/train.log,"K=8, H=500, outer_lr=0.7, outer_momentum=0.5; rank-0 local loss."
"DiLoCo (8xA100, NVLink)",6760,3.3226752,3.8655,0.0018,313.7,78.8,measured,out/prime-diloco/session_out/train.log,"K=8, H=500, outer_lr=0.7, outer_momentum=0.5; rank-0 local loss."
"DiLoCo (8xA100, NVLink)",6770,3.3275904,3.7904,0.0018,312.7,79.1,measured,out/prime-diloco/session_out/train.log,"K=8, H=500, outer_lr=0.7, outer_momentum=0.5; rank-0 local loss."
"DiLoCo (8xA100, NVLink)",6780,3.3325056,3.8717,0.0018,312.8,79.1,measured,out/prime-diloco/session_out/train.log,"K=8, H=500, outer_lr=0.7, outer_momentum=0.5; rank-0 local loss."
"DiLoCo (8xA100, NVLink)",6790,3.3374208,3.8154,0.0018,314.4,78.7,measured,out/prime-diloco/session_out/train.log,"K=8, H=500, outer_lr=0.7, outer_momentum=0.5; rank-0 local loss."
"DiLoCo (8xA100, NVLink)",6800,3.342336,3.9555,0.0018,312.3,79.2,measured,out/prime-diloco/session_out/train.log,"K=8, H=500, outer_lr=0.7, outer_momentum=0.5; rank-0 local loss."
"DiLoCo (8xA100, NVLink)",6810,3.3472512,3.8337,0.0018,313.3,78.9,measured,out/prime-diloco/session_out/train.log,"K=8, H=500, outer_lr=0.7, outer_momentum=0.5; rank-0 local loss."
"DiLoCo (8xA100, NVLink)",6820,3.3521664,3.8462,0.0018,313.7,78.9,measured,out/prime-diloco/session_out/train.log,"K=8, H=500, outer_lr=0.7, outer_momentum=0.5; rank-0 local loss."
"DiLoCo (8xA100, NVLink)",6830,3.3570816,4.0463,0.0018,313.5,78.9,measured,out/prime-diloco/session_out/train.log,"K=8, H=500, outer_lr=0.7, outer_momentum=0.5; rank-0 local loss."
"DiLoCo (8xA100, NVLink)",6840,3.3619968,3.8724,0.0018,314.7,78.6,measured,out/prime-diloco/session_out/train.log,"K=8, H=500, outer_lr=0.7, outer_momentum=0.5; rank-0 local loss."
"DiLoCo (8xA100, NVLink)",6850,3.366912,3.9732,0.0018,314.6,78.6,measured,out/prime-diloco/session_out/train.log,"K=8, H=500, outer_lr=0.7, outer_momentum=0.5; rank-0 local loss."
"DiLoCo (8xA100, NVLink)",6860,3.3718272,3.7777,0.0018,314.3,78.7,measured,out/prime-diloco/session_out/train.log,"K=8, H=500, outer_lr=0.7, outer_momentum=0.5; rank-0 local loss."
"DiLoCo (8xA100, NVLink)",6870,3.3767424,3.7313,0.0018,313.0,79.0,measured,out/prime-diloco/session_out/train.log,"K=8, H=500, outer_lr=0.7, outer_momentum=0.5; rank-0 local loss."
"DiLoCo (8xA100, NVLink)",6880,3.3816576,3.93,0.0018,313.4,78.9,measured,out/prime-diloco/session_out/train.log,"K=8, H=500, outer_lr=0.7, outer_momentum=0.5; rank-0 local loss."
"DiLoCo (8xA100, NVLink)",6890,3.3865728,4.1365,0.0018,314.3,78.7,measured,out/prime-diloco/session_out/train.log,"K=8, H=500, outer_lr=0.7, outer_momentum=0.5; rank-0 local loss."
"DiLoCo (8xA100, NVLink)",6900,3.391488,3.7622,0.0018,314.6,78.6,measured,out/prime-diloco/session_out/train.log,"K=8, H=500, outer_lr=0.7, outer_momentum=0.5; rank-0 local loss."
"DiLoCo (8xA100, NVLink)",6910,3.3964032,3.9897,0.0018,313.5,78.9,measured,out/prime-diloco/session_out/train.log,"K=8, H=500, outer_lr=0.7, outer_momentum=0.5; rank-0 local loss."
"DiLoCo (8xA100, NVLink)",6920,3.4013184,3.8359,0.0018,314.4,78.7,measured,out/prime-diloco/session_out/train.log,"K=8, H=500, outer_lr=0.7, outer_momentum=0.5; rank-0 local loss."
"DiLoCo (8xA100, NVLink)",6930,3.4062336,3.9694,0.0018,314.1,78.8,measured,out/prime-diloco/session_out/train.log,"K=8, H=500, outer_lr=0.7, outer_momentum=0.5; rank-0 local loss."
"DiLoCo (8xA100, NVLink)",6940,3.4111488,3.9697,0.0018,314.1,78.8,measured,out/prime-diloco/session_out/train.log,"K=8, H=500, outer_lr=0.7, outer_momentum=0.5; rank-0 local loss."
"DiLoCo (8xA100, NVLink)",6950,3.416064,3.8271,0.0018,314.2,78.7,measured,out/prime-diloco/session_out/train.log,"K=8, H=500, outer_lr=0.7, outer_momentum=0.5; rank-0 local loss."
"DiLoCo (8xA100, NVLink)",6960,3.4209792,3.8788,0.0018,313.4,78.9,measured,out/prime-diloco/session_out/train.log,"K=8, H=500, outer_lr=0.7, outer_momentum=0.5; rank-0 local loss."
"DiLoCo (8xA100, NVLink)",6970,3.4258944,3.7845,0.0018,313.6,78.9,measured,out/prime-diloco/session_out/train.log,"K=8, H=500, outer_lr=0.7, outer_momentum=0.5; rank-0 local loss."
"DiLoCo (8xA100, NVLink)",6980,3.4308096,3.811,0.0018,313.6,78.9,measured,out/prime-diloco/session_out/train.log,"K=8, H=500, outer_lr=0.7, outer_momentum=0.5; rank-0 local loss."
"DiLoCo (8xA100, NVLink)",6990,3.4357248,3.9386,0.0018,314.8,78.6,measured,out/prime-diloco/session_out/train.log,"K=8, H=500, outer_lr=0.7, outer_momentum=0.5; rank-0 local loss."
"DiLoCo (8xA100, NVLink)",7000,3.44064,3.9178,0.0018,785.5,31.5,measured,out/prime-diloco/session_out/train.log,"K=8, H=500, outer_lr=0.7, outer_momentum=0.5; rank-0 local loss."
"DiLoCo (8xA100, NVLink)",7010,3.4455552,3.6795,0.0018,313.6,78.9,measured,out/prime-diloco/session_out/train.log,"K=8, H=500, outer_lr=0.7, outer_momentum=0.5; rank-0 local loss."
"DiLoCo (8xA100, NVLink)",7020,3.4504704,3.6786,0.0018,313.1,79.0,measured,out/prime-diloco/session_out/train.log,"K=8, H=500, outer_lr=0.7, outer_momentum=0.5; rank-0 local loss."
"DiLoCo (8xA100, NVLink)",7030,3.4553856,3.8516,0.0018,313.3,79.0,measured,out/prime-diloco/session_out/train.log,"K=8, H=500, outer_lr=0.7, outer_momentum=0.5; rank-0 local loss."
"DiLoCo (8xA100, NVLink)",7040,3.4603008,3.876,0.0018,314.4,78.7,measured,out/prime-diloco/session_out/train.log,"K=8, H=500, outer_lr=0.7, outer_momentum=0.5; rank-0 local loss."
"DiLoCo (8xA100, NVLink)",7050,3.465216,3.9645,0.0018,314.0,78.8,measured,out/prime-diloco/session_out/train.log,"K=8, H=500, outer_lr=0.7, outer_momentum=0.5; rank-0 local loss."
"DiLoCo (8xA100, NVLink)",7060,3.4701312,3.5543,0.0018,314.7,78.6,measured,out/prime-diloco/session_out/train.log,"K=8, H=500, outer_lr=0.7, outer_momentum=0.5; rank-0 local loss."
"DiLoCo (8xA100, NVLink)",7070,3.4750464,3.7957,0.0018,314.9,78.5,measured,out/prime-diloco/session_out/train.log,"K=8, H=500, outer_lr=0.7, outer_momentum=0.5; rank-0 local loss."
"DiLoCo (8xA100, NVLink)",7080,3.4799616,3.7683,0.0018,314.7,78.6,measured,out/prime-diloco/session_out/train.log,"K=8, H=500, outer_lr=0.7, outer_momentum=0.5; rank-0 local loss."
"DiLoCo (8xA100, NVLink)",7090,3.4848768,3.7539,0.0018,314.5,78.6,measured,out/prime-diloco/session_out/train.log,"K=8, H=500, outer_lr=0.7, outer_momentum=0.5; rank-0 local loss."
"DiLoCo (8xA100, NVLink)",7100,3.489792,3.8015,0.0018,314.3,78.7,measured,out/prime-diloco/session_out/train.log,"K=8, H=500, outer_lr=0.7, outer_momentum=0.5; rank-0 local loss."
"DiLoCo (8xA100, NVLink)",7110,3.4947072,3.968,0.0018,314.0,78.8,measured,out/prime-diloco/session_out/train.log,"K=8, H=500, outer_lr=0.7, outer_momentum=0.5; rank-0 local loss."
"DiLoCo (8xA100, NVLink)",7120,3.4996224,3.9505,0.0018,314.5,78.6,measured,out/prime-diloco/session_out/train.log,"K=8, H=500, outer_lr=0.7, outer_momentum=0.5; rank-0 local loss."
"DiLoCo (8xA100, NVLink)",7130,3.5045376,3.8888,0.0018,313.2,79.0,measured,out/prime-diloco/session_out/train.log,"K=8, H=500, outer_lr=0.7, outer_momentum=0.5; rank-0 local loss."
"DiLoCo (8xA100, NVLink)",7140,3.5094528,3.82,0.0018,314.4,78.7,measured,out/prime-diloco/session_out/train.log,"K=8, H=500, outer_lr=0.7, outer_momentum=0.5; rank-0 local loss."
"DiLoCo (8xA100, NVLink)",7150,3.514368,3.942,0.0018,314.1,78.8,measured,out/prime-diloco/session_out/train.log,"K=8, H=500, outer_lr=0.7, outer_momentum=0.5; rank-0 local loss."
"DiLoCo (8xA100, NVLink)",7160,3.5192832,3.9075,0.0018,312.7,79.1,measured,out/prime-diloco/session_out/train.log,"K=8, H=500, outer_lr=0.7, outer_momentum=0.5; rank-0 local loss."
"DiLoCo (8xA100, NVLink)",7170,3.5241984,3.7305,0.0018,313.4,78.9,measured,out/prime-diloco/session_out/train.log,"K=8, H=500, outer_lr=0.7, outer_momentum=0.5; rank-0 local loss."
"DiLoCo (8xA100, NVLink)",7180,3.5291136,3.7874,0.0018,313.2,79.0,measured,out/prime-diloco/session_out/train.log,"K=8, H=500, outer_lr=0.7, outer_momentum=0.5; rank-0 local loss."
"DiLoCo (8xA100, NVLink)",7190,3.5340288,3.9538,0.0018,314.7,78.6,measured,out/prime-diloco/session_out/train.log,"K=8, H=500, outer_lr=0.7, outer_momentum=0.5; rank-0 local loss."
"DiLoCo (8xA100, NVLink)",7200,3.538944,3.9791,0.0018,313.3,79.0,measured,out/prime-diloco/session_out/train.log,"K=8, H=500, outer_lr=0.7, outer_momentum=0.5; rank-0 local loss."
"DiLoCo (8xA100, NVLink)",7210,3.5438592,3.7992,0.0018,313.0,79.0,measured,out/prime-diloco/session_out/train.log,"K=8, H=500, outer_lr=0.7, outer_momentum=0.5; rank-0 local loss."
"DiLoCo (8xA100, NVLink)",7220,3.5487744,3.8439,0.0018,312.7,79.1,measured,out/prime-diloco/session_out/train.log,"K=8, H=500, outer_lr=0.7, outer_momentum=0.5; rank-0 local loss."
"DiLoCo (8xA100, NVLink)",7230,3.5536896,3.8742,0.0018,312.8,79.1,measured,out/prime-diloco/session_out/train.log,"K=8, H=500, outer_lr=0.7, outer_momentum=0.5; rank-0 local loss."
"DiLoCo (8xA100, NVLink)",7240,3.5586048,3.9463,0.0018,313.5,78.9,measured,out/prime-diloco/session_out/train.log,"K=8, H=500, outer_lr=0.7, outer_momentum=0.5; rank-0 local loss."
"DiLoCo (8xA100, NVLink)",7250,3.56352,3.9074,0.0018,313.3,79.0,measured,out/prime-diloco/session_out/train.log,"K=8, H=500, outer_lr=0.7, outer_momentum=0.5; rank-0 local loss."
"DiLoCo (8xA100, NVLink)",7260,3.5684352,4.0247,0.0018,312.8,79.1,measured,out/prime-diloco/session_out/train.log,"K=8, H=500, outer_lr=0.7, outer_momentum=0.5; rank-0 local loss."
"DiLoCo (8xA100, NVLink)",7270,3.5733504,3.8905,0.0018,313.1,79.0,measured,out/prime-diloco/session_out/train.log,"K=8, H=500, outer_lr=0.7, outer_momentum=0.5; rank-0 local loss."
"DiLoCo (8xA100, NVLink)",7280,3.5782656,3.8881,0.0018,314.0,78.8,measured,out/prime-diloco/session_out/train.log,"K=8, H=500, outer_lr=0.7, outer_momentum=0.5; rank-0 local loss."
"DiLoCo (8xA100, NVLink)",7290,3.5831808,3.8444,0.0018,312.9,79.1,measured,out/prime-diloco/session_out/train.log,"K=8, H=500, outer_lr=0.7, outer_momentum=0.5; rank-0 local loss."
"DiLoCo (8xA100, NVLink)",7300,3.588096,3.9707,0.0018,312.7,79.1,measured,out/prime-diloco/session_out/train.log,"K=8, H=500, outer_lr=0.7, outer_momentum=0.5; rank-0 local loss."
"DiLoCo (8xA100, NVLink)",7310,3.5930112,3.8825,0.0018,314.9,78.6,measured,out/prime-diloco/session_out/train.log,"K=8, H=500, outer_lr=0.7, outer_momentum=0.5; rank-0 local loss."
"DiLoCo (8xA100, NVLink)",7320,3.5979264,4.0018,0.0018,314.0,78.8,measured,out/prime-diloco/session_out/train.log,"K=8, H=500, outer_lr=0.7, outer_momentum=0.5; rank-0 local loss."
"DiLoCo (8xA100, NVLink)",7330,3.6028416,4.4124,0.0018,314.3,78.7,measured,out/prime-diloco/session_out/train.log,"K=8, H=500, outer_lr=0.7, outer_momentum=0.5; rank-0 local loss."
"DiLoCo (8xA100, NVLink)",7340,3.6077568,3.9608,0.0018,314.0,78.8,measured,out/prime-diloco/session_out/train.log,"K=8, H=500, outer_lr=0.7, outer_momentum=0.5; rank-0 local loss."
"DiLoCo (8xA100, NVLink)",7350,3.612672,3.9125,0.0018,314.7,78.6,measured,out/prime-diloco/session_out/train.log,"K=8, H=500, outer_lr=0.7, outer_momentum=0.5; rank-0 local loss."
"DiLoCo (8xA100, NVLink)",7360,3.6175872,3.8997,0.0018,314.0,78.8,measured,out/prime-diloco/session_out/train.log,"K=8, H=500, outer_lr=0.7, outer_momentum=0.5; rank-0 local loss."
"DiLoCo (8xA100, NVLink)",7370,3.6225024,3.8239,0.0018,313.5,78.9,measured,out/prime-diloco/session_out/train.log,"K=8, H=500, outer_lr=0.7, outer_momentum=0.5; rank-0 local loss."
"DiLoCo (8xA100, NVLink)",7380,3.6274176,3.8544,0.0018,314.1,78.7,measured,out/prime-diloco/session_out/train.log,"K=8, H=500, outer_lr=0.7, outer_momentum=0.5; rank-0 local loss."
"DiLoCo (8xA100, NVLink)",7390,3.6323328,3.9647,0.0018,314.3,78.7,measured,out/prime-diloco/session_out/train.log,"K=8, H=500, outer_lr=0.7, outer_momentum=0.5; rank-0 local loss."
"DiLoCo (8xA100, NVLink)",7400,3.637248,3.892,0.0018,313.1,79.0,measured,out/prime-diloco/session_out/train.log,"K=8, H=500, outer_lr=0.7, outer_momentum=0.5; rank-0 local loss."
"DiLoCo (8xA100, NVLink)",7410,3.6421632,3.7392,0.0018,313.4,78.9,measured,out/prime-diloco/session_out/train.log,"K=8, H=500, outer_lr=0.7, outer_momentum=0.5; rank-0 local loss."
"DiLoCo (8xA100, NVLink)",7420,3.6470784,3.9171,0.0018,313.9,78.8,measured,out/prime-diloco/session_out/train.log,"K=8, H=500, outer_lr=0.7, outer_momentum=0.5; rank-0 local loss."
"DiLoCo (8xA100, NVLink)",7430,3.6519936,3.7665,0.0018,313.8,78.8,measured,out/prime-diloco/session_out/train.log,"K=8, H=500, outer_lr=0.7, outer_momentum=0.5; rank-0 local loss."
"DiLoCo (8xA100, NVLink)",7440,3.6569088,3.9175,0.0018,313.9,78.8,measured,out/prime-diloco/session_out/train.log,"K=8, H=500, outer_lr=0.7, outer_momentum=0.5; rank-0 local loss."
"DiLoCo (8xA100, NVLink)",7450,3.661824,3.8121,0.0018,313.9,78.8,measured,out/prime-diloco/session_out/train.log,"K=8, H=500, outer_lr=0.7, outer_momentum=0.5; rank-0 local loss."
"DiLoCo (8xA100, NVLink)",7460,3.6667392,4.2847,0.0018,313.2,79.0,measured,out/prime-diloco/session_out/train.log,"K=8, H=500, outer_lr=0.7, outer_momentum=0.5; rank-0 local loss."
"DiLoCo (8xA100, NVLink)",7470,3.6716544,3.7535,0.0018,313.9,78.8,measured,out/prime-diloco/session_out/train.log,"K=8, H=500, outer_lr=0.7, outer_momentum=0.5; rank-0 local loss."
"DiLoCo (8xA100, NVLink)",7480,3.6765696,3.9671,0.0018,313.1,79.0,measured,out/prime-diloco/session_out/train.log,"K=8, H=500, outer_lr=0.7, outer_momentum=0.5; rank-0 local loss."
"DiLoCo (8xA100, NVLink)",7490,3.6814848,3.8706,0.0018,313.7,78.8,measured,out/prime-diloco/session_out/train.log,"K=8, H=500, outer_lr=0.7, outer_momentum=0.5; rank-0 local loss."
"DiLoCo (8xA100, NVLink)",7500,3.6864,3.7723,0.0018,1072.8,23.1,measured,out/prime-diloco/session_out/train.log,"K=8, H=500, outer_lr=0.7, outer_momentum=0.5; rank-0 local loss."
"DiLoCo (8xA100, NVLink)",7510,3.6913152,3.5791,0.0018,313.4,78.9,measured,out/prime-diloco/session_out/train.log,"K=8, H=500, outer_lr=0.7, outer_momentum=0.5; rank-0 local loss."
"DiLoCo (8xA100, NVLink)",7520,3.6962304,3.7471,0.0018,314.1,78.8,measured,out/prime-diloco/session_out/train.log,"K=8, H=500, outer_lr=0.7, outer_momentum=0.5; rank-0 local loss."
"DiLoCo (8xA100, NVLink)",7530,3.7011456,3.7114,0.0018,313.1,79.0,measured,out/prime-diloco/session_out/train.log,"K=8, H=500, outer_lr=0.7, outer_momentum=0.5; rank-0 local loss."
"DiLoCo (8xA100, NVLink)",7540,3.7060608,3.8603,0.0018,314.5,78.7,measured,out/prime-diloco/session_out/train.log,"K=8, H=500, outer_lr=0.7, outer_momentum=0.5; rank-0 local loss."
"DiLoCo (8xA100, NVLink)",7550,3.710976,3.8573,0.0018,313.8,78.8,measured,out/prime-diloco/session_out/train.log,"K=8, H=500, outer_lr=0.7, outer_momentum=0.5; rank-0 local loss."
"DiLoCo (8xA100, NVLink)",7560,3.7158912,3.5345,0.0018,314.0,78.8,measured,out/prime-diloco/session_out/train.log,"K=8, H=500, outer_lr=0.7, outer_momentum=0.5; rank-0 local loss."
"DiLoCo (8xA100, NVLink)",7570,3.7208064,3.7808,0.0018,314.2,78.7,measured,out/prime-diloco/session_out/train.log,"K=8, H=500, outer_lr=0.7, outer_momentum=0.5; rank-0 local loss."
"DiLoCo (8xA100, NVLink)",7580,3.7257216,3.8899,0.0018,315.2,78.5,measured,out/prime-diloco/session_out/train.log,"K=8, H=500, outer_lr=0.7, outer_momentum=0.5; rank-0 local loss."
"DiLoCo (8xA100, NVLink)",7590,3.7306368,3.9377,0.0018,314.5,78.6,measured,out/prime-diloco/session_out/train.log,"K=8, H=500, outer_lr=0.7, outer_momentum=0.5; rank-0 local loss."
"DiLoCo (8xA100, NVLink)",7600,3.735552,3.8075,0.0018,314.6,78.6,measured,out/prime-diloco/session_out/train.log,"K=8, H=500, outer_lr=0.7, outer_momentum=0.5; rank-0 local loss."
"DiLoCo (8xA100, NVLink)",7610,3.7404672,3.8873,0.0018,313.8,78.8,measured,out/prime-diloco/session_out/train.log,"K=8, H=500, outer_lr=0.7, outer_momentum=0.5; rank-0 local loss."
"DiLoCo (8xA100, NVLink)",7620,3.7453824,3.8498,0.0018,314.8,78.6,measured,out/prime-diloco/session_out/train.log,"K=8, H=500, outer_lr=0.7, outer_momentum=0.5; rank-0 local loss."
"DiLoCo (8xA100, NVLink)",7630,3.7502976,3.7103,0.0018,314.2,78.7,measured,out/prime-diloco/session_out/train.log,"K=8, H=500, outer_lr=0.7, outer_momentum=0.5; rank-0 local loss."
"DiLoCo (8xA100, NVLink)",7640,3.7552128,3.8975,0.0018,313.5,78.9,measured,out/prime-diloco/session_out/train.log,"K=8, H=500, outer_lr=0.7, outer_momentum=0.5; rank-0 local loss."
"DiLoCo (8xA100, NVLink)",7650,3.760128,3.86,0.0018,314.2,78.7,measured,out/prime-diloco/session_out/train.log,"K=8, H=500, outer_lr=0.7, outer_momentum=0.5; rank-0 local loss."
"DiLoCo (8xA100, NVLink)",7660,3.7650432,3.7772,0.0018,315.2,78.5,measured,out/prime-diloco/session_out/train.log,"K=8, H=500, outer_lr=0.7, outer_momentum=0.5; rank-0 local loss."
"DiLoCo (8xA100, NVLink)",7670,3.7699584,3.9873,0.0018,313.1,79.0,measured,out/prime-diloco/session_out/train.log,"K=8, H=500, outer_lr=0.7, outer_momentum=0.5; rank-0 local loss."
"DiLoCo (8xA100, NVLink)",7680,3.7748736,3.7801,0.0018,313.5,78.9,measured,out/prime-diloco/session_out/train.log,"K=8, H=500, outer_lr=0.7, outer_momentum=0.5; rank-0 local loss."
"DiLoCo (8xA100, NVLink)",7690,3.7797888,3.7815,0.0018,313.5,78.9,measured,out/prime-diloco/session_out/train.log,"K=8, H=500, outer_lr=0.7, outer_momentum=0.5; rank-0 local loss."
"DiLoCo (8xA100, NVLink)",7700,3.784704,4.0201,0.0018,313.9,78.8,measured,out/prime-diloco/session_out/train.log,"K=8, H=500, outer_lr=0.7, outer_momentum=0.5; rank-0 local loss."
"DiLoCo (8xA100, NVLink)",7710,3.7896192,3.786,0.0018,313.8,78.8,measured,out/prime-diloco/session_out/train.log,"K=8, H=500, outer_lr=0.7, outer_momentum=0.5; rank-0 local loss."
"DiLoCo (8xA100, NVLink)",7720,3.7945344,3.9083,0.0018,313.7,78.9,measured,out/prime-diloco/session_out/train.log,"K=8, H=500, outer_lr=0.7, outer_momentum=0.5; rank-0 local loss."
"DiLoCo (8xA100, NVLink)",7730,3.7994496,4.0055,0.0018,313.6,78.9,measured,out/prime-diloco/session_out/train.log,"K=8, H=500, outer_lr=0.7, outer_momentum=0.5; rank-0 local loss."
"DiLoCo (8xA100, NVLink)",7740,3.8043648,3.8837,0.0018,314.2,78.7,measured,out/prime-diloco/session_out/train.log,"K=8, H=500, outer_lr=0.7, outer_momentum=0.5; rank-0 local loss."
"DiLoCo (8xA100, NVLink)",7750,3.80928,3.8719,0.0018,313.3,78.9,measured,out/prime-diloco/session_out/train.log,"K=8, H=500, outer_lr=0.7, outer_momentum=0.5; rank-0 local loss."
"DiLoCo (8xA100, NVLink)",7760,3.8141952,3.8585,0.0018,311.3,79.5,measured,out/prime-diloco/session_out/train.log,"K=8, H=500, outer_lr=0.7, outer_momentum=0.5; rank-0 local loss."
"DiLoCo (8xA100, NVLink)",7770,3.8191104,4.0542,0.0018,313.1,79.0,measured,out/prime-diloco/session_out/train.log,"K=8, H=500, outer_lr=0.7, outer_momentum=0.5; rank-0 local loss."
"DiLoCo (8xA100, NVLink)",7780,3.8240256,3.8421,0.0018,313.2,79.0,measured,out/prime-diloco/session_out/train.log,"K=8, H=500, outer_lr=0.7, outer_momentum=0.5; rank-0 local loss."
"DiLoCo (8xA100, NVLink)",7790,3.8289408,3.81,0.0018,313.9,78.8,measured,out/prime-diloco/session_out/train.log,"K=8, H=500, outer_lr=0.7, outer_momentum=0.5; rank-0 local loss."
"DiLoCo (8xA100, NVLink)",7800,3.833856,3.9605,0.0018,312.8,79.1,measured,out/prime-diloco/session_out/train.log,"K=8, H=500, outer_lr=0.7, outer_momentum=0.5; rank-0 local loss."
"DiLoCo (8xA100, NVLink)",7810,3.8387712,3.9445,0.0018,313.7,78.8,measured,out/prime-diloco/session_out/train.log,"K=8, H=500, outer_lr=0.7, outer_momentum=0.5; rank-0 local loss."
"DiLoCo (8xA100, NVLink)",7820,3.8436864,3.7886,0.0018,313.1,79.0,measured,out/prime-diloco/session_out/train.log,"K=8, H=500, outer_lr=0.7, outer_momentum=0.5; rank-0 local loss."
"DiLoCo (8xA100, NVLink)",7830,3.8486016,3.9247,0.0018,313.8,78.8,measured,out/prime-diloco/session_out/train.log,"K=8, H=500, outer_lr=0.7, outer_momentum=0.5; rank-0 local loss."
"DiLoCo (8xA100, NVLink)",7840,3.8535168,3.9611,0.0018,313.8,78.8,measured,out/prime-diloco/session_out/train.log,"K=8, H=500, outer_lr=0.7, outer_momentum=0.5; rank-0 local loss."
"DiLoCo (8xA100, NVLink)",7850,3.858432,3.9756,0.0018,312.7,79.1,measured,out/prime-diloco/session_out/train.log,"K=8, H=500, outer_lr=0.7, outer_momentum=0.5; rank-0 local loss."
"DiLoCo (8xA100, NVLink)",7860,3.8633472,3.9326,0.0018,313.7,78.8,measured,out/prime-diloco/session_out/train.log,"K=8, H=500, outer_lr=0.7, outer_momentum=0.5; rank-0 local loss."
"DiLoCo (8xA100, NVLink)",7870,3.8682624,3.9108,0.0018,313.5,78.9,measured,out/prime-diloco/session_out/train.log,"K=8, H=500, outer_lr=0.7, outer_momentum=0.5; rank-0 local loss."
"DiLoCo (8xA100, NVLink)",7880,3.8731776,3.8505,0.0018,313.0,79.0,measured,out/prime-diloco/session_out/train.log,"K=8, H=500, outer_lr=0.7, outer_momentum=0.5; rank-0 local loss."
"DiLoCo (8xA100, NVLink)",7890,3.8780928,3.7926,0.0018,313.6,78.9,measured,out/prime-diloco/session_out/train.log,"K=8, H=500, outer_lr=0.7, outer_momentum=0.5; rank-0 local loss."
"DiLoCo (8xA100, NVLink)",7900,3.883008,3.8224,0.0018,314.0,78.8,measured,out/prime-diloco/session_out/train.log,"K=8, H=500, outer_lr=0.7, outer_momentum=0.5; rank-0 local loss."
"DiLoCo (8xA100, NVLink)",7910,3.8879232,3.9676,0.0018,313.8,78.8,measured,out/prime-diloco/session_out/train.log,"K=8, H=500, outer_lr=0.7, outer_momentum=0.5; rank-0 local loss."
"DiLoCo (8xA100, NVLink)",7920,3.8928384,3.9682,0.0018,313.3,79.0,measured,out/prime-diloco/session_out/train.log,"K=8, H=500, outer_lr=0.7, outer_momentum=0.5; rank-0 local loss."
"DiLoCo (8xA100, NVLink)",7930,3.8977536,3.9435,0.0018,313.9,78.8,measured,out/prime-diloco/session_out/train.log,"K=8, H=500, outer_lr=0.7, outer_momentum=0.5; rank-0 local loss."
"DiLoCo (8xA100, NVLink)",7940,3.9026688,3.7578,0.0018,314.0,78.8,measured,out/prime-diloco/session_out/train.log,"K=8, H=500, outer_lr=0.7, outer_momentum=0.5; rank-0 local loss."
"DiLoCo (8xA100, NVLink)",7950,3.907584,4.0701,0.0018,313.6,78.9,measured,out/prime-diloco/session_out/train.log,"K=8, H=500, outer_lr=0.7, outer_momentum=0.5; rank-0 local loss."
"DiLoCo (8xA100, NVLink)",7960,3.9124992,3.9686,0.0018,313.7,78.9,measured,out/prime-diloco/session_out/train.log,"K=8, H=500, outer_lr=0.7, outer_momentum=0.5; rank-0 local loss."
"DiLoCo (8xA100, NVLink)",7970,3.9174144,3.9481,0.0018,313.9,78.8,measured,out/prime-diloco/session_out/train.log,"K=8, H=500, outer_lr=0.7, outer_momentum=0.5; rank-0 local loss."
"DiLoCo (8xA100, NVLink)",7980,3.9223296,3.8322,0.0018,314.5,78.6,measured,out/prime-diloco/session_out/train.log,"K=8, H=500, outer_lr=0.7, outer_momentum=0.5; rank-0 local loss."
"DiLoCo (8xA100, NVLink)",7990,3.9272448,3.8001,0.0018,314.0,78.8,measured,out/prime-diloco/session_out/train.log,"K=8, H=500, outer_lr=0.7, outer_momentum=0.5; rank-0 local loss."
"DiLoCo (8xA100, NVLink)",8000,3.93216,3.7922,0.0018,378.2,65.4,measured,out/prime-diloco/session_out/train.log,"K=8, H=500, outer_lr=0.7, outer_momentum=0.5; rank-0 local loss."
"DiLoCo (8xA100, NVLink)",8010,3.9370752,3.6482,0.0018,313.0,79.0,measured,out/prime-diloco/session_out/train.log,"K=8, H=500, outer_lr=0.7, outer_momentum=0.5; rank-0 local loss."
"DiLoCo (8xA100, NVLink)",8020,3.9419904,3.7193,0.0018,316.4,78.2,measured,out/prime-diloco/session_out/train.log,"K=8, H=500, outer_lr=0.7, outer_momentum=0.5; rank-0 local loss."
"DiLoCo (8xA100, NVLink)",8030,3.9469056,3.7742,0.0018,313.2,79.0,measured,out/prime-diloco/session_out/train.log,"K=8, H=500, outer_lr=0.7, outer_momentum=0.5; rank-0 local loss."
"DiLoCo (8xA100, NVLink)",8040,3.9518208,3.8092,0.0018,314.2,78.7,measured,out/prime-diloco/session_out/train.log,"K=8, H=500, outer_lr=0.7, outer_momentum=0.5; rank-0 local loss."
"DiLoCo (8xA100, NVLink)",8050,3.956736,3.7267,0.0018,312.8,79.1,measured,out/prime-diloco/session_out/train.log,"K=8, H=500, outer_lr=0.7, outer_momentum=0.5; rank-0 local loss."
"DiLoCo (8xA100, NVLink)",8060,3.9616512,3.644,0.0018,314.4,78.7,measured,out/prime-diloco/session_out/train.log,"K=8, H=500, outer_lr=0.7, outer_momentum=0.5; rank-0 local loss."
"DiLoCo (8xA100, NVLink)",8070,3.9665664,3.6528,0.0018,314.5,78.7,measured,out/prime-diloco/session_out/train.log,"K=8, H=500, outer_lr=0.7, outer_momentum=0.5; rank-0 local loss."
"DiLoCo (8xA100, NVLink)",8080,3.9714816,3.789,0.0018,313.5,78.9,measured,out/prime-diloco/session_out/train.log,"K=8, H=500, outer_lr=0.7, outer_momentum=0.5; rank-0 local loss."
"DiLoCo (8xA100, NVLink)",8090,3.9763968,3.8836,0.0018,314.9,78.6,measured,out/prime-diloco/session_out/train.log,"K=8, H=500, outer_lr=0.7, outer_momentum=0.5; rank-0 local loss."
"DiLoCo (8xA100, NVLink)",8100,3.981312,3.8271,0.0018,314.2,78.7,measured,out/prime-diloco/session_out/train.log,"K=8, H=500, outer_lr=0.7, outer_momentum=0.5; rank-0 local loss."
"DiLoCo (8xA100, NVLink)",8110,3.9862272,3.8603,0.0018,314.4,78.7,measured,out/prime-diloco/session_out/train.log,"K=8, H=500, outer_lr=0.7, outer_momentum=0.5; rank-0 local loss."
"DiLoCo (8xA100, NVLink)",8120,3.9911424,3.9001,0.0018,314.2,78.7,measured,out/prime-diloco/session_out/train.log,"K=8, H=500, outer_lr=0.7, outer_momentum=0.5; rank-0 local loss."
"DiLoCo (8xA100, NVLink)",8130,3.9960576,3.816,0.0018,314.5,78.7,measured,out/prime-diloco/session_out/train.log,"K=8, H=500, outer_lr=0.7, outer_momentum=0.5; rank-0 local loss."
"DiLoCo (8xA100, NVLink)",8140,4.0009728,3.7993,0.0018,313.4,78.9,measured,out/prime-diloco/session_out/train.log,"K=8, H=500, outer_lr=0.7, outer_momentum=0.5; rank-0 local loss."
"DiLoCo (8xA100, NVLink)",8150,4.005888,3.8551,0.0018,314.2,78.7,measured,out/prime-diloco/session_out/train.log,"K=8, H=500, outer_lr=0.7, outer_momentum=0.5; rank-0 local loss."
"DiLoCo (8xA100, NVLink)",8160,4.0108032,3.8949,0.0018,313.0,79.0,measured,out/prime-diloco/session_out/train.log,"K=8, H=500, outer_lr=0.7, outer_momentum=0.5; rank-0 local loss."
"DiLoCo (8xA100, NVLink)",8170,4.0157184,3.8671,0.0018,312.9,79.1,measured,out/prime-diloco/session_out/train.log,"K=8, H=500, outer_lr=0.7, outer_momentum=0.5; rank-0 local loss."
"DiLoCo (8xA100, NVLink)",8180,4.0206336,4.0397,0.0018,314.7,78.6,measured,out/prime-diloco/session_out/train.log,"K=8, H=500, outer_lr=0.7, outer_momentum=0.5; rank-0 local loss."
"DiLoCo (8xA100, NVLink)",8190,4.0255488,4.1291,0.0018,314.4,78.7,measured,out/prime-diloco/session_out/train.log,"K=8, H=500, outer_lr=0.7, outer_momentum=0.5; rank-0 local loss."
"DiLoCo (8xA100, NVLink)",8200,4.030464,3.6821,0.0018,312.6,79.1,measured,out/prime-diloco/session_out/train.log,"K=8, H=500, outer_lr=0.7, outer_momentum=0.5; rank-0 local loss."
"DiLoCo (8xA100, NVLink)",8210,4.0353792,3.7537,0.0018,313.6,78.9,measured,out/prime-diloco/session_out/train.log,"K=8, H=500, outer_lr=0.7, outer_momentum=0.5; rank-0 local loss."
"DiLoCo (8xA100, NVLink)",8220,4.0402944,3.8557,0.0018,313.7,78.9,measured,out/prime-diloco/session_out/train.log,"K=8, H=500, outer_lr=0.7, outer_momentum=0.5; rank-0 local loss."
"DiLoCo (8xA100, NVLink)",8230,4.0452096,3.8316,0.0018,314.2,78.7,measured,out/prime-diloco/session_out/train.log,"K=8, H=500, outer_lr=0.7, outer_momentum=0.5; rank-0 local loss."
"DiLoCo (8xA100, NVLink)",8240,4.0501248,4.9331,0.0018,313.6,78.9,measured,out/prime-diloco/session_out/train.log,"K=8, H=500, outer_lr=0.7, outer_momentum=0.5; rank-0 local loss."
"DiLoCo (8xA100, NVLink)",8250,4.05504,3.7446,0.0018,314.1,78.7,measured,out/prime-diloco/session_out/train.log,"K=8, H=500, outer_lr=0.7, outer_momentum=0.5; rank-0 local loss."
"DiLoCo (8xA100, NVLink)",8260,4.0599552,4.0494,0.0018,314.5,78.6,measured,out/prime-diloco/session_out/train.log,"K=8, H=500, outer_lr=0.7, outer_momentum=0.5; rank-0 local loss."
"DiLoCo (8xA100, NVLink)",8270,4.0648704,3.824,0.0018,314.1,78.7,measured,out/prime-diloco/session_out/train.log,"K=8, H=500, outer_lr=0.7, outer_momentum=0.5; rank-0 local loss."
"DiLoCo (8xA100, NVLink)",8280,4.0697856,4.1105,0.0018,314.3,78.7,measured,out/prime-diloco/session_out/train.log,"K=8, H=500, outer_lr=0.7, outer_momentum=0.5; rank-0 local loss."
"DiLoCo (8xA100, NVLink)",8290,4.0747008,3.9546,0.0018,314.7,78.6,measured,out/prime-diloco/session_out/train.log,"K=8, H=500, outer_lr=0.7, outer_momentum=0.5; rank-0 local loss."
"DiLoCo (8xA100, NVLink)",8300,4.079616,3.9707,0.0018,313.9,78.8,measured,out/prime-diloco/session_out/train.log,"K=8, H=500, outer_lr=0.7, outer_momentum=0.5; rank-0 local loss."
"DiLoCo (8xA100, NVLink)",8310,4.0845312,3.8038,0.0018,314.6,78.6,measured,out/prime-diloco/session_out/train.log,"K=8, H=500, outer_lr=0.7, outer_momentum=0.5; rank-0 local loss."
"DiLoCo (8xA100, NVLink)",8320,4.0894464,3.7519,0.0018,314.1,78.8,measured,out/prime-diloco/session_out/train.log,"K=8, H=500, outer_lr=0.7, outer_momentum=0.5; rank-0 local loss."
"DiLoCo (8xA100, NVLink)",8330,4.0943616,4.4782,0.0018,314.0,78.8,measured,out/prime-diloco/session_out/train.log,"K=8, H=500, outer_lr=0.7, outer_momentum=0.5; rank-0 local loss."
"DiLoCo (8xA100, NVLink)",8340,4.0992768,4.1552,0.0018,312.6,79.1,measured,out/prime-diloco/session_out/train.log,"K=8, H=500, outer_lr=0.7, outer_momentum=0.5; rank-0 local loss."
"DiLoCo (8xA100, NVLink)",8350,4.104192,3.8617,0.0018,312.4,79.2,measured,out/prime-diloco/session_out/train.log,"K=8, H=500, outer_lr=0.7, outer_momentum=0.5; rank-0 local loss."
"DiLoCo (8xA100, NVLink)",8360,4.1091072,3.9966,0.0018,313.1,79.0,measured,out/prime-diloco/session_out/train.log,"K=8, H=500, outer_lr=0.7, outer_momentum=0.5; rank-0 local loss."
"DiLoCo (8xA100, NVLink)",8370,4.1140224,3.8258,0.0018,314.2,78.7,measured,out/prime-diloco/session_out/train.log,"K=8, H=500, outer_lr=0.7, outer_momentum=0.5; rank-0 local loss."
"DiLoCo (8xA100, NVLink)",8380,4.1189376,3.9465,0.0018,314.3,78.7,measured,out/prime-diloco/session_out/train.log,"K=8, H=500, outer_lr=0.7, outer_momentum=0.5; rank-0 local loss."
"DiLoCo (8xA100, NVLink)",8390,4.1238528,3.9796,0.0018,314.4,78.7,measured,out/prime-diloco/session_out/train.log,"K=8, H=500, outer_lr=0.7, outer_momentum=0.5; rank-0 local loss."
"DiLoCo (8xA100, NVLink)",8400,4.128768,3.9858,0.0018,313.3,78.9,measured,out/prime-diloco/session_out/train.log,"K=8, H=500, outer_lr=0.7, outer_momentum=0.5; rank-0 local loss."
"DiLoCo (8xA100, NVLink)",8410,4.1336832,4.1042,0.0018,314.4,78.7,measured,out/prime-diloco/session_out/train.log,"K=8, H=500, outer_lr=0.7, outer_momentum=0.5; rank-0 local loss."
"DiLoCo (8xA100, NVLink)",8420,4.1385984,3.8555,0.0018,314.4,78.7,measured,out/prime-diloco/session_out/train.log,"K=8, H=500, outer_lr=0.7, outer_momentum=0.5; rank-0 local loss."
"DiLoCo (8xA100, NVLink)",8430,4.1435136,3.8375,0.0018,313.5,78.9,measured,out/prime-diloco/session_out/train.log,"K=8, H=500, outer_lr=0.7, outer_momentum=0.5; rank-0 local loss."
"DiLoCo (8xA100, NVLink)",8440,4.1484288,3.787,0.0018,313.9,78.8,measured,out/prime-diloco/session_out/train.log,"K=8, H=500, outer_lr=0.7, outer_momentum=0.5; rank-0 local loss."
"DiLoCo (8xA100, NVLink)",8450,4.153344,3.8244,0.0018,312.8,79.1,measured,out/prime-diloco/session_out/train.log,"K=8, H=500, outer_lr=0.7, outer_momentum=0.5; rank-0 local loss."
"DiLoCo (8xA100, NVLink)",8460,4.1582592,3.9047,0.0018,313.0,79.0,measured,out/prime-diloco/session_out/train.log,"K=8, H=500, outer_lr=0.7, outer_momentum=0.5; rank-0 local loss."
"DiLoCo (8xA100, NVLink)",8470,4.1631744,3.8309,0.0018,313.0,79.0,measured,out/prime-diloco/session_out/train.log,"K=8, H=500, outer_lr=0.7, outer_momentum=0.5; rank-0 local loss."
"DiLoCo (8xA100, NVLink)",8480,4.1680896,3.8384,0.0018,313.6,78.9,measured,out/prime-diloco/session_out/train.log,"K=8, H=500, outer_lr=0.7, outer_momentum=0.5; rank-0 local loss."
"DiLoCo (8xA100, NVLink)",8490,4.1730048,3.8452,0.0018,313.3,79.0,measured,out/prime-diloco/session_out/train.log,"K=8, H=500, outer_lr=0.7, outer_momentum=0.5; rank-0 local loss."
"DiLoCo (8xA100, NVLink)",8500,4.17792,4.0043,0.0018,798.1,31.0,measured,out/prime-diloco/session_out/train.log,"K=8, H=500, outer_lr=0.7, outer_momentum=0.5; rank-0 local loss."
"DiLoCo (8xA100, NVLink)",8510,4.1828352,3.5542,0.0018,312.8,79.1,measured,out/prime-diloco/session_out/train.log,"K=8, H=500, outer_lr=0.7, outer_momentum=0.5; rank-0 local loss."
"DiLoCo (8xA100, NVLink)",8520,4.1877504,3.7018,0.0018,314.1,78.8,measured,out/prime-diloco/session_out/train.log,"K=8, H=500, outer_lr=0.7, outer_momentum=0.5; rank-0 local loss."
"DiLoCo (8xA100, NVLink)",8530,4.1926656,3.8227,0.0018,315.2,78.5,measured,out/prime-diloco/session_out/train.log,"K=8, H=500, outer_lr=0.7, outer_momentum=0.5; rank-0 local loss."
"DiLoCo (8xA100, NVLink)",8540,4.1975808,3.8257,0.0018,315.3,78.4,measured,out/prime-diloco/session_out/train.log,"K=8, H=500, outer_lr=0.7, outer_momentum=0.5; rank-0 local loss."
"DiLoCo (8xA100, NVLink)",8550,4.202496,3.8421,0.0018,314.7,78.6,measured,out/prime-diloco/session_out/train.log,"K=8, H=500, outer_lr=0.7, outer_momentum=0.5; rank-0 local loss."
"DiLoCo (8xA100, NVLink)",8560,4.2074112,3.7387,0.0018,315.1,78.5,measured,out/prime-diloco/session_out/train.log,"K=8, H=500, outer_lr=0.7, outer_momentum=0.5; rank-0 local loss."
"DiLoCo (8xA100, NVLink)",8570,4.2123264,3.7579,0.0018,314.2,78.7,measured,out/prime-diloco/session_out/train.log,"K=8, H=500, outer_lr=0.7, outer_momentum=0.5; rank-0 local loss."
"DiLoCo (8xA100, NVLink)",8580,4.2172416,3.7581,0.0018,313.9,78.8,measured,out/prime-diloco/session_out/train.log,"K=8, H=500, outer_lr=0.7, outer_momentum=0.5; rank-0 local loss."
"DiLoCo (8xA100, NVLink)",8590,4.2221568,3.6287,0.0018,313.8,78.8,measured,out/prime-diloco/session_out/train.log,"K=8, H=500, outer_lr=0.7, outer_momentum=0.5; rank-0 local loss."
"DiLoCo (8xA100, NVLink)",8600,4.227072,3.6631,0.0018,314.8,78.6,measured,out/prime-diloco/session_out/train.log,"K=8, H=500, outer_lr=0.7, outer_momentum=0.5; rank-0 local loss."
"DiLoCo (8xA100, NVLink)",8610,4.2319872,3.8282,0.0018,314.0,78.8,measured,out/prime-diloco/session_out/train.log,"K=8, H=500, outer_lr=0.7, outer_momentum=0.5; rank-0 local loss."
"DiLoCo (8xA100, NVLink)",8620,4.2369024,3.6786,0.0018,314.2,78.7,measured,out/prime-diloco/session_out/train.log,"K=8, H=500, outer_lr=0.7, outer_momentum=0.5; rank-0 local loss."
"DiLoCo (8xA100, NVLink)",8630,4.2418176,3.8356,0.0018,313.1,79.0,measured,out/prime-diloco/session_out/train.log,"K=8, H=500, outer_lr=0.7, outer_momentum=0.5; rank-0 local loss."
"DiLoCo (8xA100, NVLink)",8640,4.2467328,3.6584,0.0018,313.7,78.9,measured,out/prime-diloco/session_out/train.log,"K=8, H=500, outer_lr=0.7, outer_momentum=0.5; rank-0 local loss."
"DiLoCo (8xA100, NVLink)",8650,4.251648,3.7855,0.0018,314.0,78.8,measured,out/prime-diloco/session_out/train.log,"K=8, H=500, outer_lr=0.7, outer_momentum=0.5; rank-0 local loss."
"DiLoCo (8xA100, NVLink)",8660,4.2565632,3.9953,0.0018,314.1,78.7,measured,out/prime-diloco/session_out/train.log,"K=8, H=500, outer_lr=0.7, outer_momentum=0.5; rank-0 local loss."
"DiLoCo (8xA100, NVLink)",8670,4.2614784,3.7678,0.0018,313.2,79.0,measured,out/prime-diloco/session_out/train.log,"K=8, H=500, outer_lr=0.7, outer_momentum=0.5; rank-0 local loss."
"DiLoCo (8xA100, NVLink)",8680,4.2663936,3.8178,0.0018,313.0,79.0,measured,out/prime-diloco/session_out/train.log,"K=8, H=500, outer_lr=0.7, outer_momentum=0.5; rank-0 local loss."
"DiLoCo (8xA100, NVLink)",8690,4.2713088,3.9562,0.0018,313.0,79.0,measured,out/prime-diloco/session_out/train.log,"K=8, H=500, outer_lr=0.7, outer_momentum=0.5; rank-0 local loss."
"DiLoCo (8xA100, NVLink)",8700,4.276224,3.8161,0.0018,315.1,78.5,measured,out/prime-diloco/session_out/train.log,"K=8, H=500, outer_lr=0.7, outer_momentum=0.5; rank-0 local loss."
"DiLoCo (8xA100, NVLink)",8710,4.2811392,3.9786,0.0018,314.0,78.8,measured,out/prime-diloco/session_out/train.log,"K=8, H=500, outer_lr=0.7, outer_momentum=0.5; rank-0 local loss."
"DiLoCo (8xA100, NVLink)",8720,4.2860544,4.2772,0.0018,313.8,78.8,measured,out/prime-diloco/session_out/train.log,"K=8, H=500, outer_lr=0.7, outer_momentum=0.5; rank-0 local loss."
"DiLoCo (8xA100, NVLink)",8730,4.2909696,3.8311,0.0018,314.3,78.7,measured,out/prime-diloco/session_out/train.log,"K=8, H=500, outer_lr=0.7, outer_momentum=0.5; rank-0 local loss."
"DiLoCo (8xA100, NVLink)",8740,4.2958848,3.8176,0.0018,314.5,78.6,measured,out/prime-diloco/session_out/train.log,"K=8, H=500, outer_lr=0.7, outer_momentum=0.5; rank-0 local loss."
"DiLoCo (8xA100, NVLink)",8750,4.3008,3.9264,0.0018,314.3,78.7,measured,out/prime-diloco/session_out/train.log,"K=8, H=500, outer_lr=0.7, outer_momentum=0.5; rank-0 local loss."
"DiLoCo (8xA100, NVLink)",8760,4.3057152,3.8849,0.0018,313.9,78.8,measured,out/prime-diloco/session_out/train.log,"K=8, H=500, outer_lr=0.7, outer_momentum=0.5; rank-0 local loss."
"DiLoCo (8xA100, NVLink)",8770,4.3106304,4.2386,0.0018,313.7,78.8,measured,out/prime-diloco/session_out/train.log,"K=8, H=500, outer_lr=0.7, outer_momentum=0.5; rank-0 local loss."
"DiLoCo (8xA100, NVLink)",8780,4.3155456,3.7865,0.0018,315.1,78.5,measured,out/prime-diloco/session_out/train.log,"K=8, H=500, outer_lr=0.7, outer_momentum=0.5; rank-0 local loss."
"DiLoCo (8xA100, NVLink)",8790,4.3204608,3.9098,0.0018,314.7,78.6,measured,out/prime-diloco/session_out/train.log,"K=8, H=500, outer_lr=0.7, outer_momentum=0.5; rank-0 local loss."
"DiLoCo (8xA100, NVLink)",8800,4.325376,3.6962,0.0018,313.1,79.0,measured,out/prime-diloco/session_out/train.log,"K=8, H=500, outer_lr=0.7, outer_momentum=0.5; rank-0 local loss."
"DiLoCo (8xA100, NVLink)",8810,4.3302912,3.8851,0.0018,314.1,78.7,measured,out/prime-diloco/session_out/train.log,"K=8, H=500, outer_lr=0.7, outer_momentum=0.5; rank-0 local loss."
"DiLoCo (8xA100, NVLink)",8820,4.3352064,3.9608,0.0018,314.2,78.7,measured,out/prime-diloco/session_out/train.log,"K=8, H=500, outer_lr=0.7, outer_momentum=0.5; rank-0 local loss."
"DiLoCo (8xA100, NVLink)",8830,4.3401216,3.8561,0.0018,314.3,78.7,measured,out/prime-diloco/session_out/train.log,"K=8, H=500, outer_lr=0.7, outer_momentum=0.5; rank-0 local loss."
"DiLoCo (8xA100, NVLink)",8840,4.3450368,3.7923,0.0018,312.9,79.0,measured,out/prime-diloco/session_out/train.log,"K=8, H=500, outer_lr=0.7, outer_momentum=0.5; rank-0 local loss."
"DiLoCo (8xA100, NVLink)",8850,4.349952,3.8343,0.0018,314.1,78.7,measured,out/prime-diloco/session_out/train.log,"K=8, H=500, outer_lr=0.7, outer_momentum=0.5; rank-0 local loss."
"DiLoCo (8xA100, NVLink)",8860,4.3548672,3.8712,0.0018,313.8,78.8,measured,out/prime-diloco/session_out/train.log,"K=8, H=500, outer_lr=0.7, outer_momentum=0.5; rank-0 local loss."
"DiLoCo (8xA100, NVLink)",8870,4.3597824,4.3041,0.0018,314.0,78.8,measured,out/prime-diloco/session_out/train.log,"K=8, H=500, outer_lr=0.7, outer_momentum=0.5; rank-0 local loss."
"DiLoCo (8xA100, NVLink)",8880,4.3646976,3.7708,0.0018,314.2,78.7,measured,out/prime-diloco/session_out/train.log,"K=8, H=500, outer_lr=0.7, outer_momentum=0.5; rank-0 local loss."
"DiLoCo (8xA100, NVLink)",8890,4.3696128,3.8035,0.0018,313.3,79.0,measured,out/prime-diloco/session_out/train.log,"K=8, H=500, outer_lr=0.7, outer_momentum=0.5; rank-0 local loss."
"DiLoCo (8xA100, NVLink)",8900,4.374528,3.8647,0.0018,314.5,78.7,measured,out/prime-diloco/session_out/train.log,"K=8, H=500, outer_lr=0.7, outer_momentum=0.5; rank-0 local loss."
"DiLoCo (8xA100, NVLink)",8910,4.3794432,3.785,0.0018,313.6,78.9,measured,out/prime-diloco/session_out/train.log,"K=8, H=500, outer_lr=0.7, outer_momentum=0.5; rank-0 local loss."
"DiLoCo (8xA100, NVLink)",8920,4.3843584,3.8065,0.0018,313.9,78.8,measured,out/prime-diloco/session_out/train.log,"K=8, H=500, outer_lr=0.7, outer_momentum=0.5; rank-0 local loss."
"DiLoCo (8xA100, NVLink)",8930,4.3892736,3.8593,0.0018,313.2,79.0,measured,out/prime-diloco/session_out/train.log,"K=8, H=500, outer_lr=0.7, outer_momentum=0.5; rank-0 local loss."
"DiLoCo (8xA100, NVLink)",8940,4.3941888,3.8576,0.0018,313.6,78.9,measured,out/prime-diloco/session_out/train.log,"K=8, H=500, outer_lr=0.7, outer_momentum=0.5; rank-0 local loss."
"DiLoCo (8xA100, NVLink)",8950,4.399104,3.8405,0.0018,315.0,78.5,measured,out/prime-diloco/session_out/train.log,"K=8, H=500, outer_lr=0.7, outer_momentum=0.5; rank-0 local loss."
"DiLoCo (8xA100, NVLink)",8960,4.4040192,3.9902,0.0018,314.3,78.7,measured,out/prime-diloco/session_out/train.log,"K=8, H=500, outer_lr=0.7, outer_momentum=0.5; rank-0 local loss."
"DiLoCo (8xA100, NVLink)",8970,4.4089344,3.8929,0.0018,315.1,78.5,measured,out/prime-diloco/session_out/train.log,"K=8, H=500, outer_lr=0.7, outer_momentum=0.5; rank-0 local loss."
"DiLoCo (8xA100, NVLink)",8980,4.4138496,3.879,0.0018,313.5,78.9,measured,out/prime-diloco/session_out/train.log,"K=8, H=500, outer_lr=0.7, outer_momentum=0.5; rank-0 local loss."
"DiLoCo (8xA100, NVLink)",8990,4.4187648,3.8064,0.0018,313.0,79.0,measured,out/prime-diloco/session_out/train.log,"K=8, H=500, outer_lr=0.7, outer_momentum=0.5; rank-0 local loss."
"DiLoCo (8xA100, NVLink)",9000,4.42368,3.6279,0.0018,430.5,57.5,measured,out/prime-diloco/session_out/train.log,"K=8, H=500, outer_lr=0.7, outer_momentum=0.5; rank-0 local loss."
"DiLoCo (8xA100, NVLink)",9010,4.4285952,3.725,0.00178,312.1,79.2,measured,out/prime-diloco/session_out/train.log,"K=8, H=500, outer_lr=0.7, outer_momentum=0.5; rank-0 local loss."
"DiLoCo (8xA100, NVLink)",9020,4.4335104,3.6431,0.00176,314.1,78.8,measured,out/prime-diloco/session_out/train.log,"K=8, H=500, outer_lr=0.7, outer_momentum=0.5; rank-0 local loss."
"DiLoCo (8xA100, NVLink)",9030,4.4384256,3.7706,0.00175,313.6,78.9,measured,out/prime-diloco/session_out/train.log,"K=8, H=500, outer_lr=0.7, outer_momentum=0.5; rank-0 local loss."
"DiLoCo (8xA100, NVLink)",9040,4.4433408,3.9374,0.00173,313.2,79.0,measured,out/prime-diloco/session_out/train.log,"K=8, H=500, outer_lr=0.7, outer_momentum=0.5; rank-0 local loss."
"DiLoCo (8xA100, NVLink)",9050,4.448256,3.9408,0.00171,314.8,78.6,measured,out/prime-diloco/session_out/train.log,"K=8, H=500, outer_lr=0.7, outer_momentum=0.5; rank-0 local loss."
"DiLoCo (8xA100, NVLink)",9060,4.4531712,3.8202,0.00169,313.9,78.8,measured,out/prime-diloco/session_out/train.log,"K=8, H=500, outer_lr=0.7, outer_momentum=0.5; rank-0 local loss."
"DiLoCo (8xA100, NVLink)",9070,4.4580864,4.7288,0.00167,313.6,78.9,measured,out/prime-diloco/session_out/train.log,"K=8, H=500, outer_lr=0.7, outer_momentum=0.5; rank-0 local loss."
"DiLoCo (8xA100, NVLink)",9080,4.4630016,3.704,0.00166,313.8,78.8,measured,out/prime-diloco/session_out/train.log,"K=8, H=500, outer_lr=0.7, outer_momentum=0.5; rank-0 local loss."
"DiLoCo (8xA100, NVLink)",9090,4.4679168,3.5869,0.00164,313.6,78.9,measured,out/prime-diloco/session_out/train.log,"K=8, H=500, outer_lr=0.7, outer_momentum=0.5; rank-0 local loss."
"DiLoCo (8xA100, NVLink)",9100,4.472832,3.8295,0.00162,314.0,78.8,measured,out/prime-diloco/session_out/train.log,"K=8, H=500, outer_lr=0.7, outer_momentum=0.5; rank-0 local loss."
"DiLoCo (8xA100, NVLink)",9110,4.4777472,3.93,0.0016,313.9,78.8,measured,out/prime-diloco/session_out/train.log,"K=8, H=500, outer_lr=0.7, outer_momentum=0.5; rank-0 local loss."
"DiLoCo (8xA100, NVLink)",9120,4.4826624,3.7154,0.00158,314.3,78.7,measured,out/prime-diloco/session_out/train.log,"K=8, H=500, outer_lr=0.7, outer_momentum=0.5; rank-0 local loss."
"DiLoCo (8xA100, NVLink)",9130,4.4875776,3.5743,0.00157,315.1,78.5,measured,out/prime-diloco/session_out/train.log,"K=8, H=500, outer_lr=0.7, outer_momentum=0.5; rank-0 local loss."
"DiLoCo (8xA100, NVLink)",9140,4.4924928,3.8135,0.00155,314.5,78.7,measured,out/prime-diloco/session_out/train.log,"K=8, H=500, outer_lr=0.7, outer_momentum=0.5; rank-0 local loss."
"DiLoCo (8xA100, NVLink)",9150,4.497408,3.8099,0.00153,313.8,78.8,measured,out/prime-diloco/session_out/train.log,"K=8, H=500, outer_lr=0.7, outer_momentum=0.5; rank-0 local loss."
"DiLoCo (8xA100, NVLink)",9160,4.5023232,3.7088,0.00151,313.2,79.0,measured,out/prime-diloco/session_out/train.log,"K=8, H=500, outer_lr=0.7, outer_momentum=0.5; rank-0 local loss."
"DiLoCo (8xA100, NVLink)",9170,4.5072384,3.7994,0.00149,314.2,78.7,measured,out/prime-diloco/session_out/train.log,"K=8, H=500, outer_lr=0.7, outer_momentum=0.5; rank-0 local loss."
"DiLoCo (8xA100, NVLink)",9180,4.5121536,3.8254,0.00148,314.1,78.7,measured,out/prime-diloco/session_out/train.log,"K=8, H=500, outer_lr=0.7, outer_momentum=0.5; rank-0 local loss."
"DiLoCo (8xA100, NVLink)",9190,4.5170688,3.7205,0.00146,313.6,78.9,measured,out/prime-diloco/session_out/train.log,"K=8, H=500, outer_lr=0.7, outer_momentum=0.5; rank-0 local loss."
"DiLoCo (8xA100, NVLink)",9200,4.521984,3.7792,0.00144,312.9,79.0,measured,out/prime-diloco/session_out/train.log,"K=8, H=500, outer_lr=0.7, outer_momentum=0.5; rank-0 local loss."
"DiLoCo (8xA100, NVLink)",9210,4.5268992,3.7617,0.00142,313.8,78.8,measured,out/prime-diloco/session_out/train.log,"K=8, H=500, outer_lr=0.7, outer_momentum=0.5; rank-0 local loss."
"DiLoCo (8xA100, NVLink)",9220,4.5318144,4.0829,0.0014,313.2,79.0,measured,out/prime-diloco/session_out/train.log,"K=8, H=500, outer_lr=0.7, outer_momentum=0.5; rank-0 local loss."
"DiLoCo (8xA100, NVLink)",9230,4.5367296,3.8274,0.00139,313.4,78.9,measured,out/prime-diloco/session_out/train.log,"K=8, H=500, outer_lr=0.7, outer_momentum=0.5; rank-0 local loss."
"DiLoCo (8xA100, NVLink)",9240,4.5416448,3.6786,0.00137,314.2,78.7,measured,out/prime-diloco/session_out/train.log,"K=8, H=500, outer_lr=0.7, outer_momentum=0.5; rank-0 local loss."
"DiLoCo (8xA100, NVLink)",9250,4.54656,3.7718,0.00135,314.3,78.7,measured,out/prime-diloco/session_out/train.log,"K=8, H=500, outer_lr=0.7, outer_momentum=0.5; rank-0 local loss."
"DiLoCo (8xA100, NVLink)",9260,4.5514752,3.8221,0.00133,313.7,78.9,measured,out/prime-diloco/session_out/train.log,"K=8, H=500, outer_lr=0.7, outer_momentum=0.5; rank-0 local loss."
"DiLoCo (8xA100, NVLink)",9270,4.5563904,3.7037,0.00131,312.3,79.2,measured,out/prime-diloco/session_out/train.log,"K=8, H=500, outer_lr=0.7, outer_momentum=0.5; rank-0 local loss."
"DiLoCo (8xA100, NVLink)",9280,4.5613056,3.8569,0.0013,315.2,78.5,measured,out/prime-diloco/session_out/train.log,"K=8, H=500, outer_lr=0.7, outer_momentum=0.5; rank-0 local loss."
"DiLoCo (8xA100, NVLink)",9290,4.5662208,4.1651,0.00128,314.7,78.6,measured,out/prime-diloco/session_out/train.log,"K=8, H=500, outer_lr=0.7, outer_momentum=0.5; rank-0 local loss."
"DiLoCo (8xA100, NVLink)",9300,4.571136,3.8402,0.00126,313.7,78.8,measured,out/prime-diloco/session_out/train.log,"K=8, H=500, outer_lr=0.7, outer_momentum=0.5; rank-0 local loss."
"DiLoCo (8xA100, NVLink)",9310,4.5760512,3.7253,0.00124,313.4,78.9,measured,out/prime-diloco/session_out/train.log,"K=8, H=500, outer_lr=0.7, outer_momentum=0.5; rank-0 local loss."
"DiLoCo (8xA100, NVLink)",9320,4.5809664,3.9261,0.00122,313.2,79.0,measured,out/prime-diloco/session_out/train.log,"K=8, H=500, outer_lr=0.7, outer_momentum=0.5; rank-0 local loss."
"DiLoCo (8xA100, NVLink)",9330,4.5858816,3.7301,0.00121,313.5,78.9,measured,out/prime-diloco/session_out/train.log,"K=8, H=500, outer_lr=0.7, outer_momentum=0.5; rank-0 local loss."
"DiLoCo (8xA100, NVLink)",9340,4.5907968,3.7363,0.00119,313.5,78.9,measured,out/prime-diloco/session_out/train.log,"K=8, H=500, outer_lr=0.7, outer_momentum=0.5; rank-0 local loss."
"DiLoCo (8xA100, NVLink)",9350,4.595712,3.7142,0.00117,313.9,78.8,measured,out/prime-diloco/session_out/train.log,"K=8, H=500, outer_lr=0.7, outer_momentum=0.5; rank-0 local loss."
"DiLoCo (8xA100, NVLink)",9360,4.6006272,3.7621,0.00115,314.4,78.7,measured,out/prime-diloco/session_out/train.log,"K=8, H=500, outer_lr=0.7, outer_momentum=0.5; rank-0 local loss."
"DiLoCo (8xA100, NVLink)",9370,4.6055424,3.7755,0.00113,313.1,79.0,measured,out/prime-diloco/session_out/train.log,"K=8, H=500, outer_lr=0.7, outer_momentum=0.5; rank-0 local loss."
"DiLoCo (8xA100, NVLink)",9380,4.6104576,3.7061,0.00112,313.8,78.8,measured,out/prime-diloco/session_out/train.log,"K=8, H=500, outer_lr=0.7, outer_momentum=0.5; rank-0 local loss."
"DiLoCo (8xA100, NVLink)",9390,4.6153728,3.7787,0.0011,313.8,78.8,measured,out/prime-diloco/session_out/train.log,"K=8, H=500, outer_lr=0.7, outer_momentum=0.5; rank-0 local loss."
"DiLoCo (8xA100, NVLink)",9400,4.620288,3.6281,0.00108,314.0,78.8,measured,out/prime-diloco/session_out/train.log,"K=8, H=500, outer_lr=0.7, outer_momentum=0.5; rank-0 local loss."
"DiLoCo (8xA100, NVLink)",9410,4.6252032,4.0609,0.00106,313.9,78.8,measured,out/prime-diloco/session_out/train.log,"K=8, H=500, outer_lr=0.7, outer_momentum=0.5; rank-0 local loss."
"DiLoCo (8xA100, NVLink)",9420,4.6301184,3.7629,0.00104,313.6,78.9,measured,out/prime-diloco/session_out/train.log,"K=8, H=500, outer_lr=0.7, outer_momentum=0.5; rank-0 local loss."
"DiLoCo (8xA100, NVLink)",9430,4.6350336,3.763,0.00103,313.7,78.9,measured,out/prime-diloco/session_out/train.log,"K=8, H=500, outer_lr=0.7, outer_momentum=0.5; rank-0 local loss."
"DiLoCo (8xA100, NVLink)",9440,4.6399488,4.0872,0.00101,314.1,78.8,measured,out/prime-diloco/session_out/train.log,"K=8, H=500, outer_lr=0.7, outer_momentum=0.5; rank-0 local loss."
"DiLoCo (8xA100, NVLink)",9450,4.644864,3.7521,0.00099,314.8,78.6,measured,out/prime-diloco/session_out/train.log,"K=8, H=500, outer_lr=0.7, outer_momentum=0.5; rank-0 local loss."
"DiLoCo (8xA100, NVLink)",9460,4.6497792,3.5529,0.000972,314.0,78.8,measured,out/prime-diloco/session_out/train.log,"K=8, H=500, outer_lr=0.7, outer_momentum=0.5; rank-0 local loss."
"DiLoCo (8xA100, NVLink)",9470,4.6546944,3.698,0.000954,313.5,78.9,measured,out/prime-diloco/session_out/train.log,"K=8, H=500, outer_lr=0.7, outer_momentum=0.5; rank-0 local loss."
"DiLoCo (8xA100, NVLink)",9480,4.6596096,3.6981,0.000936,312.9,79.1,measured,out/prime-diloco/session_out/train.log,"K=8, H=500, outer_lr=0.7, outer_momentum=0.5; rank-0 local loss."
"DiLoCo (8xA100, NVLink)",9490,4.6645248,3.4776,0.000918,313.4,78.9,measured,out/prime-diloco/session_out/train.log,"K=8, H=500, outer_lr=0.7, outer_momentum=0.5; rank-0 local loss."
"DiLoCo (8xA100, NVLink)",9500,4.66944,3.7187,0.0009,815.4,30.3,measured,out/prime-diloco/session_out/train.log,"K=8, H=500, outer_lr=0.7, outer_momentum=0.5; rank-0 local loss."
"DiLoCo (8xA100, NVLink)",9510,4.6743552,3.6102,0.000882,312.1,79.3,measured,out/prime-diloco/session_out/train.log,"K=8, H=500, outer_lr=0.7, outer_momentum=0.5; rank-0 local loss."
"DiLoCo (8xA100, NVLink)",9520,4.6792704,3.488,0.000864,312.6,79.1,measured,out/prime-diloco/session_out/train.log,"K=8, H=500, outer_lr=0.7, outer_momentum=0.5; rank-0 local loss."
"DiLoCo (8xA100, NVLink)",9530,4.6841856,3.7485,0.000846,312.7,79.1,measured,out/prime-diloco/session_out/train.log,"K=8, H=500, outer_lr=0.7, outer_momentum=0.5; rank-0 local loss."
"DiLoCo (8xA100, NVLink)",9540,4.6891008,3.5492,0.000828,313.8,78.8,measured,out/prime-diloco/session_out/train.log,"K=8, H=500, outer_lr=0.7, outer_momentum=0.5; rank-0 local loss."
"DiLoCo (8xA100, NVLink)",9550,4.694016,3.6432,0.00081,314.3,78.7,measured,out/prime-diloco/session_out/train.log,"K=8, H=500, outer_lr=0.7, outer_momentum=0.5; rank-0 local loss."
"DiLoCo (8xA100, NVLink)",9560,4.6989312,3.5625,0.000792,314.1,78.8,measured,out/prime-diloco/session_out/train.log,"K=8, H=500, outer_lr=0.7, outer_momentum=0.5; rank-0 local loss."
"DiLoCo (8xA100, NVLink)",9570,4.7038464,3.4958,0.000774,314.6,78.6,measured,out/prime-diloco/session_out/train.log,"K=8, H=500, outer_lr=0.7, outer_momentum=0.5; rank-0 local loss."
"DiLoCo (8xA100, NVLink)",9580,4.7087616,3.643,0.000756,313.4,78.9,measured,out/prime-diloco/session_out/train.log,"K=8, H=500, outer_lr=0.7, outer_momentum=0.5; rank-0 local loss."
"DiLoCo (8xA100, NVLink)",9590,4.7136768,3.6601,0.000738,313.3,79.0,measured,out/prime-diloco/session_out/train.log,"K=8, H=500, outer_lr=0.7, outer_momentum=0.5; rank-0 local loss."
"DiLoCo (8xA100, NVLink)",9600,4.718592,3.5411,0.00072,315.0,78.5,measured,out/prime-diloco/session_out/train.log,"K=8, H=500, outer_lr=0.7, outer_momentum=0.5; rank-0 local loss."
"DiLoCo (8xA100, NVLink)",9610,4.7235072,3.654,0.000702,314.5,78.6,measured,out/prime-diloco/session_out/train.log,"K=8, H=500, outer_lr=0.7, outer_momentum=0.5; rank-0 local loss."
"DiLoCo (8xA100, NVLink)",9620,4.7284224,3.6133,0.000684,313.1,79.0,measured,out/prime-diloco/session_out/train.log,"K=8, H=500, outer_lr=0.7, outer_momentum=0.5; rank-0 local loss."
"DiLoCo (8xA100, NVLink)",9630,4.7333376,3.6327,0.000666,314.0,78.8,measured,out/prime-diloco/session_out/train.log,"K=8, H=500, outer_lr=0.7, outer_momentum=0.5; rank-0 local loss."
"DiLoCo (8xA100, NVLink)",9640,4.7382528,3.5603,0.000648,315.8,78.3,measured,out/prime-diloco/session_out/train.log,"K=8, H=500, outer_lr=0.7, outer_momentum=0.5; rank-0 local loss."
"DiLoCo (8xA100, NVLink)",9650,4.743168,3.7143,0.00063,315.0,78.5,measured,out/prime-diloco/session_out/train.log,"K=8, H=500, outer_lr=0.7, outer_momentum=0.5; rank-0 local loss."
"DiLoCo (8xA100, NVLink)",9660,4.7480832,3.5163,0.000612,313.9,78.8,measured,out/prime-diloco/session_out/train.log,"K=8, H=500, outer_lr=0.7, outer_momentum=0.5; rank-0 local loss."
"DiLoCo (8xA100, NVLink)",9670,4.7529984,3.5941,0.000594,314.2,78.7,measured,out/prime-diloco/session_out/train.log,"K=8, H=500, outer_lr=0.7, outer_momentum=0.5; rank-0 local loss."
"DiLoCo (8xA100, NVLink)",9680,4.7579136,3.6264,0.000576,314.6,78.6,measured,out/prime-diloco/session_out/train.log,"K=8, H=500, outer_lr=0.7, outer_momentum=0.5; rank-0 local loss."
"DiLoCo (8xA100, NVLink)",9690,4.7628288,3.6213,0.000558,313.8,78.8,measured,out/prime-diloco/session_out/train.log,"K=8, H=500, outer_lr=0.7, outer_momentum=0.5; rank-0 local loss."
"DiLoCo (8xA100, NVLink)",9700,4.767744,3.6731,0.00054,314.2,78.7,measured,out/prime-diloco/session_out/train.log,"K=8, H=500, outer_lr=0.7, outer_momentum=0.5; rank-0 local loss."
"DiLoCo (8xA100, NVLink)",9710,4.7726592,3.5573,0.000522,313.3,78.9,measured,out/prime-diloco/session_out/train.log,"K=8, H=500, outer_lr=0.7, outer_momentum=0.5; rank-0 local loss."
"DiLoCo (8xA100, NVLink)",9720,4.7775744,3.6771,0.000504,312.7,79.1,measured,out/prime-diloco/session_out/train.log,"K=8, H=500, outer_lr=0.7, outer_momentum=0.5; rank-0 local loss."
"DiLoCo (8xA100, NVLink)",9730,4.7824896,3.5866,0.000486,313.9,78.8,measured,out/prime-diloco/session_out/train.log,"K=8, H=500, outer_lr=0.7, outer_momentum=0.5; rank-0 local loss."
"DiLoCo (8xA100, NVLink)",9740,4.7874048,3.6433,0.000468,313.6,78.9,measured,out/prime-diloco/session_out/train.log,"K=8, H=500, outer_lr=0.7, outer_momentum=0.5; rank-0 local loss."
"DiLoCo (8xA100, NVLink)",9750,4.79232,3.671,0.00045,314.7,78.6,measured,out/prime-diloco/session_out/train.log,"K=8, H=500, outer_lr=0.7, outer_momentum=0.5; rank-0 local loss."
"DiLoCo (8xA100, NVLink)",9760,4.7972352,3.4884,0.000432,313.5,78.9,measured,out/prime-diloco/session_out/train.log,"K=8, H=500, outer_lr=0.7, outer_momentum=0.5; rank-0 local loss."
"DiLoCo (8xA100, NVLink)",9770,4.8021504,3.6319,0.000414,313.4,78.9,measured,out/prime-diloco/session_out/train.log,"K=8, H=500, outer_lr=0.7, outer_momentum=0.5; rank-0 local loss."
"DiLoCo (8xA100, NVLink)",9780,4.8070656,3.4723,0.000396,313.8,78.8,measured,out/prime-diloco/session_out/train.log,"K=8, H=500, outer_lr=0.7, outer_momentum=0.5; rank-0 local loss."
"DiLoCo (8xA100, NVLink)",9790,4.8119808,3.6075,0.000378,313.0,79.0,measured,out/prime-diloco/session_out/train.log,"K=8, H=500, outer_lr=0.7, outer_momentum=0.5; rank-0 local loss."
"DiLoCo (8xA100, NVLink)",9800,4.816896,3.6106,0.00036,313.7,78.9,measured,out/prime-diloco/session_out/train.log,"K=8, H=500, outer_lr=0.7, outer_momentum=0.5; rank-0 local loss."
"DiLoCo (8xA100, NVLink)",9810,4.8218112,3.6405,0.000342,314.5,78.7,measured,out/prime-diloco/session_out/train.log,"K=8, H=500, outer_lr=0.7, outer_momentum=0.5; rank-0 local loss."
"DiLoCo (8xA100, NVLink)",9820,4.8267264,3.6201,0.000324,313.4,78.9,measured,out/prime-diloco/session_out/train.log,"K=8, H=500, outer_lr=0.7, outer_momentum=0.5; rank-0 local loss."
"DiLoCo (8xA100, NVLink)",9830,4.8316416,3.6733,0.000306,314.0,78.8,measured,out/prime-diloco/session_out/train.log,"K=8, H=500, outer_lr=0.7, outer_momentum=0.5; rank-0 local loss."
"DiLoCo (8xA100, NVLink)",9840,4.8365568,3.4313,0.000288,320.3,77.2,measured,out/prime-diloco/session_out/train.log,"K=8, H=500, outer_lr=0.7, outer_momentum=0.5; rank-0 local loss."
"DiLoCo (8xA100, NVLink)",9850,4.841472,3.6311,0.00027,312.7,79.1,measured,out/prime-diloco/session_out/train.log,"K=8, H=500, outer_lr=0.7, outer_momentum=0.5; rank-0 local loss."
"DiLoCo (8xA100, NVLink)",9860,4.8463872,3.6937,0.000252,313.5,78.9,measured,out/prime-diloco/session_out/train.log,"K=8, H=500, outer_lr=0.7, outer_momentum=0.5; rank-0 local loss."
"DiLoCo (8xA100, NVLink)",9870,4.8513024,3.5573,0.000234,313.9,78.8,measured,out/prime-diloco/session_out/train.log,"K=8, H=500, outer_lr=0.7, outer_momentum=0.5; rank-0 local loss."
"DiLoCo (8xA100, NVLink)",9880,4.8562176,3.5954,0.000216,314.1,78.8,measured,out/prime-diloco/session_out/train.log,"K=8, H=500, outer_lr=0.7, outer_momentum=0.5; rank-0 local loss."
"DiLoCo (8xA100, NVLink)",9890,4.8611328,3.616,0.000198,313.9,78.8,measured,out/prime-diloco/session_out/train.log,"K=8, H=500, outer_lr=0.7, outer_momentum=0.5; rank-0 local loss."
"DiLoCo (8xA100, NVLink)",9900,4.866048,3.7618,0.00018,313.4,78.9,measured,out/prime-diloco/session_out/train.log,"K=8, H=500, outer_lr=0.7, outer_momentum=0.5; rank-0 local loss."
"DiLoCo (8xA100, NVLink)",9910,4.8709632,3.6456,0.000162,313.3,78.9,measured,out/prime-diloco/session_out/train.log,"K=8, H=500, outer_lr=0.7, outer_momentum=0.5; rank-0 local loss."
"DiLoCo (8xA100, NVLink)",9920,4.8758784,3.4903,0.000144,314.1,78.7,measured,out/prime-diloco/session_out/train.log,"K=8, H=500, outer_lr=0.7, outer_momentum=0.5; rank-0 local loss."
"DiLoCo (8xA100, NVLink)",9930,4.8807936,3.471,0.000126,313.7,78.8,measured,out/prime-diloco/session_out/train.log,"K=8, H=500, outer_lr=0.7, outer_momentum=0.5; rank-0 local loss."
"DiLoCo (8xA100, NVLink)",9940,4.8857088,3.548,0.000108,313.6,78.9,measured,out/prime-diloco/session_out/train.log,"K=8, H=500, outer_lr=0.7, outer_momentum=0.5; rank-0 local loss."
"DiLoCo (8xA100, NVLink)",9950,4.890624,3.6119,9e-05,314.4,78.7,measured,out/prime-diloco/session_out/train.log,"K=8, H=500, outer_lr=0.7, outer_momentum=0.5; rank-0 local loss."
"DiLoCo (8xA100, NVLink)",9960,4.8955392,3.9003,7.2e-05,313.3,78.9,measured,out/prime-diloco/session_out/train.log,"K=8, H=500, outer_lr=0.7, outer_momentum=0.5; rank-0 local loss."
"DiLoCo (8xA100, NVLink)",9970,4.9004544,3.523,5.4e-05,315.2,78.5,measured,out/prime-diloco/session_out/train.log,"K=8, H=500, outer_lr=0.7, outer_momentum=0.5; rank-0 local loss."
"DiLoCo (8xA100, NVLink)",9980,4.9053696,3.515,3.6e-05,314.6,78.6,measured,out/prime-diloco/session_out/train.log,"K=8, H=500, outer_lr=0.7, outer_momentum=0.5; rank-0 local loss."
"DiLoCo (8xA100, NVLink)",9990,4.9102848,3.5555,1.8e-05,313.8,78.8,measured,out/prime-diloco/session_out/train.log,"K=8, H=500, outer_lr=0.7, outer_momentum=0.5; rank-0 local loss."
"DiLoCo (8xA100, NVLink)",9999,4.91470848,3.4514,1.8e-06,367.0,67.4,measured,out/prime-diloco/session_out/train.log,"K=8, H=500, outer_lr=0.7, outer_momentum=0.5; rank-0 local loss."
